baseline_id,guide_code,title,profile_level,procedure_role,photo_matchability,primary_rank,wp_id,profile_wp_title,source_wp_title,source_wp_section,base_ttl_owners,status
ci_unrelated_action_filter1,A-1-2018,"구리에대한작업환경측정,분석기술지침",exclusive,measurement_analysis,photo_unmatchable,1,WP-A1-03,검량선 작성 및 정도관리,검량선 작성 및 정도관리,III,A-1-2018,present_in_base_ttl_same_guide
ci_unrelated_action_filter1,A-1-2018,"구리에대한작업환경측정,분석기술지침",exclusive,measurement_analysis,photo_unmatchable,2,WP-A1-04,원자흡광광도계 분석,원자흡광광도계 분석,III,A-1-2018,present_in_base_ttl_same_guide
ci_unrelated_action_filter1,A-1-2018,"구리에대한작업환경측정,분석기술지침",exclusive,measurement_analysis,photo_unmatchable,3,WP-A1-01,시료채취,시료채취,I,A-1-2018,present_in_base_ttl_same_guide
ci_unrelated_action_filter1,A-1-2018,"구리에대한작업환경측정,분석기술지침",exclusive,measurement_analysis,photo_unmatchable,4,WP-A1-02,시료 전처리,시료 전처리,II,A-1-2018,present_in_base_ttl_same_guide
ci_unrelated_action_filter1,A-10-2018,"알루미늄에대한작업환경측정,분석기술지침",exclusive,measurement_analysis,photo_unmatchable,1,WP-A10-03,검량선 작성 및 정도관리,검량선 작성 및 정도관리,10,A-10-2018,present_in_base_ttl_same_guide
ci_unrelated_action_filter1,A-10-2018,"알루미늄에대한작업환경측정,분석기술지침",exclusive,measurement_analysis,photo_unmatchable,2,WP-A10-04,기기 분석(원자흡광광도계 측정),기기 분석(원자흡광광도계 측정),10,A-10-2018,present_in_base_ttl_same_guide
ci_unrelated_action_filter1,A-10-2018,"알루미늄에대한작업환경측정,분석기술지침",exclusive,measurement_analysis,photo_unmatchable,3,WP-A10-01,시료채취,시료채취,8,A-10-2018,present_in_base_ttl_same_guide
ci_unrelated_action_filter1,A-10-2018,"알루미늄에대한작업환경측정,분석기술지침",exclusive,measurement_analysis,photo_unmatchable,4,WP-A10-02,시료 전처리(산 회화),시료 전처리(산 회화),9,A-10-2018,present_in_base_ttl_same_guide
ci_unrelated_action_filter1,A-100-2018,"디메틸아닐린에 대한 작업환경측정,분석 기술지침_개정",exclusive,measurement_analysis,photo_unmatchable,1,WP-A100-04,검량선 작성 및 정도관리,검량선 작성 및 정도관리,6-III,A-100-2018,present_in_base_ttl_same_guide
ci_unrelated_action_filter1,A-100-2018,"디메틸아닐린에 대한 작업환경측정,분석 기술지침_개정",exclusive,measurement_analysis,photo_unmatchable,2,WP-A100-01,시료채취 준비,시료채취 준비,6-I,A-100-2018,present_in_base_ttl_same_guide
ci_unrelated_action_filter1,A-100-2018,"디메틸아닐린에 대한 작업환경측정,분석 기술지침_개정",exclusive,measurement_analysis,photo_unmatchable,3,WP-A100-02,시료채취(공기포집),시료채취(공기포집),6-I,A-100-2018,present_in_base_ttl_same_guide
ci_unrelated_action_filter1,A-100-2018,"디메틸아닐린에 대한 작업환경측정,분석 기술지침_개정",exclusive,measurement_analysis,photo_unmatchable,4,WP-A100-03,시료 전처리(탈착),시료 전처리(탈착),6-II,A-100-2018,present_in_base_ttl_same_guide
ci_unrelated_action_filter1,A-100-2018,"디메틸아닐린에 대한 작업환경측정,분석 기술지침_개정",exclusive,measurement_analysis,photo_unmatchable,5,WP-A100-05,기기분석(GC-FID),기기분석(GC-FID),6-III,A-100-2018,present_in_base_ttl_same_guide
ci_unrelated_action_filter1,A-101-2018,"테트라하이드로퓨란에 대한 작업환경측정,분석 기술지침_개정",exclusive,measurement_analysis,photo_unmatchable,1,WP-A101-03,검량선 작성 및 정도관리,검량선 작성 및 정도관리,6-III,A-101-2018,present_in_base_ttl_same_guide
ci_unrelated_action_filter1,A-101-2018,"테트라하이드로퓨란에 대한 작업환경측정,분석 기술지침_개정",exclusive,measurement_analysis,photo_unmatchable,2,WP-A101-01,시료채취,시료채취,6-I,A-101-2018,present_in_base_ttl_same_guide
ci_unrelated_action_filter1,A-101-2018,"테트라하이드로퓨란에 대한 작업환경측정,분석 기술지침_개정",exclusive,measurement_analysis,photo_unmatchable,3,WP-A101-02,시료 전처리,시료 전처리,6-II,A-101-2018,present_in_base_ttl_same_guide
ci_unrelated_action_filter1,A-101-2018,"테트라하이드로퓨란에 대한 작업환경측정,분석 기술지침_개정",exclusive,measurement_analysis,photo_unmatchable,4,WP-A101-04,기기분석,기기분석,6-III,A-101-2018,present_in_base_ttl_same_guide
ci_unrelated_action_filter1,A-102-2018,"황산디메틸에 대한 작업환경측정,분석 기술지침_개정",exclusive,measurement_analysis,photo_unmatchable,1,WP-A102-02,시료채취,시료채취,6-I,A-102-2018,present_in_base_ttl_same_guide
ci_unrelated_action_filter1,A-102-2018,"황산디메틸에 대한 작업환경측정,분석 기술지침_개정",exclusive,measurement_analysis,photo_unmatchable,2,WP-A102-01,시료채취 준비,시료채취 준비,6-I,A-102-2018,present_in_base_ttl_same_guide
ci_unrelated_action_filter1,A-102-2018,"황산디메틸에 대한 작업환경측정,분석 기술지침_개정",exclusive,measurement_analysis,photo_unmatchable,3,WP-A102-04,검량선 작성 및 정도관리,검량선 작성 및 정도관리,6-III,A-102-2018,present_in_base_ttl_same_guide
ci_unrelated_action_filter1,A-102-2018,"황산디메틸에 대한 작업환경측정,분석 기술지침_개정",exclusive,measurement_analysis,photo_unmatchable,4,WP-A102-03,시료 전처리(탈착),시료 전처리(탈착),6-II,A-102-2018,present_in_base_ttl_same_guide
ci_unrelated_action_filter1,A-102-2018,"황산디메틸에 대한 작업환경측정,분석 기술지침_개정",exclusive,measurement_analysis,photo_unmatchable,5,WP-A102-05,탈착효율 검정,탈착효율 검정,6-III,A-102-2018,present_in_base_ttl_same_guide
ci_unrelated_action_filter1,A-102-2018,"황산디메틸에 대한 작업환경측정,분석 기술지침_개정",exclusive,measurement_analysis,photo_unmatchable,6,WP-A102-06,GC 기기분석,GC 기기분석,6-III,A-102-2018,present_in_base_ttl_same_guide
ci_unrelated_action_filter1,A-103-2018,요오드화메틸에 대한 작업환경측정·분석 기술지침,exclusive,measurement_analysis,photo_unmatchable,1,WP-A103-01,시료채취 준비 및 펌프 보정,시료채취 준비 및 펌프 보정,6,A-103-2018,present_in_base_ttl_same_guide
ci_unrelated_action_filter1,A-103-2018,요오드화메틸에 대한 작업환경측정·분석 기술지침,exclusive,measurement_analysis,photo_unmatchable,2,WP-A103-02,시료채취,시료채취,6,A-103-2018,present_in_base_ttl_same_guide
ci_unrelated_action_filter1,A-103-2018,요오드화메틸에 대한 작업환경측정·분석 기술지침,exclusive,measurement_analysis,photo_unmatchable,3,WP-A103-04,검량선 작성 및 정도관리,검량선 작성 및 정도관리,6,A-103-2018,present_in_base_ttl_same_guide
ci_unrelated_action_filter1,A-103-2018,요오드화메틸에 대한 작업환경측정·분석 기술지침,exclusive,measurement_analysis,photo_unmatchable,4,WP-A103-03,시료 전처리,시료 전처리,6,A-103-2018,present_in_base_ttl_same_guide
ci_unrelated_action_filter1,A-103-2018,요오드화메틸에 대한 작업환경측정·분석 기술지침,exclusive,measurement_analysis,photo_unmatchable,5,WP-A103-05,탈착효율 검정,탈착효율 검정,6,A-103-2018,present_in_base_ttl_same_guide
ci_unrelated_action_filter1,A-103-2018,요오드화메틸에 대한 작업환경측정·분석 기술지침,exclusive,measurement_analysis,photo_unmatchable,6,WP-A103-06,기기분석 (GC/FID),기기분석 (GC/FID),6,A-103-2018,present_in_base_ttl_same_guide
ci_unrelated_action_filter1,A-104-2018,메틸에틸케톤에 대한 작업환경측정·분석 기술지침,exclusive,measurement_analysis,photo_unmatchable,1,WP-A104-01,시료채취 준비 및 펌프 보정,시료채취 준비 및 펌프 보정,6-I,A-104-2018,present_in_base_ttl_same_guide
ci_unrelated_action_filter1,A-104-2018,메틸에틸케톤에 대한 작업환경측정·분석 기술지침,exclusive,measurement_analysis,photo_unmatchable,2,WP-A104-02,시료채취,시료채취,6-I,A-104-2018,present_in_base_ttl_same_guide
ci_unrelated_action_filter1,A-104-2018,메틸에틸케톤에 대한 작업환경측정·분석 기술지침,exclusive,measurement_analysis,photo_unmatchable,3,WP-A104-04,검량선 작성 및 정도관리,검량선 작성 및 정도관리,6-III,A-104-2018,present_in_base_ttl_same_guide
ci_unrelated_action_filter1,A-104-2018,메틸에틸케톤에 대한 작업환경측정·분석 기술지침,exclusive,measurement_analysis,photo_unmatchable,4,WP-A104-05,탈착효율 검정,탈착효율 검정,6-III,A-104-2018,present_in_base_ttl_same_guide
ci_unrelated_action_filter1,A-104-2018,메틸에틸케톤에 대한 작업환경측정·분석 기술지침,exclusive,measurement_analysis,photo_unmatchable,5,WP-A104-06,기기분석(가스크로마토그래프),기기분석(가스크로마토그래프),6-III,A-104-2018,present_in_base_ttl_same_guide
ci_unrelated_action_filter1,A-104-2018,메틸에틸케톤에 대한 작업환경측정·분석 기술지침,exclusive,measurement_analysis,photo_unmatchable,6,WP-A104-03,시료 전처리(탈착),시료 전처리(탈착),6-II,A-104-2018,present_in_base_ttl_same_guide
ci_unrelated_action_filter1,A-105-2018,디이소부틸케톤에 대한 작업환경측정·분석 기술지침,exclusive,measurement_analysis,photo_unmatchable,1,WP-A105-01,시료채취,시료채취,6.I,A-105-2018,present_in_base_ttl_same_guide
ci_unrelated_action_filter1,A-105-2018,디이소부틸케톤에 대한 작업환경측정·분석 기술지침,exclusive,measurement_analysis,photo_unmatchable,2,WP-A105-03,검량선 작성 및 탈착효율 검정,검량선 작성 및 탈착효율 검정,6.III,A-105-2018,present_in_base_ttl_same_guide
ci_unrelated_action_filter1,A-106-2018,메틸 n-부틸케톤에 대한 작업환경측정·분석 기술지침,exclusive,measurement_analysis,photo_unmatchable,1,WP-A106-01,시료채취 기구 선택 및 준비,시료채취 기구 선택 및 준비,5,A-106-2018,present_in_base_ttl_same_guide
ci_unrelated_action_filter1,A-106-2018,메틸 n-부틸케톤에 대한 작업환경측정·분석 기술지침,exclusive,measurement_analysis,photo_unmatchable,2,WP-A106-02,시료채취,시료채취,6.I,A-106-2018,present_in_base_ttl_same_guide
ci_unrelated_action_filter1,A-106-2018,메틸 n-부틸케톤에 대한 작업환경측정·분석 기술지침,exclusive,measurement_analysis,photo_unmatchable,3,WP-A106-04,검량선 작성 및 탈착효율 검정,검량선 작성 및 탈착효율 검정,6.III,A-106-2018,present_in_base_ttl_same_guide
ci_unrelated_action_filter1,A-106-2018,메틸 n-부틸케톤에 대한 작업환경측정·분석 기술지침,exclusive,measurement_analysis,photo_unmatchable,4,WP-A106-05,기기분석 (GC/FID),기기분석 (GC/FID),6.III,A-106-2018,present_in_base_ttl_same_guide
ci_unrelated_action_filter1,A-107-2018,메틸 n-아밀케톤에 대한 작업환경측정·분석 기술지침,exclusive,measurement_analysis,photo_unmatchable,1,WP-A107-01,시료채취,시료채취,I,A-107-2018,present_in_base_ttl_same_guide
ci_unrelated_action_filter1,A-107-2018,메틸 n-아밀케톤에 대한 작업환경측정·분석 기술지침,exclusive,measurement_analysis,photo_unmatchable,2,WP-A107-03,검량선 작성 및 탈착효율 검정,검량선 작성 및 탈착효율 검정,III,A-107-2018,present_in_base_ttl_same_guide
ci_unrelated_action_filter1,A-107-2018,메틸 n-아밀케톤에 대한 작업환경측정·분석 기술지침,exclusive,measurement_analysis,photo_unmatchable,3,WP-A107-04,기기분석 (GC/FID),기기분석 (GC/FID),III-instrument,A-107-2018,present_in_base_ttl_same_guide
ci_unrelated_action_filter1,A-108-2018,메틸이소부틸케톤에 대한 작업환경측정·분석 기술지침,exclusive,measurement_analysis,photo_unmatchable,1,WP-A108-01,시료채취 준비,시료채취 준비,6-I,A-108-2018,present_in_base_ttl_same_guide
ci_unrelated_action_filter1,A-108-2018,메틸이소부틸케톤에 대한 작업환경측정·분석 기술지침,exclusive,measurement_analysis,photo_unmatchable,2,WP-A108-02,시료채취,시료채취,6-I,A-108-2018,present_in_base_ttl_same_guide
ci_unrelated_action_filter1,A-108-2018,메틸이소부틸케톤에 대한 작업환경측정·분석 기술지침,exclusive,measurement_analysis,photo_unmatchable,3,WP-A108-03,시료 전처리(탈착),시료 전처리(탈착),6-II,A-108-2018,present_in_base_ttl_same_guide
ci_unrelated_action_filter1,A-108-2018,메틸이소부틸케톤에 대한 작업환경측정·분석 기술지침,exclusive,measurement_analysis,photo_unmatchable,4,WP-A108-04,검량선 작성 및 탈착효율 검정,검량선 작성 및 탈착효율 검정,6-III,A-108-2018,present_in_base_ttl_same_guide
ci_unrelated_action_filter1,A-108-2018,메틸이소부틸케톤에 대한 작업환경측정·분석 기술지침,exclusive,measurement_analysis,photo_unmatchable,5,WP-A108-05,기기분석(가스크로마토그래프),기기분석(가스크로마토그래프),6-III,A-108-2018,present_in_base_ttl_same_guide
ci_unrelated_action_filter1,A-11-2018,은에 대한 작업환경측정·분석 기술지침,exclusive,measurement_analysis,photo_unmatchable,1,WP-A11-03,검량선 작성 및 정도관리,검량선 작성 및 정도관리,III,A-11-2018,present_in_base_ttl_same_guide
ci_unrelated_action_filter1,A-11-2018,은에 대한 작업환경측정·분석 기술지침,exclusive,measurement_analysis,photo_unmatchable,2,WP-A11-04,기기 분석,기기 분석,III,A-11-2018,present_in_base_ttl_same_guide
ci_unrelated_action_filter1,A-11-2018,은에 대한 작업환경측정·분석 기술지침,exclusive,measurement_analysis,photo_unmatchable,3,WP-A11-01,시료채취,시료채취,I,A-11-2018,present_in_base_ttl_same_guide
ci_unrelated_action_filter1,A-11-2018,은에 대한 작업환경측정·분석 기술지침,exclusive,measurement_analysis,photo_unmatchable,4,WP-A11-02,시료 전처리,시료 전처리,II,A-11-2018,present_in_base_ttl_same_guide
ci_unrelated_action_filter1,A-110-2018,아세톤에 대한 작업환경측정·분석 기술지침_개정,exclusive,measurement_analysis,photo_unmatchable,1,WP-A110-05,GC/FID 분석,GC/FID 분석,6.III,A-110-2018,present_in_base_ttl_same_guide
ci_unrelated_action_filter1,A-110-2018,아세톤에 대한 작업환경측정·분석 기술지침_개정,exclusive,measurement_analysis,photo_unmatchable,2,WP-A110-01,시료채취 준비 및 펌프 보정,시료채취 준비 및 펌프 보정,6.I,A-110-2018,present_in_base_ttl_same_guide
ci_unrelated_action_filter1,A-110-2018,아세톤에 대한 작업환경측정·분석 기술지침_개정,exclusive,measurement_analysis,photo_unmatchable,3,WP-A110-02,시료채취,시료채취,6.I,A-110-2018,present_in_base_ttl_same_guide
ci_unrelated_action_filter1,A-110-2018,아세톤에 대한 작업환경측정·분석 기술지침_개정,exclusive,measurement_analysis,photo_unmatchable,4,WP-A110-04,검량선 작성 및 탈착효율 검정,검량선 작성 및 탈착효율 검정,6.III,A-110-2018,present_in_base_ttl_same_guide
ci_unrelated_action_filter1,A-111-2018,비닐아세테이트에 대한 작업환경측정·분석 기술지침,exclusive,measurement_analysis,photo_unmatchable,1,WP-A111-03,검량선 작성 및 정도관리,검량선 작성 및 정도관리,III,A-111-2018,present_in_base_ttl_same_guide
ci_unrelated_action_filter1,A-111-2018,비닐아세테이트에 대한 작업환경측정·분석 기술지침,exclusive,measurement_analysis,photo_unmatchable,2,WP-A111-01,시료채취,시료채취,I,A-111-2018,present_in_base_ttl_same_guide
ci_unrelated_action_filter1,A-111-2018,비닐아세테이트에 대한 작업환경측정·분석 기술지침,exclusive,measurement_analysis,photo_unmatchable,3,WP-A111-04,기기분석(GC/FID),기기분석(GC/FID),III,A-111-2018,present_in_base_ttl_same_guide
ci_unrelated_action_filter1,A-112-2018,스토다드솔벤트에 대한 작업환경측정·분석 기술지침,exclusive,measurement_analysis,photo_unmatchable,1,WP-A112-03,검량선 작성 및 정도관리,검량선 작성 및 정도관리,III,A-112-2018,present_in_base_ttl_same_guide
ci_unrelated_action_filter1,A-112-2018,스토다드솔벤트에 대한 작업환경측정·분석 기술지침,exclusive,measurement_analysis,photo_unmatchable,2,WP-A112-01,시료채취,시료채취,I,A-112-2018,present_in_base_ttl_same_guide
ci_unrelated_action_filter1,A-112-2018,스토다드솔벤트에 대한 작업환경측정·분석 기술지침,exclusive,measurement_analysis,photo_unmatchable,3,WP-A112-04,GC/FID 기기 분석,GC/FID 기기 분석,III,A-112-2018,present_in_base_ttl_same_guide
ci_unrelated_action_filter1,A-113-2018,아세토니트릴에 대한 작업환경측정·분석 기술지침,exclusive,measurement_analysis,photo_unmatchable,1,WP-A113-01,시료채취 준비 및 펌프 보정,시료채취 준비 및 펌프 보정,I,A-113-2018,present_in_base_ttl_same_guide
ci_unrelated_action_filter1,A-113-2018,아세토니트릴에 대한 작업환경측정·분석 기술지침,exclusive,measurement_analysis,photo_unmatchable,2,WP-A113-02,시료채취,시료채취,I,A-113-2018,present_in_base_ttl_same_guide
ci_unrelated_action_filter1,A-113-2018,아세토니트릴에 대한 작업환경측정·분석 기술지침,exclusive,measurement_analysis,photo_unmatchable,3,WP-A113-04,검량선 작성 및 탈착효율 검정,검량선 작성 및 탈착효율 검정,III,A-113-2018,present_in_base_ttl_same_guide
ci_unrelated_action_filter1,A-113-2018,아세토니트릴에 대한 작업환경측정·분석 기술지침,exclusive,measurement_analysis,photo_unmatchable,4,WP-A113-05,GC/FID 기기 분석,GC/FID 기기 분석,III,A-113-2018,present_in_base_ttl_same_guide
ci_unrelated_action_filter1,A-115-2018,"N,N-디메틸아세트아미드에_대한 작업환경측정·분석 기술지침",exclusive,measurement_analysis,photo_unmatchable,1,WP-A115-04,검량선 작성 및 탈착효율 검정,검량선 작성 및 탈착효율 검정,method-III,A-115-2018,present_in_base_ttl_same_guide
ci_unrelated_action_filter1,A-115-2018,"N,N-디메틸아세트아미드에_대한 작업환경측정·분석 기술지침",exclusive,measurement_analysis,photo_unmatchable,2,WP-A115-05,GC/FID 분석,GC/FID 분석,method-III,A-115-2018,present_in_base_ttl_same_guide
ci_unrelated_action_filter1,A-115-2018,"N,N-디메틸아세트아미드에_대한 작업환경측정·분석 기술지침",exclusive,measurement_analysis,photo_unmatchable,3,WP-A115-01,시료채취 준비,시료채취 준비,method-I,A-115-2018,present_in_base_ttl_same_guide
ci_unrelated_action_filter1,A-115-2018,"N,N-디메틸아세트아미드에_대한 작업환경측정·분석 기술지침",exclusive,measurement_analysis,photo_unmatchable,4,WP-A115-02,시료채취,시료채취,method-I,A-115-2018,present_in_base_ttl_same_guide
ci_unrelated_action_filter1,A-116-2018,"1,4_디옥산에_대한 작업환경측정·분석 기술지침",exclusive,measurement_analysis,photo_unmatchable,1,WP-A116-04,검량선 작성 및 정도관리,검량선 작성 및 정도관리,6.III,A-116-2018,present_in_base_ttl_same_guide
ci_unrelated_action_filter1,A-116-2018,"1,4_디옥산에_대한 작업환경측정·분석 기술지침",exclusive,measurement_analysis,photo_unmatchable,2,WP-A116-01,시료채취 준비 및 펌프 보정,시료채취 준비 및 펌프 보정,6.I,A-116-2018,present_in_base_ttl_same_guide
ci_unrelated_action_filter1,A-116-2018,"1,4_디옥산에_대한 작업환경측정·분석 기술지침",exclusive,measurement_analysis,photo_unmatchable,3,WP-A116-02,시료채취,시료채취,6.I,A-116-2018,present_in_base_ttl_same_guide
ci_unrelated_action_filter1,A-116-2018,"1,4_디옥산에_대한 작업환경측정·분석 기술지침",exclusive,measurement_analysis,photo_unmatchable,4,WP-A116-03,시료 전처리(탈착),시료 전처리(탈착),6.II,A-116-2018,present_in_base_ttl_same_guide
ci_unrelated_action_filter1,A-118-2018,에틸렌글리콜모노메틸에테르에 대한 작업환경측정·분석 기술지침,exclusive,measurement_analysis,photo_unmatchable,1,WP-A118-03,검량선 작성 및 정도관리,검량선 작성 및 정도관리,6.3,A-118-2018,present_in_base_ttl_same_guide
ci_unrelated_action_filter1,A-118-2018,에틸렌글리콜모노메틸에테르에 대한 작업환경측정·분석 기술지침,exclusive,measurement_analysis,photo_unmatchable,2,WP-A118-01,시료채취,시료채취,6.1,A-118-2018,present_in_base_ttl_same_guide
ci_unrelated_action_filter1,A-118-2018,에틸렌글리콜모노메틸에테르에 대한 작업환경측정·분석 기술지침,exclusive,measurement_analysis,photo_unmatchable,3,WP-A118-04,GC/FID 기기 분석,GC/FID 기기 분석,6.3,A-118-2018,present_in_base_ttl_same_guide
ci_unrelated_action_filter1,A-119-2018,에틸렌글리콜모노부틸에테르에 대한 작업환경측정·분석 기술지침,exclusive,measurement_analysis,photo_unmatchable,1,WP-A119-03,검량선 작성 및 탈착효율 검정,검량선 작성 및 탈착효율 검정,9,A-119-2018,present_in_base_ttl_same_guide
ci_unrelated_action_filter1,A-119-2018,에틸렌글리콜모노부틸에테르에 대한 작업환경측정·분석 기술지침,exclusive,measurement_analysis,photo_unmatchable,2,WP-A119-01,시료채취,시료채취,7,A-119-2018,present_in_base_ttl_same_guide
ci_unrelated_action_filter1,A-12-2018,주석에 대한 작업환경측정·분석 기술지침,exclusive,measurement_analysis,photo_unmatchable,1,WP-A12-01,시료채취,시료채취,6-I,A-12-2018,present_in_base_ttl_same_guide
ci_unrelated_action_filter1,A-12-2018,주석에 대한 작업환경측정·분석 기술지침,exclusive,measurement_analysis,photo_unmatchable,2,WP-A12-02,시료 전처리,시료 전처리,6-II,A-12-2018,present_in_base_ttl_same_guide
ci_unrelated_action_filter1,A-12-2018,주석에 대한 작업환경측정·분석 기술지침,exclusive,measurement_analysis,photo_unmatchable,3,WP-A12-03,검량선 작성 및 정도관리,검량선 작성 및 정도관리,6-III,A-12-2018,present_in_base_ttl_same_guide
ci_unrelated_action_filter1,A-12-2018,주석에 대한 작업환경측정·분석 기술지침,exclusive,measurement_analysis,photo_unmatchable,4,WP-A12-04,분석 및 계산,분석 및 계산,6-IV,A-12-2018,present_in_base_ttl_same_guide
ci_unrelated_action_filter1,A-120-2018,에틸렌글리콜모노에틸에테르에 대한 작업환경측정·분석 기술지침,exclusive,measurement_analysis,photo_unmatchable,1,WP-A120-05,검량선 작성 및 탈착효율 검정,검량선 작성 및 탈착효율 검정,III,A-120-2018,present_in_base_ttl_same_guide
ci_unrelated_action_filter1,A-120-2018,에틸렌글리콜모노에틸에테르에 대한 작업환경측정·분석 기술지침,exclusive,measurement_analysis,photo_unmatchable,2,WP-A120-01,시료채취 준비 및 펌프 보정,시료채취 준비 및 펌프 보정,I,A-120-2018,present_in_base_ttl_same_guide
ci_unrelated_action_filter1,A-120-2018,에틸렌글리콜모노에틸에테르에 대한 작업환경측정·분석 기술지침,exclusive,measurement_analysis,photo_unmatchable,3,WP-A120-02,시료채취,시료채취,I,A-120-2018,present_in_base_ttl_same_guide
ci_unrelated_action_filter1,A-120-2018,에틸렌글리콜모노에틸에테르에 대한 작업환경측정·분석 기술지침,exclusive,measurement_analysis,photo_unmatchable,4,WP-A120-03,시료 운반 및 보관,시료 운반 및 보관,I,A-120-2018,present_in_base_ttl_same_guide
ci_unrelated_action_filter1,A-120-2018,에틸렌글리콜모노에틸에테르에 대한 작업환경측정·분석 기술지침,exclusive,measurement_analysis,photo_unmatchable,5,WP-A120-04,시료 전처리 (탈착),시료 전처리 (탈착),II,A-120-2018,present_in_base_ttl_same_guide
ci_unrelated_action_filter1,A-120-2018,에틸렌글리콜모노에틸에테르에 대한 작업환경측정·분석 기술지침,exclusive,measurement_analysis,photo_unmatchable,6,WP-A120-06,GC/FID 분석,GC/FID 분석,III,A-120-2018,present_in_base_ttl_same_guide
ci_unrelated_action_filter1,A-121-2018,에틸아크릴레이트에 대한 작업환경측정·분석 기술지침,exclusive,measurement_analysis,photo_unmatchable,1,WP-A121-04,검량선 작성 및 정도관리,검량선 작성 및 정도관리,6-III,A-121-2018,present_in_base_ttl_same_guide
ci_unrelated_action_filter1,A-121-2018,에틸아크릴레이트에 대한 작업환경측정·분석 기술지침,exclusive,measurement_analysis,photo_unmatchable,2,WP-A121-01,시료채취 펌프 보정 및 준비,시료채취 펌프 보정 및 준비,6-I,A-121-2018,present_in_base_ttl_same_guide
ci_unrelated_action_filter1,A-121-2018,에틸아크릴레이트에 대한 작업환경측정·분석 기술지침,exclusive,measurement_analysis,photo_unmatchable,3,WP-A121-02,시료채취,시료채취,6-I,A-121-2018,present_in_base_ttl_same_guide
ci_unrelated_action_filter1,A-122-2018,에틸렌글리콜모노에틸에테르아세테이트에 대한 작업환경측정·분석 기술지침,exclusive,measurement_analysis,photo_unmatchable,1,WP-A122-02,시료 전처리,시료 전처리,II,A-122-2018,present_in_base_ttl_same_guide
ci_unrelated_action_filter1,A-122-2018,에틸렌글리콜모노에틸에테르아세테이트에 대한 작업환경측정·분석 기술지침,exclusive,measurement_analysis,photo_unmatchable,2,WP-A122-03,시료분석 (GC/FID),시료분석 (GC/FID),III,A-122-2018,present_in_base_ttl_same_guide
ci_unrelated_action_filter1,A-122-2018,에틸렌글리콜모노에틸에테르아세테이트에 대한 작업환경측정·분석 기술지침,exclusive,measurement_analysis,photo_unmatchable,3,WP-A122-01,시료채취,시료채취,I,A-122-2018,present_in_base_ttl_same_guide
ci_unrelated_action_filter1,A-123-2018,초산부틸에 대한 작업환경측정·분석 기술지침,exclusive,measurement_analysis,photo_unmatchable,1,WP-A123-04,검량선 작성,검량선 작성,6,A-123-2018,present_in_base_ttl_same_guide
ci_unrelated_action_filter1,A-123-2018,초산부틸에 대한 작업환경측정·분석 기술지침,exclusive,measurement_analysis,photo_unmatchable,2,WP-A123-01,시료채취 준비 및 펌프 보정,시료채취 준비 및 펌프 보정,6,A-123-2018,present_in_base_ttl_same_guide
ci_unrelated_action_filter1,A-123-2018,초산부틸에 대한 작업환경측정·분석 기술지침,exclusive,measurement_analysis,photo_unmatchable,3,WP-A123-02,시료채취,시료채취,6,A-123-2018,present_in_base_ttl_same_guide
ci_unrelated_action_filter1,A-123-2018,초산부틸에 대한 작업환경측정·분석 기술지침,exclusive,measurement_analysis,photo_unmatchable,4,WP-A123-05,탈착효율(DE) 검정,탈착효율(DE) 검정,6,A-123-2018,present_in_base_ttl_same_guide
ci_unrelated_action_filter1,A-124-2018,초산이소부틸에 대한 작업환경측정·분석 기술지침,exclusive,measurement_analysis,photo_unmatchable,1,WP-A124-04,검량선 작성 및 탈착효율 검정,검량선 작성 및 탈착효율 검정,9,A-124-2018,present_in_base_ttl_same_guide
ci_unrelated_action_filter1,A-124-2018,초산이소부틸에 대한 작업환경측정·분석 기술지침,exclusive,measurement_analysis,photo_unmatchable,2,WP-A124-01,시료채취 준비 및 펌프 보정,시료채취 준비 및 펌프 보정,7,A-124-2018,present_in_base_ttl_same_guide
ci_unrelated_action_filter1,A-124-2018,초산이소부틸에 대한 작업환경측정·분석 기술지침,exclusive,measurement_analysis,photo_unmatchable,3,WP-A124-02,시료채취,시료채취,7,A-124-2018,present_in_base_ttl_same_guide
ci_unrelated_action_filter1,A-125-2018,초산이소펜틸에 대한 작업환경측정·분석 기술지침,exclusive,measurement_analysis,photo_unmatchable,1,WP-A125-03,검량선 작성 및 탈착효율 검정,검량선 작성 및 탈착효율 검정,6.III,A-125-2018,present_in_base_ttl_same_guide
ci_unrelated_action_filter1,A-125-2018,초산이소펜틸에 대한 작업환경측정·분석 기술지침,exclusive,measurement_analysis,photo_unmatchable,2,WP-A125-01,시료채취,시료채취,6.I,A-125-2018,present_in_base_ttl_same_guide
ci_unrelated_action_filter1,A-126-2018,초산펜틸에 대한 작업환경측정·분석 기술지침,exclusive,measurement_analysis,photo_unmatchable,1,WP-A126-03,검량선 작성 및 탈착효율 검정,검량선 작성 및 탈착효율 검정,6.III,A-126-2018,present_in_base_ttl_same_guide
ci_unrelated_action_filter1,A-126-2018,초산펜틸에 대한 작업환경측정·분석 기술지침,exclusive,measurement_analysis,photo_unmatchable,2,WP-A126-01,시료채취,시료채취,6.I,A-126-2018,present_in_base_ttl_same_guide
ci_unrelated_action_filter1,A-127-2018,초산프로필에 대한 작업환경측정·분석 기술지침,exclusive,measurement_analysis,photo_unmatchable,1,WP-A127-03,검량선 작성 및 회수율 계산,검량선 작성 및 회수율 계산,6-III,A-127-2018,present_in_base_ttl_same_guide
ci_unrelated_action_filter1,A-127-2018,초산프로필에 대한 작업환경측정·분석 기술지침,exclusive,measurement_analysis,photo_unmatchable,2,WP-A127-01,시료채취,시료채취,6-I,A-127-2018,present_in_base_ttl_same_guide
ci_unrelated_action_filter1,A-128-2018,에틸에테르에 대한 작업환경측정·분석 기술지침,exclusive,measurement_analysis,photo_unmatchable,1,WP-A128-04,검량선 작성 및 탈착효율 검정,검량선 작성 및 탈착효율 검정,6.III,A-128-2018,present_in_base_ttl_same_guide
ci_unrelated_action_filter1,A-128-2018,에틸에테르에 대한 작업환경측정·분석 기술지침,exclusive,measurement_analysis,photo_unmatchable,2,WP-A128-01,시료채취 준비 및 펌프 보정,시료채취 준비 및 펌프 보정,6.I,A-128-2018,present_in_base_ttl_same_guide
ci_unrelated_action_filter1,A-128-2018,에틸에테르에 대한 작업환경측정·분석 기술지침,exclusive,measurement_analysis,photo_unmatchable,3,WP-A128-02,시료채취,시료채취,6.I,A-128-2018,present_in_base_ttl_same_guide
ci_unrelated_action_filter1,A-128-2018,에틸에테르에 대한 작업환경측정·분석 기술지침,exclusive,measurement_analysis,photo_unmatchable,4,WP-A128-05,기기분석 (가스크로마토그래피),기기분석 (가스크로마토그래피),6.III,A-128-2018,present_in_base_ttl_same_guide
ci_unrelated_action_filter1,A-129-2018,초산이소프로필에 대한 작업환경측정·분석 기술지침,exclusive,measurement_analysis,photo_unmatchable,1,WP-A129-03,검량선 작성 및 탈착효율 검정,검량선 작성 및 탈착효율 검정,III,A-129-2018,present_in_base_ttl_same_guide
ci_unrelated_action_filter1,A-129-2018,초산이소프로필에 대한 작업환경측정·분석 기술지침,exclusive,measurement_analysis,photo_unmatchable,2,WP-A129-01,시료채취,시료채취,I,A-129-2018,present_in_base_ttl_same_guide
ci_unrelated_action_filter1,A-129-2018,초산이소프로필에 대한 작업환경측정·분석 기술지침,exclusive,measurement_analysis,photo_unmatchable,3,WP-A129-04,기기분석 (GC/FID),기기분석 (GC/FID),III,A-129-2018,present_in_base_ttl_same_guide
ci_unrelated_action_filter1,A-13-2018,지르코니움에 대한 작업환경측정·분석 기술지침,exclusive,measurement_analysis,photo_unmatchable,1,WP-A13-03,시료 전처리,시료 전처리,II,A-13-2018,present_in_base_ttl_same_guide
ci_unrelated_action_filter1,A-13-2018,지르코니움에 대한 작업환경측정·분석 기술지침,exclusive,measurement_analysis,photo_unmatchable,2,WP-A13-01,시료채취 준비 및 보정,시료채취 준비 및 보정,I,A-13-2018,present_in_base_ttl_same_guide
ci_unrelated_action_filter1,A-13-2018,지르코니움에 대한 작업환경측정·분석 기술지침,exclusive,measurement_analysis,photo_unmatchable,3,WP-A13-02,시료채취,시료채취,I,A-13-2018,present_in_base_ttl_same_guide
ci_unrelated_action_filter1,A-13-2018,지르코니움에 대한 작업환경측정·분석 기술지침,exclusive,measurement_analysis,photo_unmatchable,4,WP-A13-04,검량선 작성 및 정도관리,검량선 작성 및 정도관리,III,A-13-2018,present_in_base_ttl_same_guide
ci_unrelated_action_filter1,A-13-2018,지르코니움에 대한 작업환경측정·분석 기술지침,exclusive,measurement_analysis,photo_unmatchable,5,WP-A13-05,분석,분석,III,A-13-2018,present_in_base_ttl_same_guide
ci_unrelated_action_filter1,A-130-2018,초산메틸에 대한 작업환경측정·분석 기술지침,exclusive,measurement_analysis,photo_unmatchable,1,WP-A130-03,분석(GC-FID),분석(GC-FID),6.III,A-130-2018,present_in_base_ttl_same_guide
ci_unrelated_action_filter1,A-130-2018,초산메틸에 대한 작업환경측정·분석 기술지침,exclusive,measurement_analysis,photo_unmatchable,2,WP-A130-01,시료채취,시료채취,6.I,A-130-2018,present_in_base_ttl_same_guide
ci_unrelated_action_filter1,A-131-2018,초산에틸에 대한 작업환경측정·분석 기술지침,exclusive,measurement_analysis,photo_unmatchable,1,WP-A131-03,검량선 작성 및 탈착효율 검정,검량선 작성 및 탈착효율 검정,6.III,A-131-2018,present_in_base_ttl_same_guide
ci_unrelated_action_filter1,A-131-2018,초산에틸에 대한 작업환경측정·분석 기술지침,exclusive,measurement_analysis,photo_unmatchable,2,WP-A131-01,시료채취,시료채취,6.I,A-131-2018,present_in_base_ttl_same_guide
ci_unrelated_action_filter1,A-131-2018,초산에틸에 대한 작업환경측정·분석 기술지침,exclusive,measurement_analysis,photo_unmatchable,3,WP-A131-04,GC/FID 분석,GC/FID 분석,6.III,A-131-2018,present_in_base_ttl_same_guide
ci_unrelated_action_filter1,A-132-2018,2-디에틸아미노에탄올에 대한 작업환경측정·분석 기술지침,exclusive,measurement_analysis,photo_unmatchable,1,WP-A132-01,시료채취,시료채취,6.1,A-132-2018,present_in_base_ttl_same_guide
ci_unrelated_action_filter1,A-132-2018,2-디에틸아미노에탄올에 대한 작업환경측정·분석 기술지침,exclusive,measurement_analysis,photo_unmatchable,2,WP-A132-03,검량선 작성 및 기기분석,검량선 작성 및 기기분석,6.3,A-132-2018,present_in_base_ttl_same_guide
ci_unrelated_action_filter1,A-133-2018,이소프로필알콜에_대한 작업환경측정·분석 기술지침,exclusive,measurement_analysis,photo_unmatchable,1,WP-A133-04,검량선 작성 및 탈착율 검정,검량선 작성 및 탈착율 검정,6.III,A-133-2018,present_in_base_ttl_same_guide
ci_unrelated_action_filter1,A-133-2018,이소프로필알콜에_대한 작업환경측정·분석 기술지침,exclusive,measurement_analysis,photo_unmatchable,2,WP-A133-01,시료채취 준비,시료채취 준비,6.I,A-133-2018,present_in_base_ttl_same_guide
ci_unrelated_action_filter1,A-133-2018,이소프로필알콜에_대한 작업환경측정·분석 기술지침,exclusive,measurement_analysis,photo_unmatchable,3,WP-A133-02,시료채취,시료채취,6.I,A-133-2018,present_in_base_ttl_same_guide
ci_unrelated_action_filter1,A-134-2018,에탄올아민에 대한 작업환경측정·분석 기술지침,exclusive,measurement_analysis,photo_unmatchable,1,WP-A134-03,검량선 작성 및 정도관리,검량선 작성 및 정도관리,7,A-134-2018,present_in_base_ttl_same_guide
ci_unrelated_action_filter1,A-134-2018,에탄올아민에 대한 작업환경측정·분석 기술지침,exclusive,measurement_analysis,photo_unmatchable,2,WP-A134-01,시료채취,시료채취,7,A-134-2018,present_in_base_ttl_same_guide
ci_unrelated_action_filter1,A-134-2018,에탄올아민에 대한 작업환경측정·분석 기술지침,exclusive,measurement_analysis,photo_unmatchable,3,WP-A134-02,시료 전처리,시료 전처리,7,A-134-2018,present_in_base_ttl_same_guide
ci_unrelated_action_filter1,A-135-2018,1-부탄올에 대한 작업환경측정·분석 기술지침,exclusive,measurement_analysis,photo_unmatchable,1,WP-A135-03,검량선 작성 및 정도관리,검량선 작성 및 정도관리,III,A-135-2018,present_in_base_ttl_same_guide
ci_unrelated_action_filter1,A-135-2018,1-부탄올에 대한 작업환경측정·분석 기술지침,exclusive,measurement_analysis,photo_unmatchable,2,WP-A135-01,시료채취,시료채취,I,A-135-2018,present_in_base_ttl_same_guide
ci_unrelated_action_filter1,A-135-2018,1-부탄올에 대한 작업환경측정·분석 기술지침,exclusive,measurement_analysis,photo_unmatchable,3,WP-A135-02,시료 전처리,시료 전처리,II,A-135-2018,present_in_base_ttl_same_guide
ci_unrelated_action_filter1,A-136-2018,2-부탄올에 대한 작업환경측정·분석 기술지침,exclusive,measurement_analysis,photo_unmatchable,1,WP-A136-03,시료분석 (검량선 작성 및 기기분석),시료분석 (검량선 작성 및 기기분석),6.3,A-136-2018,present_in_base_ttl_same_guide
ci_unrelated_action_filter1,A-136-2018,2-부탄올에 대한 작업환경측정·분석 기술지침,exclusive,measurement_analysis,photo_unmatchable,2,WP-A136-01,시료채취,시료채취,6.1,A-136-2018,present_in_base_ttl_same_guide
ci_unrelated_action_filter1,A-137-2018,이소부틸알콜에 대한 작업환경측정·분석 기술지침,exclusive,measurement_analysis,photo_unmatchable,1,WP-A137-01,시료채취,시료채취,6,A-137-2018,present_in_base_ttl_same_guide
ci_unrelated_action_filter1,A-137-2018,이소부틸알콜에 대한 작업환경측정·분석 기술지침,exclusive,measurement_analysis,photo_unmatchable,2,WP-A137-03,검량선 작성 및 정도관리,검량선 작성 및 정도관리,6,A-137-2018,present_in_base_ttl_same_guide
ci_unrelated_action_filter1,A-138-2018,디메틸아민에 대한 작업환경측정·분석 기술지침,exclusive,measurement_analysis,photo_unmatchable,1,WP-A138-01,시료채취 펌프 보정 및 흡착관 준비,시료채취 펌프 보정 및 흡착관 준비,6,A-138-2018,present_in_base_ttl_same_guide
ci_unrelated_action_filter1,A-138-2018,디메틸아민에 대한 작업환경측정·분석 기술지침,exclusive,measurement_analysis,photo_unmatchable,2,WP-A138-02,시료채취,시료채취,6,A-138-2018,present_in_base_ttl_same_guide
ci_unrelated_action_filter1,A-138-2018,디메틸아민에 대한 작업환경측정·분석 기술지침,exclusive,measurement_analysis,photo_unmatchable,3,WP-A138-04,검량선 작성 및 정도관리,검량선 작성 및 정도관리,7,A-138-2018,present_in_base_ttl_same_guide
ci_unrelated_action_filter1,A-138-2018,디메틸아민에 대한 작업환경측정·분석 기술지침,exclusive,measurement_analysis,photo_unmatchable,4,WP-A138-05,HPLC 기기분석,HPLC 기기분석,7,A-138-2018,present_in_base_ttl_same_guide
ci_unrelated_action_filter1,A-139-2018,시클로헥사놀에 대한 작업환경측정·분석 기술지침,exclusive,measurement_analysis,photo_unmatchable,1,WP-A139-04,검량선 작성 및 정도관리,검량선 작성 및 정도관리,III,A-139-2018,present_in_base_ttl_same_guide
ci_unrelated_action_filter1,A-139-2018,시클로헥사놀에 대한 작업환경측정·분석 기술지침,exclusive,measurement_analysis,photo_unmatchable,2,WP-A139-01,시료채취 준비,시료채취 준비,I,A-139-2018,present_in_base_ttl_same_guide
ci_unrelated_action_filter1,A-139-2018,시클로헥사놀에 대한 작업환경측정·분석 기술지침,exclusive,measurement_analysis,photo_unmatchable,3,WP-A139-02,시료채취,시료채취,I,A-139-2018,present_in_base_ttl_same_guide
ci_unrelated_action_filter1,A-140-2018,이소아밀알콜에 대한 작업환경측정·분석 기술지침,exclusive,measurement_analysis,photo_unmatchable,1,WP-A140-01,시료채취 준비 및 채취,시료채취 준비 및 채취,I,A-140-2018,present_in_base_ttl_same_guide
ci_unrelated_action_filter1,A-140-2018,이소아밀알콜에 대한 작업환경측정·분석 기술지침,exclusive,measurement_analysis,photo_unmatchable,2,WP-A140-03,검량선 작성 및 정도관리,검량선 작성 및 정도관리,III,A-140-2018,present_in_base_ttl_same_guide
ci_unrelated_action_filter1,A-141-2018,디에틸아민에 대한 작업환경측정·분석 기술지침,exclusive,measurement_analysis,photo_unmatchable,1,WP-A141-02,디에틸아민 시료채취,디에틸아민 시료채취,I,A-141-2018,present_in_base_ttl_same_guide
ci_unrelated_action_filter1,A-141-2018,디에틸아민에 대한 작업환경측정·분석 기술지침,exclusive,measurement_analysis,photo_unmatchable,2,WP-A141-03,시료 전처리 (탈착),시료 전처리 (탈착),II,A-141-2018,present_in_base_ttl_same_guide
ci_unrelated_action_filter1,A-141-2018,디에틸아민에 대한 작업환경측정·분석 기술지침,exclusive,measurement_analysis,photo_unmatchable,3,WP-A141-04,검량선 작성 및 탈착효율 검정,검량선 작성 및 탈착효율 검정,III,A-141-2018,present_in_base_ttl_same_guide
ci_unrelated_action_filter1,A-141-2018,디에틸아민에 대한 작업환경측정·분석 기술지침,exclusive,measurement_analysis,photo_unmatchable,4,WP-A141-01,시료채취 펌프 보정 및 준비,시료채취 펌프 보정 및 준비,I,A-141-2018,present_in_base_ttl_same_guide
ci_unrelated_action_filter1,A-142-2018,디에탄올아민에 대한 작업환경측정·분석 기술지침,exclusive,measurement_analysis,photo_unmatchable,1,WP-A142-01,시료채취,시료채취,I,A-142-2018,present_in_base_ttl_same_guide
ci_unrelated_action_filter1,A-142-2018,디에탄올아민에 대한 작업환경측정·분석 기술지침,exclusive,measurement_analysis,photo_unmatchable,2,WP-A142-03,시료분석 (검량선 작성 및 HPLC 분석),시료분석 (검량선 작성 및 HPLC 분석),III,A-142-2018,present_in_base_ttl_same_guide
ci_unrelated_action_filter1,A-143-2018,디에틸렌트리아민에 대한 작업환경측정·분석 기술지침,exclusive,measurement_analysis,photo_unmatchable,1,WP-A143-01,시료채취,시료채취,6.I,A-143-2018,present_in_base_ttl_same_guide
ci_unrelated_action_filter1,A-143-2018,디에틸렌트리아민에 대한 작업환경측정·분석 기술지침,exclusive,measurement_analysis,photo_unmatchable,2,WP-A143-03,검량선 작성 및 정도관리,검량선 작성 및 정도관리,6.III,A-143-2018,present_in_base_ttl_same_guide
ci_unrelated_action_filter1,A-144-2018,알릴글리시딜에데르에 대한 작업환경측정·분석 기술지침,exclusive,measurement_analysis,photo_unmatchable,1,WP-A144-02,시료전처리,시료전처리,6.3,A-144-2018,present_in_base_ttl_same_guide
ci_unrelated_action_filter1,A-144-2018,알릴글리시딜에데르에 대한 작업환경측정·분석 기술지침,exclusive,measurement_analysis,photo_unmatchable,2,WP-A144-01,시료채취,시료채취,6.2,A-144-2018,present_in_base_ttl_same_guide
ci_unrelated_action_filter1,A-144-2018,알릴글리시딜에데르에 대한 작업환경측정·분석 기술지침,exclusive,measurement_analysis,photo_unmatchable,3,WP-A144-03,검량선 작성 및 정도관리,검량선 작성 및 정도관리,6.4,A-144-2018,present_in_base_ttl_same_guide
ci_unrelated_action_filter1,A-145-2018,에틸렌글리콜에 대한 작업환경측정·분석 기술지침,exclusive,measurement_analysis,photo_unmatchable,1,WP-A145-01,시료채취,시료채취,6.1,A-145-2018,present_in_base_ttl_same_guide
ci_unrelated_action_filter1,A-145-2018,에틸렌글리콜에 대한 작업환경측정·분석 기술지침,exclusive,measurement_analysis,photo_unmatchable,2,WP-A145-03,검량선 작성 및 분석,검량선 작성 및 분석,6.3,A-145-2018,present_in_base_ttl_same_guide
ci_unrelated_action_filter1,A-146-2018,트리에틸아민에 대한 작업환경측정·분석 기술지침,exclusive,measurement_analysis,photo_unmatchable,1,WP-A146-01,시료채취 준비,시료채취 준비,I,A-146-2018,present_in_base_ttl_same_guide
ci_unrelated_action_filter1,A-146-2018,트리에틸아민에 대한 작업환경측정·분석 기술지침,exclusive,measurement_analysis,photo_unmatchable,2,WP-A146-02,시료채취,시료채취,I,A-146-2018,present_in_base_ttl_same_guide
ci_unrelated_action_filter1,A-146-2018,트리에틸아민에 대한 작업환경측정·분석 기술지침,exclusive,measurement_analysis,photo_unmatchable,3,WP-A146-04,시료 중화,시료 중화,II,A-146-2018,present_in_base_ttl_same_guide
ci_unrelated_action_filter1,A-146-2018,트리에틸아민에 대한 작업환경측정·분석 기술지침,exclusive,measurement_analysis,photo_unmatchable,4,WP-A146-05,검량선 작성 및 정도관리,검량선 작성 및 정도관리,III,A-146-2018,present_in_base_ttl_same_guide
ci_unrelated_action_filter1,A-147-2018,메틸아민에 대한 작업환경측정·분석 기술지침,exclusive,measurement_analysis,photo_unmatchable,1,WP-A147-04,기기분석 (액체크로마토그래피),기기분석 (액체크로마토그래피),6.3,A-147-2018,present_in_base_ttl_same_guide
ci_unrelated_action_filter1,A-147-2018,메틸아민에 대한 작업환경측정·분석 기술지침,exclusive,measurement_analysis,photo_unmatchable,2,WP-A147-01,시료채취,시료채취,6.1,A-147-2018,present_in_base_ttl_same_guide
ci_unrelated_action_filter1,A-147-2018,메틸아민에 대한 작업환경측정·분석 기술지침,exclusive,measurement_analysis,photo_unmatchable,3,WP-A147-02,시료 전처리,시료 전처리,6.2,A-147-2018,present_in_base_ttl_same_guide
ci_unrelated_action_filter1,A-147-2018,메틸아민에 대한 작업환경측정·분석 기술지침,exclusive,measurement_analysis,photo_unmatchable,4,WP-A147-03,검량선 작성 및 정도관리,검량선 작성 및 정도관리,6.3,A-147-2018,present_in_base_ttl_same_guide
ci_unrelated_action_filter1,A-148-2018,에틸아민에 대한 작업환경측정·분석 기술지침,exclusive,measurement_analysis,photo_unmatchable,1,WP-A148-03,기기분석 (HPLC),기기분석 (HPLC),III,A-148-2018,present_in_base_ttl_same_guide
ci_unrelated_action_filter1,A-148-2018,에틸아민에 대한 작업환경측정·분석 기술지침,exclusive,measurement_analysis,photo_unmatchable,2,WP-A148-01,시료채취,시료채취,I,A-148-2018,present_in_base_ttl_same_guide
ci_unrelated_action_filter1,A-148-2018,에틸아민에 대한 작업환경측정·분석 기술지침,exclusive,measurement_analysis,photo_unmatchable,3,WP-A148-02,시료 전처리,시료 전처리,II,A-148-2018,present_in_base_ttl_same_guide
ci_unrelated_action_filter1,A-149-2018,"2,3-에폭시-1-프로판올에 대한 작업환경측정·분석 기술지침",exclusive,measurement_analysis,photo_unmatchable,1,WP-A149-04,기기분석 (GC/FID),기기분석 (GC/FID),III,A-149-2018,present_in_base_ttl_same_guide
ci_unrelated_action_filter1,A-149-2018,"2,3-에폭시-1-프로판올에 대한 작업환경측정·분석 기술지침",exclusive,measurement_analysis,photo_unmatchable,2,WP-A149-01,시료채취,시료채취,I,A-149-2018,present_in_base_ttl_same_guide
ci_unrelated_action_filter1,A-149-2018,"2,3-에폭시-1-프로판올에 대한 작업환경측정·분석 기술지침",exclusive,measurement_analysis,photo_unmatchable,3,WP-A149-03,검량선 작성 및 탈착율 검정,검량선 작성 및 탈착율 검정,III,A-149-2018,present_in_base_ttl_same_guide
ci_unrelated_action_filter1,A-150-2018,2-메톡시에틸아세테이트에 대한 작업환경측정·분석 기술지침,exclusive,measurement_analysis,photo_unmatchable,1,WP-A150-04,기기분석(GC/FID),기기분석(GC/FID),III,A-150-2018,present_in_base_ttl_same_guide
ci_unrelated_action_filter1,A-150-2018,2-메톡시에틸아세테이트에 대한 작업환경측정·분석 기술지침,exclusive,measurement_analysis,photo_unmatchable,2,WP-A150-01,시료채취,시료채취,I,A-150-2018,present_in_base_ttl_same_guide
ci_unrelated_action_filter1,A-150-2018,2-메톡시에틸아세테이트에 대한 작업환경측정·분석 기술지침,exclusive,measurement_analysis,photo_unmatchable,3,WP-A150-03,검량선 작성 및 정도관리,검량선 작성 및 정도관리,III,A-150-2018,present_in_base_ttl_same_guide
ci_unrelated_action_filter1,A-151-2018,개미산에 대한 작업환경측정·분석 기술지침,exclusive,measurement_analysis,photo_unmatchable,1,WP-A151-04,기기분석 (이온크로마토그래프),기기분석 (이온크로마토그래프),III,A-151-2018,present_in_base_ttl_same_guide
ci_unrelated_action_filter1,A-151-2018,개미산에 대한 작업환경측정·분석 기술지침,exclusive,measurement_analysis,photo_unmatchable,2,WP-A151-01,시료채취,시료채취,I,A-151-2018,present_in_base_ttl_same_guide
ci_unrelated_action_filter1,A-151-2018,개미산에 대한 작업환경측정·분석 기술지침,exclusive,measurement_analysis,photo_unmatchable,3,WP-A151-02,시료 전처리,시료 전처리,II,A-151-2018,present_in_base_ttl_same_guide
ci_unrelated_action_filter1,A-151-2018,개미산에 대한 작업환경측정·분석 기술지침,exclusive,measurement_analysis,photo_unmatchable,4,WP-A151-03,검량선 작성 및 탈착율 검정,검량선 작성 및 탈착율 검정,III,A-151-2018,present_in_base_ttl_same_guide
ci_unrelated_action_filter1,A-152-2018,과산화수소에 대한 작업환경측정·분석 기술지침,exclusive,measurement_analysis,photo_unmatchable,1,WP-A152-01,시료채취,시료채취,I,A-152-2018,present_in_base_ttl_same_guide
ci_unrelated_action_filter1,A-152-2018,과산화수소에 대한 작업환경측정·분석 기술지침,exclusive,measurement_analysis,photo_unmatchable,2,WP-A152-04,기기분석 (분광광도법),기기분석 (분광광도법),III,A-152-2018,present_in_base_ttl_same_guide
ci_unrelated_action_filter1,A-153-2018,무수초산에 대한 작업환경측정·분석 기술지침,exclusive,measurement_analysis,photo_unmatchable,1,WP-A153-05,기기분석,기기분석,6-III,A-153-2018,present_in_base_ttl_same_guide
ci_unrelated_action_filter1,A-153-2018,무수초산에 대한 작업환경측정·분석 기술지침,exclusive,measurement_analysis,photo_unmatchable,2,WP-A153-01,시료채취용 필터 제작,시료채취용 필터 제작,6-I,A-153-2018,present_in_base_ttl_same_guide
ci_unrelated_action_filter1,A-153-2018,무수초산에 대한 작업환경측정·분석 기술지침,exclusive,measurement_analysis,photo_unmatchable,3,WP-A153-02,시료 채취,시료 채취,6-I,A-153-2018,present_in_base_ttl_same_guide
ci_unrelated_action_filter1,A-153-2018,무수초산에 대한 작업환경측정·분석 기술지침,exclusive,measurement_analysis,photo_unmatchable,4,WP-A153-04,검량선 작성 및 정도관리,검량선 작성 및 정도관리,6-III,A-153-2018,present_in_base_ttl_same_guide
ci_unrelated_action_filter1,A-154-2018,불화수소에 대한 작업환경측정·분석 기술지침,exclusive,measurement_analysis,photo_unmatchable,1,WP-A154-03,시료분석 (검량선 작성 및 기기분석),시료분석 (검량선 작성 및 기기분석),III,A-154-2018,present_in_base_ttl_same_guide
ci_unrelated_action_filter1,A-154-2018,불화수소에 대한 작업환경측정·분석 기술지침,exclusive,measurement_analysis,photo_unmatchable,2,WP-A154-01,시료채취,시료채취,I,A-154-2018,present_in_base_ttl_same_guide
ci_unrelated_action_filter1,A-154-2018,불화수소에 대한 작업환경측정·분석 기술지침,exclusive,measurement_analysis,photo_unmatchable,3,WP-A154-02,시료 전처리,시료 전처리,II,A-154-2018,present_in_base_ttl_same_guide
ci_unrelated_action_filter1,A-155-2018,브롬화수소에 대한 작업환경측정·분석 기술지침,exclusive,measurement_analysis,photo_unmatchable,1,WP-A155-04,기기분석 (이온크로마토그래프),기기분석 (이온크로마토그래프),III,A-155-2018,present_in_base_ttl_same_guide
ci_unrelated_action_filter1,A-155-2018,브롬화수소에 대한 작업환경측정·분석 기술지침,exclusive,measurement_analysis,photo_unmatchable,2,WP-A155-01,시료채취 준비 및 채취,시료채취 준비 및 채취,I,A-155-2018,present_in_base_ttl_same_guide
ci_unrelated_action_filter1,A-155-2018,브롬화수소에 대한 작업환경측정·분석 기술지침,exclusive,measurement_analysis,photo_unmatchable,3,WP-A155-03,검량선 작성 및 정도관리,검량선 작성 및 정도관리,III,A-155-2018,present_in_base_ttl_same_guide
ci_unrelated_action_filter1,A-156-2018,수산화나트륨에 대한 작업환경측정·분석 기술지침,exclusive,measurement_analysis,photo_unmatchable,1,WP-A156-01,시료채취 준비 및 시료채취,시료채취 준비 및 시료채취,I,A-156-2018,present_in_base_ttl_same_guide
ci_unrelated_action_filter1,A-156-2018,수산화나트륨에 대한 작업환경측정·분석 기술지침,exclusive,measurement_analysis,photo_unmatchable,2,WP-A156-05,기기분석,기기분석,III,A-156-2018,present_in_base_ttl_same_guide
ci_unrelated_action_filter1,A-156-2018,수산화나트륨에 대한 작업환경측정·분석 기술지침,exclusive,measurement_analysis,photo_unmatchable,3,WP-A156-03,검량선 작성 및 정도관리,검량선 작성 및 정도관리,III,A-156-2018,present_in_base_ttl_same_guide
ci_unrelated_action_filter1,A-156-2018,수산화나트륨에 대한 작업환경측정·분석 기술지침,exclusive,measurement_analysis,photo_unmatchable,4,WP-A156-04,회수율 검정,회수율 검정,III,A-156-2018,present_in_base_ttl_same_guide
ci_unrelated_action_filter1,A-157-2018,수산화칼륨에 대한 작업환경측정·분석 기술지침,exclusive,measurement_analysis,photo_unmatchable,1,WP-A157-01,시료채취 준비 및 펌프 보정,시료채취 준비 및 펌프 보정,I,A-157-2018,present_in_base_ttl_same_guide
ci_unrelated_action_filter1,A-157-2018,수산화칼륨에 대한 작업환경측정·분석 기술지침,exclusive,measurement_analysis,photo_unmatchable,2,WP-A157-05,기기분석,기기분석,III,A-157-2018,present_in_base_ttl_same_guide
ci_unrelated_action_filter1,A-157-2018,수산화칼륨에 대한 작업환경측정·분석 기술지침,exclusive,measurement_analysis,photo_unmatchable,3,WP-A157-02,시료채취,시료채취,I,A-157-2018,present_in_base_ttl_same_guide
ci_unrelated_action_filter1,A-157-2018,수산화칼륨에 대한 작업환경측정·분석 기술지침,exclusive,measurement_analysis,photo_unmatchable,4,WP-A157-04,검량선 작성 및 정도관리,검량선 작성 및 정도관리,III,A-157-2018,present_in_base_ttl_same_guide
ci_unrelated_action_filter1,A-158-2018,시안화나트륨에 대한 작업환경측정·분석 기술지침,exclusive,measurement_analysis,photo_unmatchable,1,WP-A158-05,기기분석 (분광광도법),기기분석 (분광광도법),III,A-158-2018,present_in_base_ttl_same_guide
ci_unrelated_action_filter1,A-158-2018,시안화나트륨에 대한 작업환경측정·분석 기술지침,exclusive,measurement_analysis,photo_unmatchable,2,WP-A158-01,시료채취 준비,시료채취 준비,I,A-158-2018,present_in_base_ttl_same_guide
ci_unrelated_action_filter1,A-158-2018,시안화나트륨에 대한 작업환경측정·분석 기술지침,exclusive,measurement_analysis,photo_unmatchable,3,WP-A158-02,시료채취,시료채취,I,A-158-2018,present_in_base_ttl_same_guide
ci_unrelated_action_filter1,A-158-2018,시안화나트륨에 대한 작업환경측정·분석 기술지침,exclusive,measurement_analysis,photo_unmatchable,4,WP-A158-03,시료 전처리,시료 전처리,II,A-158-2018,present_in_base_ttl_same_guide
ci_unrelated_action_filter1,A-159-2018,시안화칼륨에 대한 작업환경측정·분석 기술지침,exclusive,measurement_analysis,photo_unmatchable,1,WP-A159-05,기기분석(분광광도법),기기분석(분광광도법),III,A-159-2018,present_in_base_ttl_same_guide
ci_unrelated_action_filter1,A-159-2018,시안화칼륨에 대한 작업환경측정·분석 기술지침,exclusive,measurement_analysis,photo_unmatchable,2,WP-A159-01,시료채취 준비 및 펌프 보정,시료채취 준비 및 펌프 보정,I,A-159-2018,present_in_base_ttl_same_guide
ci_unrelated_action_filter1,A-159-2018,시안화칼륨에 대한 작업환경측정·분석 기술지침,exclusive,measurement_analysis,photo_unmatchable,3,WP-A159-02,시료채취,시료채취,I,A-159-2018,present_in_base_ttl_same_guide
ci_unrelated_action_filter1,A-159-2018,시안화칼륨에 대한 작업환경측정·분석 기술지침,exclusive,measurement_analysis,photo_unmatchable,4,WP-A159-03,시료 전처리,시료 전처리,II,A-159-2018,present_in_base_ttl_same_guide
ci_unrelated_action_filter1,A-16-2018,크롬에 대한 작업환경측정·분석 기술지침,exclusive,measurement_analysis,photo_unmatchable,1,WP-A16-01,시료채취 준비 및 펌프 보정,시료채취 준비 및 펌프 보정,I,A-16-2018,present_in_base_ttl_same_guide
ci_unrelated_action_filter1,A-16-2018,크롬에 대한 작업환경측정·분석 기술지침,exclusive,measurement_analysis,photo_unmatchable,2,WP-A16-02,공기 시료채취,공기 시료채취,I,A-16-2018,present_in_base_ttl_same_guide
ci_unrelated_action_filter1,A-16-2018,크롬에 대한 작업환경측정·분석 기술지침,exclusive,measurement_analysis,photo_unmatchable,3,WP-A16-04,검량선 작성 및 정도관리,검량선 작성 및 정도관리,III,A-16-2018,present_in_base_ttl_same_guide
ci_unrelated_action_filter1,A-16-2018,크롬에 대한 작업환경측정·분석 기술지침,exclusive,measurement_analysis,photo_unmatchable,4,WP-A16-05,원자흡광광도계(AAS) 분석,원자흡광광도계(AAS) 분석,III,A-16-2018,present_in_base_ttl_same_guide
ci_unrelated_action_filter1,A-160-2018,시안화칼슘에 대한 작업환경측정·분석 기술지침,exclusive,measurement_analysis,photo_unmatchable,1,WP-A160-04,기기분석 (분광광도계),기기분석 (분광광도계),III,A-160-2018,present_in_base_ttl_same_guide
ci_unrelated_action_filter1,A-160-2018,시안화칼슘에 대한 작업환경측정·분석 기술지침,exclusive,measurement_analysis,photo_unmatchable,2,WP-A160-01,시료채취,시료채취,I,A-160-2018,present_in_base_ttl_same_guide
ci_unrelated_action_filter1,A-160-2018,시안화칼슘에 대한 작업환경측정·분석 기술지침,exclusive,measurement_analysis,photo_unmatchable,3,WP-A160-02,시료 전처리,시료 전처리,II,A-160-2018,present_in_base_ttl_same_guide
ci_unrelated_action_filter1,A-160-2018,시안화칼슘에 대한 작업환경측정·분석 기술지침,exclusive,measurement_analysis,photo_unmatchable,4,WP-A160-03,검량선 작성 및 정도관리,검량선 작성 및 정도관리,III,A-160-2018,present_in_base_ttl_same_guide
ci_unrelated_action_filter1,A-161-2016,디젤입자상물질(원소탄소분석)에 대한 작업환경측정·분석 기술지침,exclusive,measurement_analysis,photo_unmatchable,1,WP-A161-01,시료채취 준비,시료채취 준비,I,A-161-2016,present_in_base_ttl_same_guide
ci_unrelated_action_filter1,A-161-2016,디젤입자상물질(원소탄소분석)에 대한 작업환경측정·분석 기술지침,exclusive,measurement_analysis,photo_unmatchable,2,WP-A161-02,시료채취,시료채취,I,A-161-2016,present_in_base_ttl_same_guide
ci_unrelated_action_filter1,A-161-2016,디젤입자상물질(원소탄소분석)에 대한 작업환경측정·분석 기술지침,exclusive,measurement_analysis,photo_unmatchable,3,WP-A161-04,보정 및 정도관리,보정 및 정도관리,III-1,A-161-2016,present_in_base_ttl_same_guide
ci_unrelated_action_filter1,A-161-2016,디젤입자상물질(원소탄소분석)에 대한 작업환경측정·분석 기술지침,exclusive,measurement_analysis,photo_unmatchable,4,WP-A161-05,시료분석,시료분석,III-2,A-161-2016,present_in_base_ttl_same_guide
ci_unrelated_action_filter1,A-161-2016,디젤입자상물질(원소탄소분석)에 대한 작업환경측정·분석 기술지침,exclusive,measurement_analysis,photo_unmatchable,5,WP-A161-06,계산,계산,IV,A-161-2016,present_in_base_ttl_same_guide
ci_unrelated_action_filter1,A-162-2016,탄소나노튜브 및 탄소나노섬유 (원소탄소분석)에 대한 작업환경측정·분석 기술지침,exclusive,measurement_analysis,photo_unmatchable,1,WP-A162-01,시료채취 준비,시료채취 준비,I,A-162-2016,present_in_base_ttl_same_guide
ci_unrelated_action_filter1,A-162-2016,탄소나노튜브 및 탄소나노섬유 (원소탄소분석)에 대한 작업환경측정·분석 기술지침,exclusive,measurement_analysis,photo_unmatchable,2,WP-A162-02,시료채취,시료채취,I,A-162-2016,present_in_base_ttl_same_guide
ci_unrelated_action_filter1,A-162-2016,탄소나노튜브 및 탄소나노섬유 (원소탄소분석)에 대한 작업환경측정·분석 기술지침,exclusive,measurement_analysis,photo_unmatchable,3,WP-A162-04,보정 및 정도관리,보정 및 정도관리,III,A-162-2016,present_in_base_ttl_same_guide
ci_unrelated_action_filter1,A-162-2016,탄소나노튜브 및 탄소나노섬유 (원소탄소분석)에 대한 작업환경측정·분석 기술지침,exclusive,measurement_analysis,photo_unmatchable,4,WP-A162-05,시료분석 (열광학적 분석),시료분석 (열광학적 분석),IV,A-162-2016,present_in_base_ttl_same_guide
ci_unrelated_action_filter1,A-162-2016,탄소나노튜브 및 탄소나노섬유 (원소탄소분석)에 대한 작업환경측정·분석 기술지침,exclusive,measurement_analysis,photo_unmatchable,5,WP-A162-06,농도 계산,농도 계산,IV-calc,A-162-2016,present_in_base_ttl_same_guide
ci_unrelated_action_filter1,A-163-2018,"2-클로로-1,3-부타디엔에 대한 작업환경측정·분석 기술지침",exclusive,measurement_analysis,photo_unmatchable,1,WP-A163-01,시료채취,시료채취,6,A-163-2018,present_in_base_ttl_same_guide
ci_unrelated_action_filter1,A-163-2018,"2-클로로-1,3-부타디엔에 대한 작업환경측정·분석 기술지침",exclusive,measurement_analysis,photo_unmatchable,2,WP-A163-04,가스크로마토그래프 분석,가스크로마토그래프 분석,6,A-163-2018,present_in_base_ttl_same_guide
ci_unrelated_action_filter1,A-164-2018,디(2-에틸헥실)프탈레이트에 대한 작업환경측정·분석 기술지침,exclusive,measurement_analysis,photo_unmatchable,1,WP-A164-01,시료채취,시료채취,I,A-164-2018,present_in_base_ttl_same_guide
ci_unrelated_action_filter1,A-164-2018,디(2-에틸헥실)프탈레이트에 대한 작업환경측정·분석 기술지침,exclusive,measurement_analysis,photo_unmatchable,2,WP-A164-04,기기분석,기기분석,III,A-164-2018,present_in_base_ttl_same_guide
ci_unrelated_action_filter1,A-165-2018,브이엠 및 피 나프타에 대한 작업환경측정·분석 기술지침,exclusive,measurement_analysis,photo_unmatchable,1,WP-A165-04,기기분석,기기분석,III,A-165-2018,present_in_base_ttl_same_guide
ci_unrelated_action_filter1,A-165-2018,브이엠 및 피 나프타에 대한 작업환경측정·분석 기술지침,exclusive,measurement_analysis,photo_unmatchable,2,WP-A165-01,시료채취,시료채취,I,A-165-2018,present_in_base_ttl_same_guide
ci_unrelated_action_filter1,A-166-2018,페닐글리시딜에테르에 대한 작업환경측정·분석 기술지침,exclusive,measurement_analysis,photo_unmatchable,1,WP-A166-05,기기분석,기기분석,III,A-166-2018,present_in_base_ttl_same_guide
ci_unrelated_action_filter1,A-166-2018,페닐글리시딜에테르에 대한 작업환경측정·분석 기술지침,exclusive,measurement_analysis,photo_unmatchable,2,WP-A166-01,시료채취 준비,시료채취 준비,I,A-166-2018,present_in_base_ttl_same_guide
ci_unrelated_action_filter1,A-166-2018,페닐글리시딜에테르에 대한 작업환경측정·분석 기술지침,exclusive,measurement_analysis,photo_unmatchable,3,WP-A166-02,시료채취,시료채취,I,A-166-2018,present_in_base_ttl_same_guide
ci_unrelated_action_filter1,A-167-2018,"1,1,2-트리클로로에탄에 대한 작업환경측정·분석 기술지침",exclusive,measurement_analysis,photo_unmatchable,1,WP-A167-06,기기분석,기기분석,III,A-167-2018,present_in_base_ttl_same_guide
ci_unrelated_action_filter1,A-167-2018,"1,1,2-트리클로로에탄에 대한 작업환경측정·분석 기술지침",exclusive,measurement_analysis,photo_unmatchable,2,WP-A167-01,시료채취 준비 및 펌프 보정,시료채취 준비 및 펌프 보정,I,A-167-2018,present_in_base_ttl_same_guide
ci_unrelated_action_filter1,A-167-2018,"1,1,2-트리클로로에탄에 대한 작업환경측정·분석 기술지침",exclusive,measurement_analysis,photo_unmatchable,3,WP-A167-02,시료채취,시료채취,I,A-167-2018,present_in_base_ttl_same_guide
ci_unrelated_action_filter1,A-167-2018,"1,1,2-트리클로로에탄에 대한 작업환경측정·분석 기술지침",exclusive,measurement_analysis,photo_unmatchable,4,WP-A167-04,검량선 작성 및 정도관리,검량선 작성 및 정도관리,III,A-167-2018,present_in_base_ttl_same_guide
ci_unrelated_action_filter1,A-168-2018,P-니트로아닐린에 대한 작업환경측정·분석 기술지침,exclusive,measurement_analysis,photo_unmatchable,1,WP-A168-01,시료채취 준비 및 펌프 보정,시료채취 준비 및 펌프 보정,I,A-168-2018,present_in_base_ttl_same_guide
ci_unrelated_action_filter1,A-168-2018,P-니트로아닐린에 대한 작업환경측정·분석 기술지침,exclusive,measurement_analysis,photo_unmatchable,2,WP-A168-02,시료채취,시료채취,I,A-168-2018,present_in_base_ttl_same_guide
ci_unrelated_action_filter1,A-168-2018,P-니트로아닐린에 대한 작업환경측정·분석 기술지침,exclusive,measurement_analysis,photo_unmatchable,3,WP-A168-04,검량선 작성 및 시료 분석,검량선 작성 및 시료 분석,III,A-168-2018,present_in_base_ttl_same_guide
ci_unrelated_action_filter1,A-169-2018,수산화테트라메틸암모늄에 대한 작업환경측정·분석 기술지침,exclusive,measurement_analysis,photo_unmatchable,1,WP-A169-01,시료채취 준비 및 채취,시료채취 준비 및 채취,6.1,A-169-2018,present_in_base_ttl_same_guide
ci_unrelated_action_filter1,A-169-2018,수산화테트라메틸암모늄에 대한 작업환경측정·분석 기술지침,exclusive,measurement_analysis,photo_unmatchable,2,WP-A169-04,검량선 작성 및 시료 분석,검량선 작성 및 시료 분석,6.3,A-169-2018,present_in_base_ttl_same_guide
ci_unrelated_action_filter1,A-17-2018,티타늄에 대한 작업환경측정분석 기술지침,exclusive,measurement_analysis,photo_unmatchable,1,WP-A17-01,시료채취,시료채취,I,A-17-2018,present_in_base_ttl_same_guide
ci_unrelated_action_filter1,A-17-2018,티타늄에 대한 작업환경측정분석 기술지침,exclusive,measurement_analysis,photo_unmatchable,2,WP-A17-03,검량선 작성 및 정도관리,검량선 작성 및 정도관리,III,A-17-2018,present_in_base_ttl_same_guide
ci_unrelated_action_filter1,A-17-2018,티타늄에 대한 작업환경측정분석 기술지침,exclusive,measurement_analysis,photo_unmatchable,3,WP-A17-04,분석,분석,III,A-17-2018,present_in_base_ttl_same_guide
ci_unrelated_action_filter1,A-170-2018,에틸렌이민에 대한 작업환경측정·분석 기술지침,exclusive,measurement_analysis,photo_unmatchable,1,WP-A170-04,기기분석,기기분석,6.3,A-170-2018,present_in_base_ttl_same_guide
ci_unrelated_action_filter1,A-170-2018,에틸렌이민에 대한 작업환경측정·분석 기술지침,exclusive,measurement_analysis,photo_unmatchable,2,WP-A170-01,시료채취,시료채취,6.1,A-170-2018,present_in_base_ttl_same_guide
ci_unrelated_action_filter1,A-170-2018,에틸렌이민에 대한 작업환경측정·분석 기술지침,exclusive,measurement_analysis,photo_unmatchable,3,WP-A170-05,농도 계산,농도 계산,6.4,A-170-2018,present_in_base_ttl_same_guide
ci_unrelated_action_filter1,A-171-2018,초산이소아밀에 대한 작업환경측정·분석 기술지침,exclusive,measurement_analysis,photo_unmatchable,1,WP-A171-04,기기분석 (가스크로마토그래프),기기분석 (가스크로마토그래프),III,A-171-2018,present_in_base_ttl_same_guide
ci_unrelated_action_filter1,A-171-2018,초산이소아밀에 대한 작업환경측정·분석 기술지침,exclusive,measurement_analysis,photo_unmatchable,2,WP-A171-01,시료채취,시료채취,I,A-171-2018,present_in_base_ttl_same_guide
ci_unrelated_action_filter1,A-172-2018,프로필렌이민에 대한 작업환경측정·분석 기술지침,exclusive,measurement_analysis,photo_unmatchable,1,WP-A172-05,기기분석,기기분석,III,A-172-2018,present_in_base_ttl_same_guide
ci_unrelated_action_filter1,A-172-2018,프로필렌이민에 대한 작업환경측정·분석 기술지침,exclusive,measurement_analysis,photo_unmatchable,2,WP-A172-01,시료채취 준비 및 펌프 보정,시료채취 준비 및 펌프 보정,I,A-172-2018,present_in_base_ttl_same_guide
ci_unrelated_action_filter1,A-172-2018,프로필렌이민에 대한 작업환경측정·분석 기술지침,exclusive,measurement_analysis,photo_unmatchable,3,WP-A172-02,시료채취,시료채취,I,A-172-2018,present_in_base_ttl_same_guide
ci_unrelated_action_filter1,A-18-2018,철에 대한 작업환경측정·분석 기술지침,exclusive,measurement_analysis,photo_unmatchable,1,WP-A18-01,시료채취,시료채취,7,A-18-2018,present_in_base_ttl_same_guide
ci_unrelated_action_filter1,A-18-2018,철에 대한 작업환경측정·분석 기술지침,exclusive,measurement_analysis,photo_unmatchable,2,WP-A18-03,검량선 작성 및 정도관리,검량선 작성 및 정도관리,9,A-18-2018,present_in_base_ttl_same_guide
ci_unrelated_action_filter1,A-18-2018,철에 대한 작업환경측정·분석 기술지침,exclusive,measurement_analysis,photo_unmatchable,3,WP-A18-04,분석과정,분석과정,9,A-18-2018,present_in_base_ttl_same_guide
ci_unrelated_action_filter1,A-180-2020,작업환경측정·분석에 대한 일반 기술지침,domain_specific,measurement_analysis,photo_unmatchable,1,WP-A180-02,측정계획 수립,측정계획 수립,4,A-180-2020,present_in_base_ttl_same_guide
ci_unrelated_action_filter1,A-180-2020,작업환경측정·분석에 대한 일반 기술지침,domain_specific,measurement_analysis,photo_unmatchable,2,WP-A180-01,예비조사 실시,예비조사 실시,4,A-180-2020,present_in_base_ttl_same_guide
ci_unrelated_action_filter1,A-180-2020,작업환경측정·분석에 대한 일반 기술지침,domain_specific,measurement_analysis,photo_unmatchable,3,WP-A180-03,시료 채취 및 분석방법 선정,시료 채취 및 분석방법 선정,5,A-180-2020,present_in_base_ttl_same_guide
ci_unrelated_action_filter1,A-180-2020,작업환경측정·분석에 대한 일반 기술지침,domain_specific,measurement_analysis,photo_unmatchable,4,WP-A180-04,시료 채취 장비 및 매체 선정,시료 채취 장비 및 매체 선정,5,A-180-2020,present_in_base_ttl_same_guide
ci_unrelated_action_filter1,A-180-2020,작업환경측정·분석에 대한 일반 기술지침,domain_specific,measurement_analysis,photo_unmatchable,5,WP-A180-05,단위작업장소 선정 및 측정 방법 결정,단위작업장소 선정 및 측정 방법 결정,6,A-180-2020,present_in_base_ttl_same_guide
ci_unrelated_action_filter1,A-180-2020,작업환경측정·분석에 대한 일반 기술지침,domain_specific,measurement_analysis,photo_unmatchable,6,WP-A180-06,시료 채취 실시,시료 채취 실시,6,A-180-2020,present_in_base_ttl_same_guide
ci_unrelated_action_filter1,A-180-2020,작업환경측정·분석에 대한 일반 기술지침,domain_specific,measurement_analysis,photo_unmatchable,7,WP-A180-16,측정 시료의 실험실 인수 및 보관,측정 시료의 실험실 인수 및 보관,7.2,A-180-2020,present_in_base_ttl_same_guide
ci_unrelated_action_filter1,A-180-2020,작업환경측정·분석에 대한 일반 기술지침,domain_specific,measurement_analysis,photo_unmatchable,8,WP-A180-25,작업환경측정 결과보고서의 작성 및 보관,작업환경측정 결과보고서의 작성 및 보관,9,A-180-2020,present_in_base_ttl_same_guide
ci_unrelated_action_filter1,A-181-2020,인듐에 대한 작업환경측정·분석 기술지침,exclusive,measurement_analysis,photo_unmatchable,1,WP-A181-01,시료채취,시료채취,I,A-181-2020,present_in_base_ttl_same_guide
ci_unrelated_action_filter1,A-181-2020,인듐에 대한 작업환경측정·분석 기술지침,exclusive,measurement_analysis,photo_unmatchable,2,WP-A181-04,ICP 분석 및 회수율 시험,ICP 분석 및 회수율 시험,III,A-181-2020,present_in_base_ttl_same_guide
ci_unrelated_action_filter1,A-181-2020,인듐에 대한 작업환경측정·분석 기술지침,exclusive,measurement_analysis,photo_unmatchable,3,WP-A181-05,농도 계산,농도 계산,IV,A-181-2020,present_in_base_ttl_same_guide
ci_unrelated_action_filter1,A-182-2020,아크릴산에 대한 작업환경측정·분석 기술지침,exclusive,measurement_analysis,photo_unmatchable,1,WP-A182-01,시료채취,시료채취,I,A-182-2020,present_in_base_ttl_same_guide
ci_unrelated_action_filter1,A-182-2020,아크릴산에 대한 작업환경측정·분석 기술지침,exclusive,measurement_analysis,photo_unmatchable,2,WP-A182-02,시료 전처리,시료 전처리,II,A-182-2020,present_in_base_ttl_same_guide
ci_unrelated_action_filter1,A-182-2020,아크릴산에 대한 작업환경측정·분석 기술지침,exclusive,measurement_analysis,photo_unmatchable,3,WP-A182-03,검량선 작성 및 기기분석,검량선 작성 및 기기분석,III,A-182-2020,present_in_base_ttl_same_guide
ci_unrelated_action_filter1,A-183-2020,염화수소에 대한 작업환경측정·분석기술지침,exclusive,measurement_analysis,photo_unmatchable,1,WP-A183-01,시료채취,시료채취,6-I,A-183-2020,present_in_base_ttl_same_guide
ci_unrelated_action_filter1,A-183-2020,염화수소에 대한 작업환경측정·분석기술지침,exclusive,measurement_analysis,photo_unmatchable,2,WP-A183-02,시료 전처리,시료 전처리,6-II,A-183-2020,present_in_base_ttl_same_guide
ci_unrelated_action_filter1,A-183-2020,염화수소에 대한 작업환경측정·분석기술지침,exclusive,measurement_analysis,photo_unmatchable,3,WP-A183-03,검량선 작성,검량선 작성,6-III,A-183-2020,present_in_base_ttl_same_guide
ci_unrelated_action_filter1,A-183-2020,염화수소에 대한 작업환경측정·분석기술지침,exclusive,measurement_analysis,photo_unmatchable,4,WP-A183-04,이온크로마토그래피 분석,이온크로마토그래피 분석,6-III,A-183-2020,present_in_base_ttl_same_guide
ci_unrelated_action_filter1,A-184-2020,인산에 대한 작업환경측정·분석 기술지침,exclusive,measurement_analysis,photo_unmatchable,1,WP-A184-01,시료채취 기구 선정 및 검량선 준비,시료채취 기구 선정 및 검량선 준비,5,A-184-2020,present_in_base_ttl_same_guide
ci_unrelated_action_filter1,A-184-2020,인산에 대한 작업환경측정·분석 기술지침,exclusive,measurement_analysis,photo_unmatchable,2,WP-A184-02,시료채취,시료채취,6.1,A-184-2020,present_in_base_ttl_same_guide
ci_unrelated_action_filter1,A-184-2020,인산에 대한 작업환경측정·분석 기술지침,exclusive,measurement_analysis,photo_unmatchable,3,WP-A184-03,시료 전처리,시료 전처리,6.2,A-184-2020,present_in_base_ttl_same_guide
ci_unrelated_action_filter1,A-184-2020,인산에 대한 작업환경측정·분석 기술지침,exclusive,measurement_analysis,photo_unmatchable,4,WP-A184-04,검량선 작성 및 이온크로마토그래피 분석,검량선 작성 및 이온크로마토그래피 분석,6.3,A-184-2020,present_in_base_ttl_same_guide
ci_unrelated_action_filter1,A-184-2020,인산에 대한 작업환경측정·분석 기술지침,exclusive,measurement_analysis,photo_unmatchable,5,WP-A184-05,농도 계산,농도 계산,6.4,A-184-2020,present_in_base_ttl_same_guide
ci_unrelated_action_filter1,A-185-2020,질산에 대한 작업환경측정·분석 기술지침,exclusive,measurement_analysis,photo_unmatchable,1,WP-A185-01,시료채취 준비 및 채취,시료채취 준비 및 채취,I,A-185-2020,present_in_base_ttl_same_guide
ci_unrelated_action_filter1,A-185-2020,질산에 대한 작업환경측정·분석 기술지침,exclusive,measurement_analysis,photo_unmatchable,2,WP-A185-02,시료 운반 및 보관,시료 운반 및 보관,I,A-185-2020,present_in_base_ttl_same_guide
ci_unrelated_action_filter1,A-185-2020,질산에 대한 작업환경측정·분석 기술지침,exclusive,measurement_analysis,photo_unmatchable,3,WP-A185-03,시료 전처리,시료 전처리,II,A-185-2020,present_in_base_ttl_same_guide
ci_unrelated_action_filter1,A-185-2020,질산에 대한 작업환경측정·분석 기술지침,exclusive,measurement_analysis,photo_unmatchable,4,WP-A185-04,검량선 작성 및 이온크로마토그래피 분석,검량선 작성 및 이온크로마토그래피 분석,III,A-185-2020,present_in_base_ttl_same_guide
ci_unrelated_action_filter1,A-185-2020,질산에 대한 작업환경측정·분석 기술지침,exclusive,measurement_analysis,photo_unmatchable,5,WP-A185-05,농도 계산 및 결과 산출,농도 계산 및 결과 산출,IV,A-185-2020,present_in_base_ttl_same_guide
ci_unrelated_action_filter1,A-186-2020,초산에 대한 작업환경측정·분석 기술지침,exclusive,measurement_analysis,photo_unmatchable,1,WP-A186-01,시료채취,시료채취,I,A-186-2020,present_in_base_ttl_same_guide
ci_unrelated_action_filter1,A-186-2020,초산에 대한 작업환경측정·분석 기술지침,exclusive,measurement_analysis,photo_unmatchable,2,WP-A186-02,시료 전처리,시료 전처리,II,A-186-2020,present_in_base_ttl_same_guide
ci_unrelated_action_filter1,A-186-2020,초산에 대한 작업환경측정·분석 기술지침,exclusive,measurement_analysis,photo_unmatchable,3,WP-A186-03,검량선 작성 및 탈착효율 검정,검량선 작성 및 탈착효율 검정,III,A-186-2020,present_in_base_ttl_same_guide
ci_unrelated_action_filter1,A-186-2020,초산에 대한 작업환경측정·분석 기술지침,exclusive,measurement_analysis,photo_unmatchable,4,WP-A186-04,가스크로마토그래프 분석,가스크로마토그래프 분석,III,A-186-2020,present_in_base_ttl_same_guide
ci_unrelated_action_filter1,A-187-2020,트리클로로아세트산에 대한 작업환경측정·분석 기술지침,exclusive,measurement_analysis,photo_unmatchable,1,WP-A187-01,시료채취 기구 및 측정방법 선택,시료채취 기구 및 측정방법 선택,5.1,A-187-2020,present_in_base_ttl_same_guide
ci_unrelated_action_filter1,A-187-2020,트리클로로아세트산에 대한 작업환경측정·분석 기술지침,exclusive,measurement_analysis,photo_unmatchable,2,WP-A187-04,시료 전처리,시료 전처리,6.II,A-187-2020,present_in_base_ttl_same_guide
ci_unrelated_action_filter1,A-187-2020,트리클로로아세트산에 대한 작업환경측정·분석 기술지침,exclusive,measurement_analysis,photo_unmatchable,3,WP-A187-03,시료채취,시료채취,6.I,A-187-2020,present_in_base_ttl_same_guide
ci_unrelated_action_filter1,A-187-2020,트리클로로아세트산에 대한 작업환경측정·분석 기술지침,exclusive,measurement_analysis,photo_unmatchable,4,WP-A187-06,HPLC 분석,HPLC 분석,6.III,A-187-2020,present_in_base_ttl_same_guide
ci_unrelated_action_filter1,A-190-2023,수동식시료채취기를 이용한 탄화수소(끓는점 36-180℃)에 대한 작업환경측정·분석 기술지침,exclusive,measurement_analysis,photo_unmatchable,1,WP-A190-01,시료채취,시료채취,I,A-190-2023,present_in_base_ttl_same_guide
ci_unrelated_action_filter1,A-190-2023,수동식시료채취기를 이용한 탄화수소(끓는점 36-180℃)에 대한 작업환경측정·분석 기술지침,exclusive,measurement_analysis,photo_unmatchable,2,WP-A190-02,시료 전처리,시료 전처리,II,A-190-2023,present_in_base_ttl_same_guide
ci_unrelated_action_filter1,A-190-2023,수동식시료채취기를 이용한 탄화수소(끓는점 36-180℃)에 대한 작업환경측정·분석 기술지침,exclusive,measurement_analysis,photo_unmatchable,3,WP-A190-03,검량선 작성 및 탈착효율 검정,검량선 작성 및 탈착효율 검정,III,A-190-2023,present_in_base_ttl_same_guide
ci_unrelated_action_filter1,A-190-2023,수동식시료채취기를 이용한 탄화수소(끓는점 36-180℃)에 대한 작업환경측정·분석 기술지침,exclusive,measurement_analysis,photo_unmatchable,4,WP-A190-04,GC 분석,GC 분석,III,A-190-2023,present_in_base_ttl_same_guide
ci_unrelated_action_filter1,A-191-2023,수동식시료채취기를 이용한 할로겐화탄화수소에 대한 작업환경측정·분석 기술지침,exclusive,measurement_analysis,photo_unmatchable,1,WP-A191-01,시료채취,시료채취,I,A-191-2023,present_in_base_ttl_same_guide
ci_unrelated_action_filter1,A-191-2023,수동식시료채취기를 이용한 할로겐화탄화수소에 대한 작업환경측정·분석 기술지침,exclusive,measurement_analysis,photo_unmatchable,2,WP-A191-02,시료 전처리,시료 전처리,II,A-191-2023,present_in_base_ttl_same_guide
ci_unrelated_action_filter1,A-191-2023,수동식시료채취기를 이용한 할로겐화탄화수소에 대한 작업환경측정·분석 기술지침,exclusive,measurement_analysis,photo_unmatchable,3,WP-A191-03,검량선 작성 및 정도관리,검량선 작성 및 정도관리,III,A-191-2023,present_in_base_ttl_same_guide
ci_unrelated_action_filter1,A-191-2023,수동식시료채취기를 이용한 할로겐화탄화수소에 대한 작업환경측정·분석 기술지침,exclusive,measurement_analysis,photo_unmatchable,4,WP-A191-04,GC 분석,GC 분석,III,A-191-2023,present_in_base_ttl_same_guide
ci_unrelated_action_filter1,A-192-2023,수동식시료채취기를 이용한 에스테르화합물에 대한 작업환경측정·분석 기술지침,exclusive,measurement_analysis,photo_unmatchable,1,WP-A192-01,시료채취,시료채취,6.I,A-192-2023,present_in_base_ttl_same_guide
ci_unrelated_action_filter1,A-192-2023,수동식시료채취기를 이용한 에스테르화합물에 대한 작업환경측정·분석 기술지침,exclusive,measurement_analysis,photo_unmatchable,2,WP-A192-02,시료 전처리,시료 전처리,6.II,A-192-2023,present_in_base_ttl_same_guide
ci_unrelated_action_filter1,A-192-2023,수동식시료채취기를 이용한 에스테르화합물에 대한 작업환경측정·분석 기술지침,exclusive,measurement_analysis,photo_unmatchable,3,WP-A192-03,검량선 작성 및 정도관리,검량선 작성 및 정도관리,6.III,A-192-2023,present_in_base_ttl_same_guide
ci_unrelated_action_filter1,A-192-2023,수동식시료채취기를 이용한 에스테르화합물에 대한 작업환경측정·분석 기술지침,exclusive,measurement_analysis,photo_unmatchable,4,WP-A192-04,GC 분석,GC 분석,6.III,A-192-2023,present_in_base_ttl_same_guide
ci_unrelated_action_filter1,A-193-2023,수동식시료채취기를 이용한 알코올 및 글리콜에테르화합물에 대한 작업환경측정·분석 기술지침,exclusive,measurement_analysis,photo_unmatchable,1,WP-A193-04,탈착효율 시험,탈착효율 시험,6-III,A-193-2023,present_in_base_ttl_same_guide
ci_unrelated_action_filter1,A-193-2023,수동식시료채취기를 이용한 알코올 및 글리콜에테르화합물에 대한 작업환경측정·분석 기술지침,exclusive,measurement_analysis,photo_unmatchable,2,WP-A193-01,시료채취,시료채취,6-I,A-193-2023,present_in_base_ttl_same_guide
ci_unrelated_action_filter1,A-193-2023,수동식시료채취기를 이용한 알코올 및 글리콜에테르화합물에 대한 작업환경측정·분석 기술지침,exclusive,measurement_analysis,photo_unmatchable,3,WP-A193-02,시료 전처리,시료 전처리,6-II,A-193-2023,present_in_base_ttl_same_guide
ci_unrelated_action_filter1,A-193-2023,수동식시료채취기를 이용한 알코올 및 글리콜에테르화합물에 대한 작업환경측정·분석 기술지침,exclusive,measurement_analysis,photo_unmatchable,4,WP-A193-03,검량선 작성 및 정도관리,검량선 작성 및 정도관리,6-III,A-193-2023,present_in_base_ttl_same_guide
ci_unrelated_action_filter1,A-21-2018,염소화비페닐에 대한 작업환경측정·분석 기술지침,exclusive,measurement_analysis,photo_unmatchable,1,WP-A21-04,GC/ECD 분석,GC/ECD 분석,III,A-21-2018,present_in_base_ttl_same_guide
ci_unrelated_action_filter1,A-21-2018,염소화비페닐에 대한 작업환경측정·분석 기술지침,exclusive,measurement_analysis,photo_unmatchable,2,WP-A21-01,시료채취,시료채취,I,A-21-2018,present_in_base_ttl_same_guide
ci_unrelated_action_filter1,A-21-2018,염소화비페닐에 대한 작업환경측정·분석 기술지침,exclusive,measurement_analysis,photo_unmatchable,3,WP-A21-05,농도 계산 및 결과 평가,농도 계산 및 결과 평가,IV,A-21-2018,present_in_base_ttl_same_guide
ci_unrelated_action_filter1,A-23-2018,"1,1,2,2-테트라클로로에탄에 대한 작업환경측정·분석 기술지침",exclusive,measurement_analysis,photo_unmatchable,1,WP-A23-04,GC/FID 분석,GC/FID 분석,III,A-23-2018,present_in_base_ttl_same_guide
ci_unrelated_action_filter1,A-23-2018,"1,1,2,2-테트라클로로에탄에 대한 작업환경측정·분석 기술지침",exclusive,measurement_analysis,photo_unmatchable,2,WP-A23-01,시료채취,시료채취,I,A-23-2018,present_in_base_ttl_same_guide
ci_unrelated_action_filter1,A-25-2018,"1,2-디클로로에탄에 대한 작업환경측정·분석 기술지침",exclusive,measurement_analysis,photo_unmatchable,1,WP-A25-05,GC/FID 기기분석,GC/FID 기기분석,III,A-25-2018,present_in_base_ttl_same_guide
ci_unrelated_action_filter1,A-25-2018,"1,2-디클로로에탄에 대한 작업환경측정·분석 기술지침",exclusive,measurement_analysis,photo_unmatchable,2,WP-A25-01,시료채취 준비,시료채취 준비,I,A-25-2018,present_in_base_ttl_same_guide
ci_unrelated_action_filter1,A-25-2018,"1,2-디클로로에탄에 대한 작업환경측정·분석 기술지침",exclusive,measurement_analysis,photo_unmatchable,3,WP-A25-02,시료채취,시료채취,I,A-25-2018,present_in_base_ttl_same_guide
ci_unrelated_action_filter1,A-26-2018,"1,2-디클로로에틸렌에 대한 작업환경측정·분석 기술지침",exclusive,measurement_analysis,photo_unmatchable,1,WP-A26-05,GC/FID 분석,GC/FID 분석,sectionIII_analysis,A-26-2018,present_in_base_ttl_same_guide
ci_unrelated_action_filter1,A-26-2018,"1,2-디클로로에틸렌에 대한 작업환경측정·분석 기술지침",exclusive,measurement_analysis,photo_unmatchable,2,WP-A26-01,시료채취 준비,시료채취 준비,sectionI,A-26-2018,present_in_base_ttl_same_guide
ci_unrelated_action_filter1,A-26-2018,"1,2-디클로로에틸렌에 대한 작업환경측정·분석 기술지침",exclusive,measurement_analysis,photo_unmatchable,3,WP-A26-02,시료채취,시료채취,sectionI,A-26-2018,present_in_base_ttl_same_guide
ci_unrelated_action_filter1,A-27-2018,사염화탄소에 대한 작업환경측정·분석 기술지침,exclusive,measurement_analysis,photo_unmatchable,1,WP-A27-04,GC/FID 분석,GC/FID 분석,III,A-27-2018,present_in_base_ttl_same_guide
ci_unrelated_action_filter1,A-27-2018,사염화탄소에 대한 작업환경측정·분석 기술지침,exclusive,measurement_analysis,photo_unmatchable,2,WP-A27-01,시료채취,시료채취,I,A-27-2018,present_in_base_ttl_same_guide
ci_unrelated_action_filter1,A-27-2018,사염화탄소에 대한 작업환경측정·분석 기술지침,exclusive,measurement_analysis,photo_unmatchable,3,WP-A27-05,농도 계산 및 결과 판정,농도 계산 및 결과 판정,IV,A-27-2018,present_in_base_ttl_same_guide
ci_unrelated_action_filter1,A-29-2018,오르토-디클로로벤젠에 대한 작업환경측정·분석 기술지침,exclusive,measurement_analysis,photo_unmatchable,1,WP-A29-01,시료채취 준비 및 채취,시료채취 준비 및 채취,I,A-29-2018,present_in_base_ttl_same_guide
ci_unrelated_action_filter1,A-29-2018,오르토-디클로로벤젠에 대한 작업환경측정·분석 기술지침,exclusive,measurement_analysis,photo_unmatchable,2,WP-A29-04,가스크로마토그래피 분석,가스크로마토그래피 분석,III,A-29-2018,present_in_base_ttl_same_guide
ci_unrelated_action_filter1,A-30-2018,클로로벤젠에 대한 작업환경측정·분석 기술지침,exclusive,measurement_analysis,photo_unmatchable,1,WP-A30-04,GC/FID 분석,GC/FID 분석,III,A-30-2018,present_in_base_ttl_same_guide
ci_unrelated_action_filter1,A-30-2018,클로로벤젠에 대한 작업환경측정·분석 기술지침,exclusive,measurement_analysis,photo_unmatchable,2,WP-A30-01,시료채취,시료채취,I,A-30-2018,present_in_base_ttl_same_guide
ci_unrelated_action_filter1,A-30-2018,클로로벤젠에 대한 작업환경측정·분석 기술지침,exclusive,measurement_analysis,photo_unmatchable,3,WP-A30-03,검량선 작성 및 정도관리,검량선 작성 및 정도관리,III,A-30-2018,present_in_base_ttl_same_guide
ci_unrelated_action_filter1,A-30-2018,클로로벤젠에 대한 작업환경측정·분석 기술지침,exclusive,measurement_analysis,photo_unmatchable,4,WP-A30-05,농도 계산 및 결과 판정,농도 계산 및 결과 판정,IV,A-30-2018,present_in_base_ttl_same_guide
ci_unrelated_action_filter1,A-31-2018,테트라클로로에틸렌에 대한 작업환경측정·분석 기술지침,exclusive,measurement_analysis,photo_unmatchable,1,WP-A31-01,시료채취 기구 및 측정방법 선택,시료채취 기구 및 측정방법 선택,5.(1),A-31-2018,present_in_base_ttl_same_guide
ci_unrelated_action_filter1,A-31-2018,테트라클로로에틸렌에 대한 작업환경측정·분석 기술지침,exclusive,measurement_analysis,photo_unmatchable,2,WP-A31-04,시료채취,시료채취,6.I,A-31-2018,present_in_base_ttl_same_guide
ci_unrelated_action_filter1,A-31-2018,테트라클로로에틸렌에 대한 작업환경측정·분석 기술지침,exclusive,measurement_analysis,photo_unmatchable,3,WP-A31-06,가스크로마토그래피(GC) 분석,가스크로마토그래피(GC) 분석,6.III,A-31-2018,present_in_base_ttl_same_guide
ci_unrelated_action_filter1,A-31-2018,테트라클로로에틸렌에 대한 작업환경측정·분석 기술지침,exclusive,measurement_analysis,photo_unmatchable,4,WP-A31-02,표준용액 제조 및 검량선 작성,표준용액 제조 및 검량선 작성,5.(2),A-31-2018,present_in_base_ttl_same_guide
ci_unrelated_action_filter1,A-32-2018,메틸를로로포름에 대한 작업환경측정·분석 기술지침,exclusive,measurement_analysis,photo_unmatchable,1,WP-A32-01,시료채취 기구 및 측정방법 선택,시료채취 기구 및 측정방법 선택,5,A-32-2018,present_in_base_ttl_same_guide
ci_unrelated_action_filter1,A-32-2018,메틸를로로포름에 대한 작업환경측정·분석 기술지침,exclusive,measurement_analysis,photo_unmatchable,2,WP-A32-05,시료채취,시료채취,6,A-32-2018,present_in_base_ttl_same_guide
ci_unrelated_action_filter1,A-32-2018,메틸를로로포름에 대한 작업환경측정·분석 기술지침,exclusive,measurement_analysis,photo_unmatchable,3,WP-A32-02,검량선 작성을 위한 표준용액 제조,검량선 작성을 위한 표준용액 제조,5,A-32-2018,present_in_base_ttl_same_guide
ci_unrelated_action_filter1,A-32-2018,메틸를로로포름에 대한 작업환경측정·분석 기술지침,exclusive,measurement_analysis,photo_unmatchable,4,WP-A32-03,내부표준물질 사용 및 보정,내부표준물질 사용 및 보정,5,A-32-2018,present_in_base_ttl_same_guide
ci_unrelated_action_filter1,A-32-2018,메틸를로로포름에 대한 작업환경측정·분석 기술지침,exclusive,measurement_analysis,photo_unmatchable,5,WP-A32-06,시료 전처리,시료 전처리,6,A-32-2018,present_in_base_ttl_same_guide
ci_unrelated_action_filter1,A-32-2018,메틸를로로포름에 대한 작업환경측정·분석 기술지침,exclusive,measurement_analysis,photo_unmatchable,6,WP-A32-07,분석 및 검량선 정도관리,분석 및 검량선 정도관리,6,A-32-2018,present_in_base_ttl_same_guide
ci_unrelated_action_filter1,A-33-2018,"1,2,3-트리클로로프로판에 대한 작업환경측정·분석 기술지침",exclusive,measurement_analysis,photo_unmatchable,1,WP-A33-05,GC/FID 기기분석,GC/FID 기기분석,III,A-33-2018,present_in_base_ttl_same_guide
ci_unrelated_action_filter1,A-33-2018,"1,2,3-트리클로로프로판에 대한 작업환경측정·분석 기술지침",exclusive,measurement_analysis,photo_unmatchable,2,WP-A33-01,시료채취 준비,시료채취 준비,I,A-33-2018,present_in_base_ttl_same_guide
ci_unrelated_action_filter1,A-33-2018,"1,2,3-트리클로로프로판에 대한 작업환경측정·분석 기술지침",exclusive,measurement_analysis,photo_unmatchable,3,WP-A33-02,시료채취,시료채취,I,A-33-2018,present_in_base_ttl_same_guide
ci_unrelated_action_filter1,A-34-2018,메틸클로라이드에 대한 작업환경측정·분석 기술지침,exclusive,measurement_analysis,photo_unmatchable,1,WP-A34-01,시료채취 기구 및 측정방법 선택,시료채취 기구 및 측정방법 선택,section5,A-34-2018,present_in_base_ttl_same_guide
ci_unrelated_action_filter1,A-34-2018,메틸클로라이드에 대한 작업환경측정·분석 기술지침,exclusive,measurement_analysis,photo_unmatchable,2,WP-A34-02,시료채취,시료채취,section_I,A-34-2018,present_in_base_ttl_same_guide
ci_unrelated_action_filter1,A-34-2018,메틸클로라이드에 대한 작업환경측정·분석 기술지침,exclusive,measurement_analysis,photo_unmatchable,3,WP-A34-06,GC/FID 분석,GC/FID 분석,section_III,A-34-2018,present_in_base_ttl_same_guide
ci_unrelated_action_filter1,A-36-2018,에틸렌글리콜모노부틸아세테이트에 대한 작업환경측정·분석 기술지침,exclusive,measurement_analysis,photo_unmatchable,1,WP-A36-01,시료채취 준비,시료채취 준비,section_I,A-36-2018,present_in_base_ttl_same_guide
ci_unrelated_action_filter1,A-36-2018,에틸렌글리콜모노부틸아세테이트에 대한 작업환경측정·분석 기술지침,exclusive,measurement_analysis,photo_unmatchable,2,WP-A36-02,시료채취,시료채취,section_I,A-36-2018,present_in_base_ttl_same_guide
ci_unrelated_action_filter1,A-36-2018,에틸렌글리콜모노부틸아세테이트에 대한 작업환경측정·분석 기술지침,exclusive,measurement_analysis,photo_unmatchable,3,WP-A36-05,가스크로마토그래피 분석,가스크로마토그래피 분석,section_III,A-36-2018,present_in_base_ttl_same_guide
ci_unrelated_action_filter1,A-37-2018,디클로로플루오르메탄에 대한 작업환경측정·분석 기술지침,exclusive,measurement_analysis,photo_unmatchable,1,WP-A37-01,시료채취 기구 보정 및 준비,시료채취 기구 보정 및 준비,section_I,A-37-2018,present_in_base_ttl_same_guide
ci_unrelated_action_filter1,A-37-2018,디클로로플루오르메탄에 대한 작업환경측정·분석 기술지침,exclusive,measurement_analysis,photo_unmatchable,2,WP-A37-02,시료채취,시료채취,section_I,A-37-2018,present_in_base_ttl_same_guide
ci_unrelated_action_filter1,A-37-2018,디클로로플루오르메탄에 대한 작업환경측정·분석 기술지침,exclusive,measurement_analysis,photo_unmatchable,3,WP-A37-05,가스크로마토그래피 분석,가스크로마토그래피 분석,section_III,A-37-2018,present_in_base_ttl_same_guide
ci_unrelated_action_filter1,A-38-2018,에틸렌클로로하이드린에 대한 작업환경측정·분석 기술지침,exclusive,measurement_analysis,photo_unmatchable,1,WP-A38-04,가스크로마토그래피 분석,가스크로마토그래피 분석,sectionIII,A-38-2018,present_in_base_ttl_same_guide
ci_unrelated_action_filter1,A-38-2018,에틸렌클로로하이드린에 대한 작업환경측정·분석 기술지침,exclusive,measurement_analysis,photo_unmatchable,2,WP-A38-01,시료채취,시료채취,sectionI,A-38-2018,present_in_base_ttl_same_guide
ci_unrelated_action_filter1,A-38-2018,에틸렌클로로하이드린에 대한 작업환경측정·분석 기술지침,exclusive,measurement_analysis,photo_unmatchable,3,WP-A38-03,검량선 작성 및 정도관리,검량선 작성 및 정도관리,sectionIII,A-38-2018,present_in_base_ttl_same_guide
ci_unrelated_action_filter1,A-39-2018,1-브로모프로판에 대한 작업환경측정·분석 기술지침,exclusive,measurement_analysis,photo_unmatchable,1,WP-A39-04,GC/FID 분석,GC/FID 분석,section-III,A-39-2018,present_in_base_ttl_same_guide
ci_unrelated_action_filter1,A-39-2018,1-브로모프로판에 대한 작업환경측정·분석 기술지침,exclusive,measurement_analysis,photo_unmatchable,2,WP-A39-01,시료채취,시료채취,section-I,A-39-2018,present_in_base_ttl_same_guide
ci_unrelated_action_filter1,A-4-2018,마그네슘에 대한 작업환경측정·분석 기술지침,exclusive,measurement_analysis,photo_unmatchable,1,WP-A4-01,시료채취,시료채취,I,A-4-2018,present_in_base_ttl_same_guide
ci_unrelated_action_filter1,A-4-2018,마그네슘에 대한 작업환경측정·분석 기술지침,exclusive,measurement_analysis,photo_unmatchable,2,WP-A4-04,분석,분석,III,A-4-2018,present_in_base_ttl_same_guide
ci_unrelated_action_filter1,A-4-2018,마그네슘에 대한 작업환경측정·분석 기술지침,exclusive,measurement_analysis,photo_unmatchable,3,WP-A4-05,계산,계산,IV,A-4-2018,present_in_base_ttl_same_guide
ci_unrelated_action_filter1,A-41-2018,프레온141b에 대한 작업환경측정·분석 기술지침,exclusive,measurement_analysis,photo_unmatchable,1,WP-A41-01,시료채취,시료채취,I,A-41-2018,present_in_base_ttl_same_guide
ci_unrelated_action_filter1,A-41-2018,프레온141b에 대한 작업환경측정·분석 기술지침,exclusive,measurement_analysis,photo_unmatchable,2,WP-A41-03,검량선 작성 및 분석,검량선 작성 및 분석,III,A-41-2018,present_in_base_ttl_same_guide
ci_unrelated_action_filter1,A-42-2018,프레온113에 대한 작업환경측정·분석 기술지침,exclusive,measurement_analysis,photo_unmatchable,1,WP-A42-05,GC 분석,GC 분석,III,A-42-2018,present_in_base_ttl_same_guide
ci_unrelated_action_filter1,A-42-2018,프레온113에 대한 작업환경측정·분석 기술지침,exclusive,measurement_analysis,photo_unmatchable,2,WP-A42-01,시료채취 준비,시료채취 준비,I,A-42-2018,present_in_base_ttl_same_guide
ci_unrelated_action_filter1,A-42-2018,프레온113에 대한 작업환경측정·분석 기술지침,exclusive,measurement_analysis,photo_unmatchable,3,WP-A42-02,시료채취,시료채취,I,A-42-2018,present_in_base_ttl_same_guide
ci_unrelated_action_filter1,A-42-2018,프레온113에 대한 작업환경측정·분석 기술지침,exclusive,measurement_analysis,photo_unmatchable,4,WP-A42-06,농도 계산,농도 계산,IV,A-42-2018,present_in_base_ttl_same_guide
ci_unrelated_action_filter1,A-43-2018,바륨에 대한 작업환경측정·분석 기술지침,exclusive,measurement_analysis,photo_unmatchable,1,WP-A43-01,시료채취,시료채취,7,A-43-2018,present_in_base_ttl_same_guide
ci_unrelated_action_filter1,A-43-2018,바륨에 대한 작업환경측정·분석 기술지침,exclusive,measurement_analysis,photo_unmatchable,2,WP-A43-05,농도 계산,농도 계산,10,A-43-2018,present_in_base_ttl_same_guide
ci_unrelated_action_filter1,A-45-2018,안티몬에 대한 작업환경측정·분석 기술지침,exclusive,measurement_analysis,photo_unmatchable,1,WP-A45-04,ICP-AES 분석,ICP-AES 분석,III,A-45-2018,present_in_base_ttl_same_guide
ci_unrelated_action_filter1,A-45-2018,안티몬에 대한 작업환경측정·분석 기술지침,exclusive,measurement_analysis,photo_unmatchable,2,WP-A45-01,시료채취,시료채취,I,A-45-2018,present_in_base_ttl_same_guide
ci_unrelated_action_filter1,A-45-2018,안티몬에 대한 작업환경측정·분석 기술지침,exclusive,measurement_analysis,photo_unmatchable,3,WP-A45-03,검량선 작성 및 정도관리,검량선 작성 및 정도관리,III,A-45-2018,present_in_base_ttl_same_guide
ci_unrelated_action_filter1,A-45-2018,안티몬에 대한 작업환경측정·분석 기술지침,exclusive,measurement_analysis,photo_unmatchable,4,WP-A45-05,농도 계산,농도 계산,IV,A-45-2018,present_in_base_ttl_same_guide
ci_unrelated_action_filter1,A-46-2018,요오드에 대한 작업환경측정·분석 기술지침,exclusive,measurement_analysis,photo_unmatchable,1,WP-A46-24,검량선 작성 및 정도관리,검량선 작성 및 정도관리,substance,A-46-2018,present_in_base_ttl_same_guide
ci_unrelated_action_filter1,A-46-2018,요오드에 대한 작업환경측정·분석 기술지침,exclusive,measurement_analysis,photo_unmatchable,2,WP-A46-02,검량선 작성을 위한 표준용액 제조,검량선 작성을 위한 표준용액 제조,5,A-46-2018,present_in_base_ttl_same_guide
ci_unrelated_action_filter1,A-46-2018,요오드에 대한 작업환경측정·분석 기술지침,exclusive,measurement_analysis,photo_unmatchable,3,WP-A46-03,내부표준물질 사용 및 보정,내부표준물질 사용 및 보정,5,A-46-2018,present_in_base_ttl_same_guide
ci_unrelated_action_filter1,A-46-2018,요오드에 대한 작업환경측정·분석 기술지침,exclusive,measurement_analysis,photo_unmatchable,4,WP-A46-01,시료채취 기구 및 측정방법 선택,시료채취 기구 및 측정방법 선택,5,A-46-2018,present_in_base_ttl_same_guide
ci_unrelated_action_filter1,A-46-2018,요오드에 대한 작업환경측정·분석 기술지침,exclusive,measurement_analysis,photo_unmatchable,5,WP-A46-04,탈착효율 검정,탈착효율 검정,5,A-46-2018,present_in_base_ttl_same_guide
ci_unrelated_action_filter1,A-46-2018,요오드에 대한 작업환경측정·분석 기술지침,exclusive,measurement_analysis,photo_unmatchable,6,WP-A46-22,시료채취,시료채취,substance,A-46-2018,present_in_base_ttl_same_guide
ci_unrelated_action_filter1,A-46-2018,요오드에 대한 작업환경측정·분석 기술지침,exclusive,measurement_analysis,photo_unmatchable,7,WP-A46-25,분석과정,분석과정,substance,A-46-2018,present_in_base_ttl_same_guide
ci_unrelated_action_filter1,A-46-2018,요오드에 대한 작업환경측정·분석 기술지침,exclusive,measurement_analysis,photo_unmatchable,8,WP-A46-26,농도 계산,농도 계산,substance,A-46-2018,present_in_base_ttl_same_guide
ci_unrelated_action_filter1,A-47-2018,텅스텐에 대한 작업환경측정·분석 기술지침,exclusive,measurement_analysis,photo_unmatchable,1,WP-A47-01,시료채취 기구 준비 및 보정,시료채취 기구 준비 및 보정,5,A-47-2018,present_in_base_ttl_same_guide
ci_unrelated_action_filter1,A-47-2018,텅스텐에 대한 작업환경측정·분석 기술지침,exclusive,measurement_analysis,photo_unmatchable,2,WP-A47-04,검량선 작성 및 분석,검량선 작성 및 분석,6-III,A-47-2018,present_in_base_ttl_same_guide
ci_unrelated_action_filter1,A-47-2018,텅스텐에 대한 작업환경측정·분석 기술지침,exclusive,measurement_analysis,photo_unmatchable,3,WP-A47-02,시료채취,시료채취,6-I,A-47-2018,present_in_base_ttl_same_guide
ci_unrelated_action_filter1,A-48-2018,오산화바나듐에 대한 작업환경측정·분석 기술지침,exclusive,measurement_analysis,photo_unmatchable,1,WP-A48-22,공시료 준비,공시료 준비,III,A-48-2018,present_in_base_ttl_same_guide
ci_unrelated_action_filter1,A-48-2018,오산화바나듐에 대한 작업환경측정·분석 기술지침,exclusive,measurement_analysis,photo_unmatchable,2,WP-A48-03,시료 전처리 (THF 용해 및 은막여과지 재침착),시료 전처리 (THF 용해 및 은막여과지 재침착),II,A-48-2018,present_in_base_ttl_same_guide
ci_unrelated_action_filter1,A-48-2018,오산화바나듐에 대한 작업환경측정·분석 기술지침,exclusive,measurement_analysis,photo_unmatchable,3,WP-A48-04,XRD 분석 준비 (샘플홀더 장착),XRD 분석 준비 (샘플홀더 장착),II,A-48-2018,present_in_base_ttl_same_guide
ci_unrelated_action_filter1,A-48-2018,오산화바나듐에 대한 작업환경측정·분석 기술지침,exclusive,measurement_analysis,photo_unmatchable,4,WP-A48-01,시료채취 준비 (펌프 보정),시료채취 준비 (펌프 보정),I,A-48-2018,present_in_base_ttl_same_guide
ci_unrelated_action_filter1,A-48-2018,오산화바나듐에 대한 작업환경측정·분석 기술지침,exclusive,measurement_analysis,photo_unmatchable,5,WP-A48-25,방해물질 확인 및 XRD 분석,방해물질 확인 및 XRD 분석,III,A-48-2018,present_in_base_ttl_same_guide
ci_unrelated_action_filter1,A-50-2018,유기주석에 대한 작업환경측정·분석 기술지침,exclusive,measurement_analysis,photo_unmatchable,1,WP-A50-04,HPLC/AAS 기기 분석,HPLC/AAS 기기 분석,III,A-50-2018,present_in_base_ttl_same_guide
ci_unrelated_action_filter1,A-50-2018,유기주석에 대한 작업환경측정·분석 기술지침,exclusive,measurement_analysis,photo_unmatchable,2,WP-A50-01,시료채취 준비 및 채취,시료채취 준비 및 채취,I,A-50-2018,present_in_base_ttl_same_guide
ci_unrelated_action_filter1,A-50-2018,유기주석에 대한 작업환경측정·분석 기술지침,exclusive,measurement_analysis,photo_unmatchable,3,WP-A50-05,농도 계산,농도 계산,IV,A-50-2018,present_in_base_ttl_same_guide
ci_unrelated_action_filter1,A-51-2018,비소에 대한 작업환경측정·분석 기술지침,exclusive,measurement_analysis,photo_unmatchable,1,WP-A51-04,원자흡광도계(AAS) 분석,원자흡광도계(AAS) 분석,III,A-51-2018,present_in_base_ttl_same_guide
ci_unrelated_action_filter1,A-51-2018,비소에 대한 작업환경측정·분석 기술지침,exclusive,measurement_analysis,photo_unmatchable,2,WP-A51-01,시료채취,시료채취,I,A-51-2018,present_in_base_ttl_same_guide
ci_unrelated_action_filter1,A-51-2018,비소에 대한 작업환경측정·분석 기술지침,exclusive,measurement_analysis,photo_unmatchable,3,WP-A51-02,시료 전처리 (회화),시료 전처리 (회화),II,A-51-2018,present_in_base_ttl_same_guide
ci_unrelated_action_filter1,A-51-2018,비소에 대한 작업환경측정·분석 기술지침,exclusive,measurement_analysis,photo_unmatchable,4,WP-A51-03,검량선 작성 및 정도관리,검량선 작성 및 정도관리,III,A-51-2018,present_in_base_ttl_same_guide
ci_unrelated_action_filter1,A-51-2018,비소에 대한 작업환경측정·분석 기술지침,exclusive,measurement_analysis,photo_unmatchable,5,WP-A51-05,회수율 검정,회수율 검정,5,A-51-2018,present_in_base_ttl_same_guide
ci_unrelated_action_filter1,A-52-2018,삼수소화비소에 대한 작업환경측정·분석 기술지침,exclusive,measurement_analysis,photo_unmatchable,1,WP-A52-01,시료채취 준비,시료채취 준비,6-I,A-52-2018,present_in_base_ttl_same_guide
ci_unrelated_action_filter1,A-52-2018,삼수소화비소에 대한 작업환경측정·분석 기술지침,exclusive,measurement_analysis,photo_unmatchable,2,WP-A52-02,시료채취,시료채취,6-I,A-52-2018,present_in_base_ttl_same_guide
ci_unrelated_action_filter1,A-52-2018,삼수소화비소에 대한 작업환경측정·분석 기술지침,exclusive,measurement_analysis,photo_unmatchable,3,WP-A52-04,검량선 작성 및 정도관리,검량선 작성 및 정도관리,6-III,A-52-2018,present_in_base_ttl_same_guide
ci_unrelated_action_filter1,A-52-2018,삼수소화비소에 대한 작업환경측정·분석 기술지침,exclusive,measurement_analysis,photo_unmatchable,4,WP-A52-05,기기분석,기기분석,6-III,A-52-2018,present_in_base_ttl_same_guide
ci_unrelated_action_filter1,A-52-2018,삼수소화비소에 대한 작업환경측정·분석 기술지침,exclusive,measurement_analysis,photo_unmatchable,5,WP-A52-06,농도 계산,농도 계산,6-IV,A-52-2018,present_in_base_ttl_same_guide
ci_unrelated_action_filter1,A-53-2018,금속가공유에 대한 작업환경측정·분석 기술지침,exclusive,measurement_analysis,photo_unmatchable,1,WP-A53-01,시료채취용 필터 사전 중량측정,시료채취용 필터 사전 중량측정,7,A-53-2018,present_in_base_ttl_same_guide
ci_unrelated_action_filter1,A-53-2018,금속가공유에 대한 작업환경측정·분석 기술지침,exclusive,measurement_analysis,photo_unmatchable,2,WP-A53-02,카세트 조립 및 시료채취,카세트 조립 및 시료채취,8,A-53-2018,present_in_base_ttl_same_guide
ci_unrelated_action_filter1,A-53-2018,금속가공유에 대한 작업환경측정·분석 기술지침,exclusive,measurement_analysis,photo_unmatchable,3,WP-A53-04,시료 추출 전 중량측정,시료 추출 전 중량측정,9,A-53-2018,present_in_base_ttl_same_guide
ci_unrelated_action_filter1,A-53-2018,금속가공유에 대한 작업환경측정·분석 기술지침,exclusive,measurement_analysis,photo_unmatchable,4,WP-A53-05,금속가공유 추출,금속가공유 추출,9,A-53-2018,present_in_base_ttl_same_guide
ci_unrelated_action_filter1,A-53-2018,금속가공유에 대한 작업환경측정·분석 기술지침,exclusive,measurement_analysis,photo_unmatchable,5,WP-A53-06,추출 후 중량측정 및 회수율 시험,추출 후 중량측정 및 회수율 시험,9,A-53-2018,present_in_base_ttl_same_guide
ci_unrelated_action_filter1,A-53-2018,금속가공유에 대한 작업환경측정·분석 기술지침,exclusive,measurement_analysis,photo_unmatchable,6,WP-A53-07,농도 계산 및 결과 산출,농도 계산 및 결과 산출,10,A-53-2018,present_in_base_ttl_same_guide
ci_unrelated_action_filter1,A-54-2018,글루타르알데히드에 대한 작업환경측정·분석 기술지침,exclusive,measurement_analysis,photo_unmatchable,1,WP-A54-05,HPLC 분석,HPLC 분석,III,A-54-2018,present_in_base_ttl_same_guide
ci_unrelated_action_filter1,A-54-2018,글루타르알데히드에 대한 작업환경측정·분석 기술지침,exclusive,measurement_analysis,photo_unmatchable,2,WP-A54-01,시료채취,시료채취,I,A-54-2018,present_in_base_ttl_same_guide
ci_unrelated_action_filter1,A-54-2018,글루타르알데히드에 대한 작업환경측정·분석 기술지침,exclusive,measurement_analysis,photo_unmatchable,3,WP-A54-02,시료 전처리,시료 전처리,II,A-54-2018,present_in_base_ttl_same_guide
ci_unrelated_action_filter1,A-54-2018,글루타르알데히드에 대한 작업환경측정·분석 기술지침,exclusive,measurement_analysis,photo_unmatchable,4,WP-A54-03,검량선 작성 및 정도관리,검량선 작성 및 정도관리,III,A-54-2018,present_in_base_ttl_same_guide
ci_unrelated_action_filter1,A-55-2018,글루타르알데히드에 대한 작업환경측정·분석 기술지침,exclusive,measurement_analysis,photo_unmatchable,1,WP-A55-02,시료채취,시료채취,I,A-55-2018,present_in_base_ttl_same_guide
ci_unrelated_action_filter1,A-55-2018,글루타르알데히드에 대한 작업환경측정·분석 기술지침,exclusive,measurement_analysis,photo_unmatchable,2,WP-A55-01,시료채취 준비,시료채취 준비,I,A-55-2018,present_in_base_ttl_same_guide
ci_unrelated_action_filter1,A-55-2018,글루타르알데히드에 대한 작업환경측정·분석 기술지침,exclusive,measurement_analysis,photo_unmatchable,3,WP-A55-05,가스크로마토그래피 분석,가스크로마토그래피 분석,III,A-55-2018,present_in_base_ttl_same_guide
ci_unrelated_action_filter1,A-58-2018,아세트알데히드에 대한 작업환경측정·분석 기술지침,exclusive,measurement_analysis,photo_unmatchable,1,WP-A58-04,HPLC 분석,HPLC 분석,III,A-58-2018,present_in_base_ttl_same_guide
ci_unrelated_action_filter1,A-58-2018,아세트알데히드에 대한 작업환경측정·분석 기술지침,exclusive,measurement_analysis,photo_unmatchable,2,WP-A58-01,시료채취,시료채취,I,A-58-2018,present_in_base_ttl_same_guide
ci_unrelated_action_filter1,A-58-2018,아세트알데히드에 대한 작업환경측정·분석 기술지침,exclusive,measurement_analysis,photo_unmatchable,3,WP-A58-03,검량선 작성 및 정도관리,검량선 작성 및 정도관리,III,A-58-2018,present_in_base_ttl_same_guide
ci_unrelated_action_filter1,A-59-2018,아세트알데히드에 대한 작업환경측정·분석 기술지침,exclusive,measurement_analysis,photo_unmatchable,1,WP-A59-02,시료채취,시료채취,I,A-59-2018,present_in_base_ttl_same_guide
ci_unrelated_action_filter1,A-59-2018,아세트알데히드에 대한 작업환경측정·분석 기술지침,exclusive,measurement_analysis,photo_unmatchable,2,WP-A59-05,가스크로마토그래피 분석,가스크로마토그래피 분석,III,A-59-2018,present_in_base_ttl_same_guide
ci_unrelated_action_filter1,A-59-2018,아세트알데히드에 대한 작업환경측정·분석 기술지침,exclusive,measurement_analysis,photo_unmatchable,3,WP-A59-01,시료채취 준비 및 펌프 보정,시료채취 준비 및 펌프 보정,I,A-59-2018,present_in_base_ttl_same_guide
ci_unrelated_action_filter1,A-6-2018,백금에 대한 작업환경측정·분석 기술지침,exclusive,measurement_analysis,photo_unmatchable,1,WP-A6-04,분석 및 농도 계산,분석 및 농도 계산,IV,A-6-2018,present_in_base_ttl_same_guide
ci_unrelated_action_filter1,A-6-2018,백금에 대한 작업환경측정·분석 기술지침,exclusive,measurement_analysis,photo_unmatchable,2,WP-A6-01,시료채취,시료채취,I,A-6-2018,present_in_base_ttl_same_guide
ci_unrelated_action_filter1,A-6-2018,백금에 대한 작업환경측정·분석 기술지침,exclusive,measurement_analysis,photo_unmatchable,3,WP-A6-03,검량선 작성 및 정도관리,검량선 작성 및 정도관리,III,A-6-2018,present_in_base_ttl_same_guide
ci_unrelated_action_filter1,A-60-2018,디클로로벤지딘에 대한 작업환경측정·분석 기술지침,exclusive,measurement_analysis,photo_unmatchable,1,WP-A60-01,시료채취,시료채취,6-I,A-60-2018,present_in_base_ttl_same_guide
ci_unrelated_action_filter1,A-60-2018,디클로로벤지딘에 대한 작업환경측정·분석 기술지침,exclusive,measurement_analysis,photo_unmatchable,2,WP-A60-03,시료 분석 (검량선 작성 및 정도관리),시료 분석 (검량선 작성 및 정도관리),6-III,A-60-2018,present_in_base_ttl_same_guide
ci_unrelated_action_filter1,A-60-2018,디클로로벤지딘에 대한 작업환경측정·분석 기술지침,exclusive,measurement_analysis,photo_unmatchable,3,WP-A60-04,액체크로마토그래피 분석,액체크로마토그래피 분석,6-III,A-60-2018,present_in_base_ttl_same_guide
ci_unrelated_action_filter1,A-61-2018,디아니시딘에 대한 작업환경측정·분석 기술지침,exclusive,measurement_analysis,photo_unmatchable,1,WP-A61-01,시료채취,시료채취,6.2,A-61-2018,present_in_base_ttl_same_guide
ci_unrelated_action_filter1,A-61-2018,디아니시딘에 대한 작업환경측정·분석 기술지침,exclusive,measurement_analysis,photo_unmatchable,2,WP-A61-04,액체크로마토그래피 분석,액체크로마토그래피 분석,6.4,A-61-2018,present_in_base_ttl_same_guide
ci_unrelated_action_filter1,A-61-2018,디아니시딘에 대한 작업환경측정·분석 기술지침,exclusive,measurement_analysis,photo_unmatchable,3,WP-A61-05,농도 계산,농도 계산,6.5,A-61-2018,present_in_base_ttl_same_guide
ci_unrelated_action_filter1,A-62-2018,히드라진에 대한 작업환경측정·분석 기술지침,exclusive,measurement_analysis,photo_unmatchable,1,WP-A62-05,HPLC/UV 분석,HPLC/UV 분석,III,A-62-2018,present_in_base_ttl_same_guide
ci_unrelated_action_filter1,A-62-2018,히드라진에 대한 작업환경측정·분석 기술지침,exclusive,measurement_analysis,photo_unmatchable,2,WP-A62-01,시료채취 준비,시료채취 준비,I,A-62-2018,present_in_base_ttl_same_guide
ci_unrelated_action_filter1,A-62-2018,히드라진에 대한 작업환경측정·분석 기술지침,exclusive,measurement_analysis,photo_unmatchable,3,WP-A62-02,시료채취,시료채취,I,A-62-2018,present_in_base_ttl_same_guide
ci_unrelated_action_filter1,A-62-2018,히드라진에 대한 작업환경측정·분석 기술지침,exclusive,measurement_analysis,photo_unmatchable,4,WP-A62-03,시료 전처리,시료 전처리,II,A-62-2018,present_in_base_ttl_same_guide
ci_unrelated_action_filter1,A-62-2018,히드라진에 대한 작업환경측정·분석 기술지침,exclusive,measurement_analysis,photo_unmatchable,5,WP-A62-04,검량선 작성 및 정도관리,검량선 작성 및 정도관리,III,A-62-2018,present_in_base_ttl_same_guide
ci_unrelated_action_filter1,A-67-2018,니트로글리세린에 대한 작업환경측정·분석 기술지침,exclusive,measurement_analysis,photo_unmatchable,1,WP-A67-02,시료채취,시료채취,I,A-67-2018,present_in_base_ttl_same_guide
ci_unrelated_action_filter1,A-67-2018,니트로글리세린에 대한 작업환경측정·분석 기술지침,exclusive,measurement_analysis,photo_unmatchable,2,WP-A67-01,시료채취 준비 및 펌프 보정,시료채취 준비 및 펌프 보정,I,A-67-2018,present_in_base_ttl_same_guide
ci_unrelated_action_filter1,A-67-2018,니트로글리세린에 대한 작업환경측정·분석 기술지침,exclusive,measurement_analysis,photo_unmatchable,3,WP-A67-05,가스크로마토그래피 분석,가스크로마토그래피 분석,III,A-67-2018,present_in_base_ttl_same_guide
ci_unrelated_action_filter1,A-68-2018,에틸렌글리콜디나이트레이트에 대한 작업환경측정·분석 기술지침,exclusive,measurement_analysis,photo_unmatchable,1,WP-A68-06,GC-ECD 분석,GC-ECD 분석,III,A-68-2018,present_in_base_ttl_same_guide
ci_unrelated_action_filter1,A-68-2018,에틸렌글리콜디나이트레이트에 대한 작업환경측정·분석 기술지침,exclusive,measurement_analysis,photo_unmatchable,2,WP-A68-01,시료채취 준비,시료채취 준비,I,A-68-2018,present_in_base_ttl_same_guide
ci_unrelated_action_filter1,A-68-2018,에틸렌글리콜디나이트레이트에 대한 작업환경측정·분석 기술지침,exclusive,measurement_analysis,photo_unmatchable,3,WP-A68-02,시료채취,시료채취,I,A-68-2018,present_in_base_ttl_same_guide
ci_unrelated_action_filter1,A-68-2018,에틸렌글리콜디나이트레이트에 대한 작업환경측정·분석 기술지침,exclusive,measurement_analysis,photo_unmatchable,4,WP-A68-05,탈착효율 검정,탈착효율 검정,III,A-68-2018,present_in_base_ttl_same_guide
ci_unrelated_action_filter1,A-71-2018,에틸벤젠에 대한 작업환경측정·분석 기술지침,exclusive,measurement_analysis,photo_unmatchable,1,WP-A71-01,시료채취 준비 및 채취,시료채취 준비 및 채취,I,A-71-2018,present_in_base_ttl_same_guide
ci_unrelated_action_filter1,A-71-2018,에틸벤젠에 대한 작업환경측정·분석 기술지침,exclusive,measurement_analysis,photo_unmatchable,2,WP-A71-04,가스크로마토그래피 시료 분석,가스크로마토그래피 시료 분석,III,A-71-2018,present_in_base_ttl_same_guide
ci_unrelated_action_filter1,A-73-2018,크실렌에 대한 작업환경측정·분석 기술지침,exclusive,measurement_analysis,photo_unmatchable,1,WP-A73-04,가스크로마토그래피 분석,가스크로마토그래피 분석,III,A-73-2018,present_in_base_ttl_same_guide
ci_unrelated_action_filter1,A-73-2018,크실렌에 대한 작업환경측정·분석 기술지침,exclusive,measurement_analysis,photo_unmatchable,2,WP-A73-01,시료채취,시료채취,I,A-73-2018,present_in_base_ttl_same_guide
ci_unrelated_action_filter1,A-74-2018,크레졸에 대한 작업환경측정·분석 기술지침,exclusive,measurement_analysis,photo_unmatchable,1,WP-A74-04,가스크로마토그래피 분석,가스크로마토그래피 분석,III,A-74-2018,present_in_base_ttl_same_guide
ci_unrelated_action_filter1,A-74-2018,크레졸에 대한 작업환경측정·분석 기술지침,exclusive,measurement_analysis,photo_unmatchable,2,WP-A74-01,시료채취,시료채취,I,A-74-2018,present_in_base_ttl_same_guide
ci_unrelated_action_filter1,A-74-2018,크레졸에 대한 작업환경측정·분석 기술지침,exclusive,measurement_analysis,photo_unmatchable,3,WP-A74-02,시료 전처리,시료 전처리,II,A-74-2018,present_in_base_ttl_same_guide
ci_unrelated_action_filter1,A-74-2018,크레졸에 대한 작업환경측정·분석 기술지침,exclusive,measurement_analysis,photo_unmatchable,4,WP-A74-03,검량선 작성 및 정도관리,검량선 작성 및 정도관리,III,A-74-2018,present_in_base_ttl_same_guide
ci_unrelated_action_filter1,A-75-2018,페놀에 대한 작업환경측정·분석 기술지침,exclusive,measurement_analysis,photo_unmatchable,1,WP-A75-01,시료채취 준비 및 펌프 보정,시료채취 준비 및 펌프 보정,I,A-75-2018,present_in_base_ttl_same_guide
ci_unrelated_action_filter1,A-75-2018,페놀에 대한 작업환경측정·분석 기술지침,exclusive,measurement_analysis,photo_unmatchable,2,WP-A75-02,시료채취,시료채취,I,A-75-2018,present_in_base_ttl_same_guide
ci_unrelated_action_filter1,A-75-2018,페놀에 대한 작업환경측정·분석 기술지침,exclusive,measurement_analysis,photo_unmatchable,3,WP-A75-03,시료 전처리(탈착),시료 전처리(탈착),II,A-75-2018,present_in_base_ttl_same_guide
ci_unrelated_action_filter1,A-75-2018,페놀에 대한 작업환경측정·분석 기술지침,exclusive,measurement_analysis,photo_unmatchable,4,WP-A75-05,가스크로마토그래피 분석,가스크로마토그래피 분석,III,A-75-2018,present_in_base_ttl_same_guide
ci_unrelated_action_filter1,A-78-2018,"1,6-헥사메틸렌디이소시아네이트에 대한 작업환경측정·분석 기술지침",exclusive,measurement_analysis,photo_unmatchable,1,WP-A78-05,기기분석(HPLC),기기분석(HPLC),IV,A-78-2018,present_in_base_ttl_same_guide
ci_unrelated_action_filter1,A-78-2018,"1,6-헥사메틸렌디이소시아네이트에 대한 작업환경측정·분석 기술지침",exclusive,measurement_analysis,photo_unmatchable,2,WP-A78-01,시료채취 준비 및 채취,시료채취 준비 및 채취,I,A-78-2018,present_in_base_ttl_same_guide
ci_unrelated_action_filter1,A-78-2018,"1,6-헥사메틸렌디이소시아네이트에 대한 작업환경측정·분석 기술지침",exclusive,measurement_analysis,photo_unmatchable,3,WP-A78-02,표준용액 제조,표준용액 제조,II,A-78-2018,present_in_base_ttl_same_guide
ci_unrelated_action_filter1,A-8-2018,셀레늄에 대한 작업환경측정·분석 기술지침,exclusive,measurement_analysis,photo_unmatchable,1,WP-A8-04,검량선 작성 및 정도관리,검량선 작성 및 정도관리,III,A-8-2018,present_in_base_ttl_same_guide
ci_unrelated_action_filter1,A-8-2018,셀레늄에 대한 작업환경측정·분석 기술지침,exclusive,measurement_analysis,photo_unmatchable,2,WP-A8-05,원자흡광광도계(AAS) 분석,원자흡광광도계(AAS) 분석,III,A-8-2018,present_in_base_ttl_same_guide
ci_unrelated_action_filter1,A-8-2018,셀레늄에 대한 작업환경측정·분석 기술지침,exclusive,measurement_analysis,photo_unmatchable,3,WP-A8-01,시료채취 준비 및 펌프 보정,시료채취 준비 및 펌프 보정,I,A-8-2018,present_in_base_ttl_same_guide
ci_unrelated_action_filter1,A-8-2018,셀레늄에 대한 작업환경측정·분석 기술지침,exclusive,measurement_analysis,photo_unmatchable,4,WP-A8-02,공기 시료채취,공기 시료채취,I,A-8-2018,present_in_base_ttl_same_guide
ci_unrelated_action_filter1,A-8-2018,셀레늄에 대한 작업환경측정·분석 기술지침,exclusive,measurement_analysis,photo_unmatchable,5,WP-A8-06,회수율 시험 및 보정,회수율 시험 및 보정,III,A-8-2018,present_in_base_ttl_same_guide
ci_unrelated_action_filter1,A-80-2018,p-니트로클로로벤젠에 대한 작업환경측정·분석 기술지침,exclusive,measurement_analysis,photo_unmatchable,1,WP-A80-01,시료채취,시료채취,6-1,A-80-2018,present_in_base_ttl_same_guide
ci_unrelated_action_filter1,A-80-2018,p-니트로클로로벤젠에 대한 작업환경측정·분석 기술지침,exclusive,measurement_analysis,photo_unmatchable,2,WP-A80-03,검량선 작성 및 시료 분석,검량선 작성 및 시료 분석,6-3,A-80-2018,present_in_base_ttl_same_guide
ci_unrelated_action_filter1,A-81-2018,디니트로톨루엔에 대한 작업환경측정·분석 기술지침,exclusive,measurement_analysis,photo_unmatchable,1,WP-A81-04,기기분석 (GC/TEA),기기분석 (GC/TEA),6-III,A-81-2018,present_in_base_ttl_same_guide
ci_unrelated_action_filter1,A-81-2018,디니트로톨루엔에 대한 작업환경측정·분석 기술지침,exclusive,measurement_analysis,photo_unmatchable,2,WP-A81-01,시료채취,시료채취,6-I,A-81-2018,present_in_base_ttl_same_guide
ci_unrelated_action_filter1,A-81-2018,디니트로톨루엔에 대한 작업환경측정·분석 기술지침,exclusive,measurement_analysis,photo_unmatchable,3,WP-A81-03,검량선 작성 및 탈착효율 검정,검량선 작성 및 탈착효율 검정,6-III,A-81-2018,present_in_base_ttl_same_guide
ci_unrelated_action_filter1,A-82-2018,펜타클로로페놀에 대한 작업환경측정·분석 기술지침,exclusive,measurement_analysis,photo_unmatchable,1,WP-A82-04,기기분석 (HPLC/UVD),기기분석 (HPLC/UVD),6-III,A-82-2018,present_in_base_ttl_same_guide
ci_unrelated_action_filter1,A-82-2018,펜타클로로페놀에 대한 작업환경측정·분석 기술지침,exclusive,measurement_analysis,photo_unmatchable,2,WP-A82-01,시료채취,시료채취,6-I,A-82-2018,present_in_base_ttl_same_guide
ci_unrelated_action_filter1,A-82-2018,펜타클로로페놀에 대한 작업환경측정·분석 기술지침,exclusive,measurement_analysis,photo_unmatchable,3,WP-A82-03,검량선 작성 및 탈착효율 검정,검량선 작성 및 탈착효율 검정,6-III,A-82-2018,present_in_base_ttl_same_guide
ci_unrelated_action_filter1,A-83-2018,"1,2-에폭시프로판에 대한 작업환경측정·분석 기술지침",exclusive,measurement_analysis,photo_unmatchable,1,WP-A83-05,GC/FID 기기분석,GC/FID 기기분석,III,A-83-2018,present_in_base_ttl_same_guide
ci_unrelated_action_filter1,A-83-2018,"1,2-에폭시프로판에 대한 작업환경측정·분석 기술지침",exclusive,measurement_analysis,photo_unmatchable,2,WP-A83-01,시료채취 준비,시료채취 준비,I,A-83-2018,present_in_base_ttl_same_guide
ci_unrelated_action_filter1,A-83-2018,"1,2-에폭시프로판에 대한 작업환경측정·분석 기술지침",exclusive,measurement_analysis,photo_unmatchable,3,WP-A83-02,시료채취,시료채취,I,A-83-2018,present_in_base_ttl_same_guide
ci_unrelated_action_filter1,A-83-2018,"1,2-에폭시프로판에 대한 작업환경측정·분석 기술지침",exclusive,measurement_analysis,photo_unmatchable,4,WP-A83-04,검량선 작성 및 탈착효율 검정,검량선 작성 및 탈착효율 검정,III,A-83-2018,present_in_base_ttl_same_guide
ci_unrelated_action_filter1,A-84-2018,피리딘에 대한 작업환경측정·분석 기술지침,exclusive,measurement_analysis,photo_unmatchable,1,WP-A84-02,시료채취,시료채취,6.I,A-84-2018,present_in_base_ttl_same_guide
ci_unrelated_action_filter1,A-84-2018,피리딘에 대한 작업환경측정·분석 기술지침,exclusive,measurement_analysis,photo_unmatchable,2,WP-A84-06,기기분석 (GC/FID),기기분석 (GC/FID),6.III,A-84-2018,present_in_base_ttl_same_guide
ci_unrelated_action_filter1,A-84-2018,피리딘에 대한 작업환경측정·분석 기술지침,exclusive,measurement_analysis,photo_unmatchable,3,WP-A84-01,시료채취 준비 및 펌프 보정,시료채취 준비 및 펌프 보정,6.I,A-84-2018,present_in_base_ttl_same_guide
ci_unrelated_action_filter1,A-84-2018,피리딘에 대한 작업환경측정·분석 기술지침,exclusive,measurement_analysis,photo_unmatchable,4,WP-A84-03,시료 운반 및 보관,시료 운반 및 보관,6.I,A-84-2018,present_in_base_ttl_same_guide
ci_unrelated_action_filter1,A-85-2018,에피클로로히드린에 대한 작업환경측정·분석 기술지침,exclusive,measurement_analysis,photo_unmatchable,1,WP-A85-05,GC/FID 기기분석,GC/FID 기기분석,6.III,A-85-2018,present_in_base_ttl_same_guide
ci_unrelated_action_filter1,A-85-2018,에피클로로히드린에 대한 작업환경측정·분석 기술지침,exclusive,measurement_analysis,photo_unmatchable,2,WP-A85-01,시료채취 준비,시료채취 준비,6.I,A-85-2018,present_in_base_ttl_same_guide
ci_unrelated_action_filter1,A-85-2018,에피클로로히드린에 대한 작업환경측정·분석 기술지침,exclusive,measurement_analysis,photo_unmatchable,3,WP-A85-02,시료채취,시료채취,6.I,A-85-2018,present_in_base_ttl_same_guide
ci_unrelated_action_filter1,A-86-2018,니트로메탄에 대한 작업환경측정·분석 기술지침,exclusive,measurement_analysis,photo_unmatchable,1,WP-A86-05,GC-NPD 시료 분석,GC-NPD 시료 분석,III,A-86-2018,present_in_base_ttl_same_guide
ci_unrelated_action_filter1,A-86-2018,니트로메탄에 대한 작업환경측정·분석 기술지침,exclusive,measurement_analysis,photo_unmatchable,2,WP-A86-01,시료채취,시료채취,I,A-86-2018,present_in_base_ttl_same_guide
ci_unrelated_action_filter1,A-86-2018,니트로메탄에 대한 작업환경측정·분석 기술지침,exclusive,measurement_analysis,photo_unmatchable,3,WP-A86-03,검량선 작성 및 정도관리,검량선 작성 및 정도관리,III,A-86-2018,present_in_base_ttl_same_guide
ci_unrelated_action_filter1,A-87-2018,디하이드록시벤젠에 대한 작업환경측정·분석 기술지침,exclusive,measurement_analysis,photo_unmatchable,1,WP-A87-04,HPLC 분석,HPLC 분석,III,A-87-2018,present_in_base_ttl_same_guide
ci_unrelated_action_filter1,A-87-2018,디하이드록시벤젠에 대한 작업환경측정·분석 기술지침,exclusive,measurement_analysis,photo_unmatchable,2,WP-A87-01,시료채취,시료채취,I,A-87-2018,present_in_base_ttl_same_guide
ci_unrelated_action_filter1,A-87-2018,디하이드록시벤젠에 대한 작업환경측정·분석 기술지침,exclusive,measurement_analysis,photo_unmatchable,3,WP-A87-05,농도 계산,농도 계산,IV,A-87-2018,present_in_base_ttl_same_guide
ci_unrelated_action_filter1,A-89-2018,프탈릭언하이드라이드에 대한 작업환경측정·분석 기술지침,exclusive,measurement_analysis,photo_unmatchable,1,WP-A89-01,시료채취 펌프 보정 및 준비,시료채취 펌프 보정 및 준비,6.I,A-89-2018,present_in_base_ttl_same_guide
ci_unrelated_action_filter1,A-89-2018,프탈릭언하이드라이드에 대한 작업환경측정·분석 기술지침,exclusive,measurement_analysis,photo_unmatchable,2,WP-A89-02,시료채취,시료채취,6.I,A-89-2018,present_in_base_ttl_same_guide
ci_unrelated_action_filter1,A-89-2018,프탈릭언하이드라이드에 대한 작업환경측정·분석 기술지침,exclusive,measurement_analysis,photo_unmatchable,3,WP-A89-06,HPLC 분석,HPLC 분석,6.III,A-89-2018,present_in_base_ttl_same_guide
ci_unrelated_action_filter1,A-89-2018,프탈릭언하이드라이드에 대한 작업환경측정·분석 기술지침,exclusive,measurement_analysis,photo_unmatchable,4,WP-A89-07,농도 계산,농도 계산,6.IV,A-89-2018,present_in_base_ttl_same_guide
ci_unrelated_action_filter1,A-9-2018,아연에 대한 작업환경측정·분석 기술지침,exclusive,measurement_analysis,photo_unmatchable,1,WP-A9-01,시료채취 기구 선택 및 보정,시료채취 기구 선택 및 보정,5,A-9-2018,present_in_base_ttl_same_guide
ci_unrelated_action_filter1,A-9-2018,아연에 대한 작업환경측정·분석 기술지침,exclusive,measurement_analysis,photo_unmatchable,2,WP-A9-04,검량선 작성 및 분석,검량선 작성 및 분석,6-III,A-9-2018,present_in_base_ttl_same_guide
ci_unrelated_action_filter1,A-9-2018,아연에 대한 작업환경측정·분석 기술지침,exclusive,measurement_analysis,photo_unmatchable,3,WP-A9-02,시료채취,시료채취,6-I,A-9-2018,present_in_base_ttl_same_guide
ci_unrelated_action_filter1,A-92-2018,o-톨루이딘에 대한 작업환경측정·분석 기술지침,exclusive,measurement_analysis,photo_unmatchable,1,WP-A92-01,시료채취,시료채취,6-I,A-92-2018,present_in_base_ttl_same_guide
ci_unrelated_action_filter1,A-92-2018,o-톨루이딘에 대한 작업환경측정·분석 기술지침,exclusive,measurement_analysis,photo_unmatchable,2,WP-A92-03,검량선 작성 및 탈착효율 계산,검량선 작성 및 탈착효율 계산,6-III,A-92-2018,present_in_base_ttl_same_guide
ci_unrelated_action_filter1,A-92-2018,o-톨루이딘에 대한 작업환경측정·분석 기술지침,exclusive,measurement_analysis,photo_unmatchable,3,WP-A92-04,기기분석(GC/FID),기기분석(GC/FID),6-III,A-92-2018,present_in_base_ttl_same_guide
ci_unrelated_action_filter1,A-93-2018,니트로벤젠에 대한 작업환경측정·분석 기술지침,exclusive,measurement_analysis,photo_unmatchable,1,WP-A93-01,시료채취,시료채취,I,A-93-2018,present_in_base_ttl_same_guide
ci_unrelated_action_filter1,A-93-2018,니트로벤젠에 대한 작업환경측정·분석 기술지침,exclusive,measurement_analysis,photo_unmatchable,2,WP-A93-03,검량선 작성 및 탈착효율 계산,검량선 작성 및 탈착효율 계산,III,A-93-2018,present_in_base_ttl_same_guide
ci_unrelated_action_filter1,A-93-2018,니트로벤젠에 대한 작업환경측정·분석 기술지침,exclusive,measurement_analysis,photo_unmatchable,3,WP-A93-04,기기분석 (가스크로마토그래프),기기분석 (가스크로마토그래프),III,A-93-2018,present_in_base_ttl_same_guide
ci_unrelated_action_filter1,A-94-2018,o-메틸시클로헥사논에 대한 작업환경측정·분석 기술지침,exclusive,measurement_analysis,photo_unmatchable,1,WP-A94-01,시료채취 펌프 보정 및 준비,시료채취 펌프 보정 및 준비,6.I,A-94-2018,present_in_base_ttl_same_guide
ci_unrelated_action_filter1,A-94-2018,o-메틸시클로헥사논에 대한 작업환경측정·분석 기술지침,exclusive,measurement_analysis,photo_unmatchable,2,WP-A94-02,시료채취,시료채취,6.I,A-94-2018,present_in_base_ttl_same_guide
ci_unrelated_action_filter1,A-94-2018,o-메틸시클로헥사논에 대한 작업환경측정·분석 기술지침,exclusive,measurement_analysis,photo_unmatchable,3,WP-A94-05,GC/FID 분석,GC/FID 분석,6.III,A-94-2018,present_in_base_ttl_same_guide
ci_unrelated_action_filter1,A-95-2018,메틸시클로헥사놀에 대한 작업환경측정·분석 기술지침,exclusive,measurement_analysis,photo_unmatchable,1,WP-A95-01,시료채취,시료채취,6.I,A-95-2018,present_in_base_ttl_same_guide
ci_unrelated_action_filter1,A-95-2018,메틸시클로헥사놀에 대한 작업환경측정·분석 기술지침,exclusive,measurement_analysis,photo_unmatchable,2,WP-A95-03,시료 분석(가스크로마토그래피),시료 분석(가스크로마토그래피),6.III,A-95-2018,present_in_base_ttl_same_guide
ci_unrelated_action_filter1,A-97-2018,아크릴아미드에 대한 작업환경측정·분석 기술지침,exclusive,measurement_analysis,photo_unmatchable,1,WP-A97-01,시료채취,시료채취,6.I,A-97-2018,present_in_base_ttl_same_guide
ci_unrelated_action_filter1,A-97-2018,아크릴아미드에 대한 작업환경측정·분석 기술지침,exclusive,measurement_analysis,photo_unmatchable,2,WP-A97-04,GC/NPD 시료분석,GC/NPD 시료분석,6.III,A-97-2018,present_in_base_ttl_same_guide
ci_unrelated_action_filter1,A-98-2018,알파나프틸아민에 대한 작업환경측정·분석 기술지침,exclusive,measurement_analysis,photo_unmatchable,1,WP-A98-01,시료채취 준비,시료채취 준비,6-I,A-98-2018,present_in_base_ttl_same_guide
ci_unrelated_action_filter1,A-98-2018,알파나프틸아민에 대한 작업환경측정·분석 기술지침,exclusive,measurement_analysis,photo_unmatchable,2,WP-A98-02,시료채취,시료채취,6-I,A-98-2018,present_in_base_ttl_same_guide
ci_unrelated_action_filter1,A-98-2018,알파나프틸아민에 대한 작업환경측정·분석 기술지침,exclusive,measurement_analysis,photo_unmatchable,3,WP-A98-05,GC-FID 시료 분석,GC-FID 시료 분석,6-III,A-98-2018,present_in_base_ttl_same_guide
ci_unrelated_action_filter1,A-G-1-2025,추락방호망 설치 기술지원규정(수직형 추락방망 설치),exclusive,field_control,photo_actionable,1,WP-AG1-02,추락방호망 수평 설치,추락방호망 수평 설치,6.1,A-G-1-2025,present_in_base_ttl_same_guide
ci_unrelated_action_filter1,A-G-1-2025,추락방호망 설치 기술지원규정(수직형 추락방망 설치),exclusive,field_control,photo_actionable,2,WP-AG1-06,수직형 추락방망 설치 - 앵커볼트 및 라쳇버클 고정,수직형 추락방망 설치 - 앵커볼트 및 라쳇버클 고정,6.2,A-G-1-2025,present_in_base_ttl_same_guide
ci_unrelated_action_filter1,A-G-1-2025,추락방호망 설치 기술지원규정(수직형 추락방망 설치),exclusive,field_control,photo_actionable,3,WP-AG1-01,추락방호망 설치 준비 및 안전조치,추락방호망 설치 준비 및 안전조치,6.1,A-G-1-2025,present_in_base_ttl_same_guide
ci_unrelated_action_filter1,A-G-1-2025,추락방호망 설치 기술지원규정(수직형 추락방망 설치),exclusive,field_control,photo_actionable,4,WP-AG1-03,추락방호망 연결 설치,추락방호망 연결 설치,6.1,A-G-1-2025,present_in_base_ttl_same_guide
ci_unrelated_action_filter1,A-G-1-2025,추락방호망 설치 기술지원규정(수직형 추락방망 설치),exclusive,field_control,photo_actionable,5,WP-AG1-04,추락방호망 낙하시험,추락방호망 낙하시험,5.1,A-G-1-2025,present_in_base_ttl_same_guide
ci_unrelated_action_filter1,A-G-1-2025,추락방호망 설치 기술지원규정(수직형 추락방망 설치),exclusive,field_control,photo_actionable,6,WP-AG1-07,수직형 추락방망 설치 - 바닥 테두리 로프 고정,수직형 추락방망 설치 - 바닥 테두리 로프 고정,6.2,A-G-1-2025,present_in_base_ttl_same_guide
ci_unrelated_action_filter1,A-G-1-2025,추락방호망 설치 기술지원규정(수직형 추락방망 설치),exclusive,field_control,photo_actionable,7,WP-AG1-08,추락방호망 정기점검,추락방호망 정기점검,7.1,A-G-1-2025,present_in_base_ttl_same_guide
ci_unrelated_action_filter1,A-G-1-2025,추락방호망 설치 기술지원규정(수직형 추락방망 설치),exclusive,field_control,photo_actionable,8,WP-AG1-09,수직형 추락방망 해체,수직형 추락방망 해체,6.2,A-G-1-2025,present_in_base_ttl_same_guide
ci_unrelated_action_filter1,A-G-10-2025,급식실 시설에 관한 기술지원규정,exclusive,field_control,photo_actionable,1,WP-AG10-13,전처리실 세정대·작업대 설치,전처리실 세정대·작업대 설치,9.3,A-G-10-2025,present_in_base_ttl_same_guide
ci_unrelated_action_filter1,A-G-10-2025,급식실 시설에 관한 기술지원규정,exclusive,field_control,photo_actionable,2,WP-AG10-01,시설 배치 설계,시설 배치 설계,4,A-G-10-2025,present_in_base_ttl_same_guide
ci_unrelated_action_filter1,A-G-10-2025,급식실 시설에 관한 기술지원규정,exclusive,field_control,photo_actionable,3,WP-AG10-06,배수시설 설치,배수시설 설치,6,A-G-10-2025,present_in_base_ttl_same_guide
ci_unrelated_action_filter1,A-G-10-2025,급식실 시설에 관한 기술지원규정,exclusive,field_control,photo_actionable,4,WP-AG10-29,근골격계질환 예방 설비 설치,근골격계질환 예방 설비 설치,13.4.2,A-G-10-2025,present_in_base_ttl_same_guide
ci_unrelated_action_filter1,A-G-11-2025,용접방화포등의 성능 및 설치기준에 관한 기술지원규정,exclusive,field_control,photo_actionable,1,WP-AG11-02,용접방화포등 설치,용접방화포등 설치,6,A-G-11-2025,present_in_base_ttl_same_guide
ci_unrelated_action_filter1,A-G-11-2025,용접방화포등의 성능 및 설치기준에 관한 기술지원규정,exclusive,field_control,photo_actionable,2,WP-AG11-01,용접방화포등 성능 확인,용접방화포등 성능 확인,5,A-G-11-2025,present_in_base_ttl_same_guide
ci_unrelated_action_filter1,A-G-11-2025,용접방화포등의 성능 및 설치기준에 관한 기술지원규정,exclusive,field_control,photo_actionable,3,WP-AG11-03,용접방화포등 사용 전 점검,용접방화포등 사용 전 점검,7,A-G-11-2025,present_in_base_ttl_same_guide
ci_unrelated_action_filter1,A-G-11-2025,용접방화포등의 성능 및 설치기준에 관한 기술지원규정,exclusive,field_control,photo_actionable,4,WP-AG11-04,용접방화포 유지관리,용접방화포 유지관리,7,A-G-11-2025,present_in_base_ttl_same_guide
ci_unrelated_action_filter1,A-G-12-2026,개인보호구의 사용 및 관리에 관한 기술지원규정,domain_specific,field_control,photo_actionable,1,WP-AG12-04,보호구 착용 및 사용,보호구 착용 및 사용,9,A-G-12-2026,present_in_base_ttl_same_guide
ci_unrelated_action_filter1,A-G-12-2026,개인보호구의 사용 및 관리에 관한 기술지원규정,domain_specific,field_control,photo_actionable,2,WP-AG12-02,보호구 지급,보호구 지급,4,A-G-12-2026,present_in_base_ttl_same_guide
ci_unrelated_action_filter1,A-G-13-2026,벨트슬링 사용·점검 등에 관한 기술지원규정,domain_specific,field_control,photo_actionable,1,WP-AG13-04,권상·이송·하역 작업,권상·이송·하역 작업,부록 2,A-G-13-2026,present_in_base_ttl_same_guide
ci_unrelated_action_filter1,A-G-13-2026,벨트슬링 사용·점검 등에 관한 기술지원규정,domain_specific,field_control,photo_actionable,2,WP-AG13-02,사용 전 점검,사용 전 점검,부록 1,A-G-13-2026,present_in_base_ttl_same_guide
ci_unrelated_action_filter1,A-G-13-2026,벨트슬링 사용·점검 등에 관한 기술지원규정,domain_specific,field_control,photo_actionable,3,WP-AG13-03,줄걸이 작업,줄걸이 작업,7,A-G-13-2026,present_in_base_ttl_same_guide
ci_unrelated_action_filter1,A-G-14-2026,용접·용단 작업 시 화재예방에 관한 기술지원규정,exclusive,field_control,photo_actionable,1,WP-AG14-21,화재위험지역 작업 준비 및 안전허가 취득,화재위험지역 작업 준비 및 안전허가 취득,6.1,A-G-14-2026,present_in_base_ttl_same_guide
ci_unrelated_action_filter1,A-G-14-2026,용접·용단 작업 시 화재예방에 관한 기술지원규정,exclusive,field_control,photo_actionable,2,WP-AG14-24,용접·용단 작업 장소 안전 확보,용접·용단 작업 장소 안전 확보,7.1,A-G-14-2026,present_in_base_ttl_same_guide
ci_unrelated_action_filter1,A-G-14-2026,용접·용단 작업 시 화재예방에 관한 기술지원규정,exclusive,field_control,photo_actionable,3,WP-AG14-25,용접·용단 작업 실시,용접·용단 작업 실시,7.1,A-G-14-2026,present_in_base_ttl_same_guide
ci_unrelated_action_filter1,A-G-14-2026,용접·용단 작업 시 화재예방에 관한 기술지원규정,exclusive,field_control,photo_actionable,4,WP-AG14-30,작업 종료 및 사후 화재 감시,작업 종료 및 사후 화재 감시,7.1,A-G-14-2026,present_in_base_ttl_same_guide
ci_unrelated_action_filter1,A-G-14-2026,용접·용단 작업 시 화재예방에 관한 기술지원규정,exclusive,field_control,photo_actionable,5,WP-AG14-39,가스용접 장비 설치 및 준비,가스용접 장비 설치 및 준비,8.1.5,A-G-14-2026,present_in_base_ttl_same_guide
ci_unrelated_action_filter1,A-G-14-2026,용접·용단 작업 시 화재예방에 관한 기술지원규정,exclusive,field_control,photo_actionable,6,WP-AG14-40,가스용접 토치 점화 및 작업 수행,가스용접 토치 점화 및 작업 수행,8.1.5,A-G-14-2026,present_in_base_ttl_same_guide
ci_unrelated_action_filter1,A-G-14-2026,용접·용단 작업 시 화재예방에 관한 기술지원규정,exclusive,field_control,photo_actionable,7,WP-AG14-41,가스용접 작업 종료 및 정리,가스용접 작업 종료 및 정리,8.1.5,A-G-14-2026,present_in_base_ttl_same_guide
ci_unrelated_action_filter1,A-G-14-2026,용접·용단 작업 시 화재예방에 관한 기술지원규정,exclusive,field_control,photo_actionable,8,WP-AG14-44,용접·용단 후 케이블 및 전원 관리,용접·용단 후 케이블 및 전원 관리,9,A-G-14-2026,present_in_base_ttl_same_guide
ci_unrelated_action_filter1,A-G-15-2026,중소규모 사업장 비상조치계획 작성에 관한 기술지원규정,domain_specific,management_program,photo_conditional_followup,1,WP-AG15-02,비상조치계획 수립,비상조치계획 수립,5.2,A-G-15-2026,present_in_base_ttl_same_guide
ci_unrelated_action_filter1,A-G-15-2026,중소규모 사업장 비상조치계획 작성에 관한 기술지원규정,domain_specific,management_program,photo_conditional_followup,2,WP-AG15-04,근로자 대피,근로자 대피,6.2,A-G-15-2026,present_in_base_ttl_same_guide
ci_unrelated_action_filter1,A-G-15-2026,중소규모 사업장 비상조치계획 작성에 관한 기술지원규정,domain_specific,management_program,photo_conditional_followup,3,WP-AG15-07,구호조치 및 응급처치,구호조치 및 응급처치,7.2,A-G-15-2026,present_in_base_ttl_same_guide
ci_unrelated_action_filter1,A-G-15-2026,중소규모 사업장 비상조치계획 작성에 관한 기술지원규정,domain_specific,management_program,photo_conditional_followup,4,WP-AG15-10,교육훈련 평가 및 계획 개선,교육훈련 평가 및 계획 개선,9.4,A-G-15-2026,present_in_base_ttl_same_guide
ci_unrelated_action_filter1,A-G-15-2026,중소규모 사업장 비상조치계획 작성에 관한 기술지원규정,domain_specific,management_program,photo_conditional_followup,5,WP-AG15-22,화재발생 시 대피유도 절차,화재발생 시 대피유도 절차,부록 3,A-G-15-2026,present_in_base_ttl_same_guide
ci_unrelated_action_filter1,A-G-15-2026,중소규모 사업장 비상조치계획 작성에 관한 기술지원규정,domain_specific,management_program,photo_conditional_followup,6,WP-AG15-23,끼임 사고 비상대응 절차,끼임 사고 비상대응 절차,부록 4,A-G-15-2026,present_in_base_ttl_same_guide
ci_unrelated_action_filter1,A-G-15-2026,중소규모 사업장 비상조치계획 작성에 관한 기술지원규정,domain_specific,management_program,photo_conditional_followup,7,WP-AG15-24,폭발·화학 사고 비상대응 절차,폭발·화학 사고 비상대응 절차,부록 5,A-G-15-2026,present_in_base_ttl_same_guide
ci_unrelated_action_filter1,A-G-15-2026,중소규모 사업장 비상조치계획 작성에 관한 기술지원규정,domain_specific,management_program,photo_conditional_followup,8,WP-AG15-28,응급환자 신고 및 대응 절차,응급환자 신고 및 대응 절차,부록 8,A-G-15-2026,present_in_base_ttl_same_guide
ci_unrelated_action_filter1,A-G-16-2026,"작업장 조명기구의 선정, 설치 및 정비에 관한 기술지원규정",domain_specific,field_control,photo_actionable,1,WP-AG16-11,옥외 조명기구 설계 및 설치,옥외 조명기구 설계 및 설치,4.3,A-G-16-2026,present_in_base_ttl_same_guide
ci_unrelated_action_filter1,A-G-16-2026,"작업장 조명기구의 선정, 설치 및 정비에 관한 기술지원규정",domain_specific,field_control,photo_actionable,2,WP-AG16-10,옥내 조명기구 설계 및 설치,옥내 조명기구 설계 및 설치,4.3,A-G-16-2026,present_in_base_ttl_same_guide
ci_unrelated_action_filter1,A-G-16-2026,"작업장 조명기구의 선정, 설치 및 정비에 관한 기술지원규정",domain_specific,field_control,photo_actionable,3,WP-AG16-44,조명기구 정기 청소,조명기구 정기 청소,6.2,A-G-16-2026,present_in_base_ttl_same_guide
ci_unrelated_action_filter1,A-G-16-2026,"작업장 조명기구의 선정, 설치 및 정비에 관한 기술지원규정",domain_specific,field_control,photo_actionable,4,WP-AG16-09,조명 위험요소 사전 평가,조명 위험요소 사전 평가,4.2,A-G-16-2026,present_in_base_ttl_same_guide
ci_unrelated_action_filter1,A-G-16-2026,"작업장 조명기구의 선정, 설치 및 정비에 관한 기술지원규정",domain_specific,field_control,photo_actionable,5,WP-AG16-12,조명기구 점검 및 정비,조명기구 점검 및 정비,4.2,A-G-16-2026,present_in_base_ttl_same_guide
ci_unrelated_action_filter1,A-G-16-2026,"작업장 조명기구의 선정, 설치 및 정비에 관한 기술지원규정",domain_specific,field_control,photo_actionable,6,WP-AG16-24,조명기구 설치계획 수립,조명기구 설치계획 수립,5.1.1,A-G-16-2026,present_in_base_ttl_same_guide
ci_unrelated_action_filter1,A-G-16-2026,"작업장 조명기구의 선정, 설치 및 정비에 관한 기술지원규정",domain_specific,field_control,photo_actionable,7,WP-AG16-25,작업장 조명 위험성 평가,작업장 조명 위험성 평가,5.1.2,A-G-16-2026,present_in_base_ttl_same_guide
ci_unrelated_action_filter1,A-G-16-2026,"작업장 조명기구의 선정, 설치 및 정비에 관한 기술지원규정",domain_specific,field_control,photo_actionable,8,WP-AG16-26,작업장 환경조건 검토 및 조명계획,작업장 환경조건 검토 및 조명계획,5.1.3,A-G-16-2026,present_in_base_ttl_same_guide
ci_unrelated_action_filter1,A-G-17-2026,인력운반작업에 관한 기술지원규정,domain_specific,field_control,photo_actionable,1,WP-AG17-38,인력운반작업 위험 분석,박스형 화물 운반,부록 1,A-G-17-2026,present_in_base_ttl_same_guide
ci_unrelated_action_filter1,A-G-17-2026,인력운반작업에 관한 기술지원규정,domain_specific,field_control,photo_actionable,2,WP-AG17-18,R-NLE(Revised NIOSH Lifting Equation) 평가,포대 채우기 작업,8.4.5,A-G-17-2026,present_in_base_ttl_same_guide
ci_unrelated_action_filter1,A-G-17-2026,인력운반작업에 관한 기술지원규정,domain_specific,field_control,photo_actionable,3,WP-AG17-19,작업물 들기작업 부하 평가,포대 적재 작업,8.4.5,A-G-17-2026,present_in_base_ttl_same_guide
ci_unrelated_action_filter1,A-G-17-2026,인력운반작업에 관한 기술지원규정,domain_specific,field_control,photo_actionable,4,WP-AG17-17,포대 채우기 작업,작업물 운송작업 부하 평가,8.4,A-G-17-2026,present_in_base_ttl_same_guide
ci_unrelated_action_filter1,A-G-17-2026,인력운반작업에 관한 기술지원규정,domain_specific,field_control,photo_actionable,5,WP-AG17-16,포대 적재 작업,작업물 들기작업 부하 평가,8.3,A-G-17-2026,present_in_base_ttl_same_guide
ci_unrelated_action_filter1,A-G-17-2026,인력운반작업에 관한 기술지원규정,domain_specific,field_control,photo_actionable,6,WP-AG17-15,박스형 화물 운반,R-NLE(Revised NIOSH Lifting Equation) 평가,8.1,A-G-17-2026,present_in_base_ttl_same_guide
ci_unrelated_action_filter1,A-G-17-2026,인력운반작업에 관한 기술지원규정,domain_specific,field_control,photo_actionable,7,WP-AG17-02,,운반재해예방 대책 수립,5,A-G-17-2026,present_in_base_ttl_same_guide
ci_unrelated_action_filter1,A-G-17-2026,인력운반작업에 관한 기술지원규정,domain_specific,field_control,photo_actionable,8,WP-AG17-01,,인력운반작업 위험 분석,5,A-G-17-2026,present_in_base_ttl_same_guide
ci_unrelated_action_filter1,A-G-18-2026,항만하역작업 안전에 관한 기술지원규정,exclusive,field_control,photo_actionable,1,WP-AG18-15,항만해상 본선작업 관리,항만해상 본선작업 관리,6.2.2,A-G-18-2026,present_in_base_ttl_same_guide
ci_unrelated_action_filter1,A-G-18-2026,항만하역작업 안전에 관한 기술지원규정,exclusive,field_control,photo_actionable,2,WP-AG18-19,선사 및 선박운항자 안전조치,선사 및 선박운항자 안전조치,6.2.3,A-G-18-2026,present_in_base_ttl_same_guide
ci_unrelated_action_filter1,A-G-18-2026,항만하역작업 안전에 관한 기술지원규정,exclusive,field_control,photo_actionable,3,WP-AG18-23,선박 출입,선박 출입,7.2,A-G-18-2026,present_in_base_ttl_same_guide
ci_unrelated_action_filter1,A-G-18-2026,항만하역작업 안전에 관한 기술지원규정,exclusive,field_control,photo_actionable,4,WP-AG18-44,라싱 콘 부착·해체 작업,라싱 콘 부착·해체 작업,8.2,A-G-18-2026,present_in_base_ttl_same_guide
ci_unrelated_action_filter1,A-G-18-2026,항만하역작업 안전에 관한 기술지원규정,exclusive,field_control,photo_actionable,5,WP-AG18-13,부두운영회사 안전관리 업무,부두운영회사 안전관리 업무,6.2.1,A-G-18-2026,present_in_base_ttl_same_guide
ci_unrelated_action_filter1,A-G-18-2026,항만하역작업 안전에 관한 기술지원규정,exclusive,field_control,photo_actionable,6,WP-AG18-20,현장 하역작업 안전 확인,현장 하역작업 안전 확인,6.3,A-G-18-2026,present_in_base_ttl_same_guide
ci_unrelated_action_filter1,A-G-18-2026,항만하역작업 안전에 관한 기술지원규정,exclusive,field_control,photo_actionable,7,WP-AG18-22,작업장 일반 관리,작업장 일반 관리,7.1,A-G-18-2026,present_in_base_ttl_same_guide
ci_unrelated_action_filter1,A-G-18-2026,항만하역작업 안전에 관한 기술지원규정,exclusive,field_control,photo_actionable,8,WP-AG18-26,본선작업,본선작업,7.5,A-G-18-2026,present_in_base_ttl_same_guide
ci_unrelated_action_filter1,A-G-19-2026,고시인성(의복·설비·작업환경 등) 표시에 관한 기술지원규정,domain_specific,field_control,photo_actionable,1,WP-AG19-08,고시인성 의복 등급 선정 및 착용,고시인성 의복 등급 선정 및 착용,6.1,A-G-19-2026,present_in_base_ttl_same_guide
ci_unrelated_action_filter1,A-G-19-2026,고시인성(의복·설비·작업환경 등) 표시에 관한 기술지원규정,domain_specific,field_control,photo_actionable,2,WP-AG19-13,지게차·소형 이동장비 고시인성 표시 부착,지게차·소형 이동장비 고시인성 표시 부착,6.2.2,A-G-19-2026,present_in_base_ttl_same_guide
ci_unrelated_action_filter1,A-G-19-2026,고시인성(의복·설비·작업환경 등) 표시에 관한 기술지원규정,domain_specific,field_control,photo_actionable,3,WP-AG19-14,비상정지장치 고시인성 표시 설치,비상정지장치 고시인성 표시 설치,6.3.2,A-G-19-2026,present_in_base_ttl_same_guide
ci_unrelated_action_filter1,A-G-19-2026,고시인성(의복·설비·작업환경 등) 표시에 관한 기술지원규정,domain_specific,field_control,photo_actionable,4,WP-AG19-19,작업환경 고시인성 표시 설치,작업환경 고시인성 표시 설치,6.4.2,A-G-19-2026,present_in_base_ttl_same_guide
ci_unrelated_action_filter1,A-G-19-2026,고시인성(의복·설비·작업환경 등) 표시에 관한 기술지원규정,domain_specific,field_control,photo_actionable,5,WP-AG19-09,화물자동차·특수자동차 후부반사관/반사지 설치,화물자동차·특수자동차 후부반사관/반사지 설치,6.2.2,A-G-19-2026,present_in_base_ttl_same_guide
ci_unrelated_action_filter1,A-G-19-2026,고시인성(의복·설비·작업환경 등) 표시에 관한 기술지원규정,domain_specific,field_control,photo_actionable,6,WP-AG19-11,건설기계 반사기 및 표시등 설치,건설기계 반사기 및 표시등 설치,6.2.2,A-G-19-2026,present_in_base_ttl_same_guide
ci_unrelated_action_filter1,A-G-19-2026,고시인성(의복·설비·작업환경 등) 표시에 관한 기술지원규정,domain_specific,field_control,photo_actionable,7,WP-AG19-26,고시인성 의복 보관 및 유지관리,고시인성 의복 보관 및 유지관리,7.1,A-G-19-2026,present_in_base_ttl_same_guide
ci_unrelated_action_filter1,A-G-19-2026,고시인성(의복·설비·작업환경 등) 표시에 관한 기술지원규정,domain_specific,field_control,photo_actionable,8,WP-AG19-27,고시인성 안전 표시 점검 및 유지관리,고시인성 안전 표시 점검 및 유지관리,7.2,A-G-19-2026,present_in_base_ttl_same_guide
ci_unrelated_action_filter1,A-G-2-2025,"작업장 내 통로(경사로, 계단, 발판사다리) 선정 및 설치에 관한 기술지원규정",domain_specific,field_control,photo_actionable,1,WP-AG2-02,통로 유형 선정,통로 유형 선정,5,A-G-2-2025,present_in_base_ttl_same_guide
ci_unrelated_action_filter1,A-G-2-2025,"작업장 내 통로(경사로, 계단, 발판사다리) 선정 및 설치에 관한 기술지원규정",domain_specific,field_control,photo_actionable,2,WP-AG2-05,안전난간 설치,안전난간 설치,7.2,A-G-2-2025,present_in_base_ttl_same_guide
ci_unrelated_action_filter1,A-G-2-2025,"작업장 내 통로(경사로, 계단, 발판사다리) 선정 및 설치에 관한 기술지원규정",domain_specific,field_control,photo_actionable,3,WP-AG2-04,계단·발판사다리 설치,계단·발판사다리 설치,7.1,A-G-2-2025,present_in_base_ttl_same_guide
ci_unrelated_action_filter1,A-G-2-2025,"작업장 내 통로(경사로, 계단, 발판사다리) 선정 및 설치에 관한 기술지원규정",domain_specific,field_control,photo_actionable,4,WP-AG2-01,통로 위험성 검토,통로 위험성 검토,4,A-G-2-2025,present_in_base_ttl_same_guide
ci_unrelated_action_filter1,A-G-2-2025,"작업장 내 통로(경사로, 계단, 발판사다리) 선정 및 설치에 관한 기술지원규정",domain_specific,field_control,photo_actionable,5,WP-AG2-03,통로 설치 검토 및 치수 결정,통로 설치 검토 및 치수 결정,6,A-G-2-2025,present_in_base_ttl_same_guide
ci_unrelated_action_filter1,A-G-2-2025,"작업장 내 통로(경사로, 계단, 발판사다리) 선정 및 설치에 관한 기술지원규정",domain_specific,field_control,photo_actionable,6,WP-AG2-06,강도 검증,강도 검증,7.3,A-G-2-2025,present_in_base_ttl_same_guide
ci_unrelated_action_filter1,A-G-20-2026,그레이팅 설치 등에 관한 기술지원규정,domain_specific,field_control,photo_actionable,1,WP-AG20-04,그레이팅 고정 및 체결,그레이팅 고정 및 체결,9,A-G-20-2026,present_in_base_ttl_same_guide
ci_unrelated_action_filter1,A-G-20-2026,그레이팅 설치 등에 관한 기술지원규정,domain_specific,field_control,photo_actionable,2,WP-AG20-01,그레이팅 재질 선정 및 규격 결정,그레이팅 재질 선정 및 규격 결정,6,A-G-20-2026,present_in_base_ttl_same_guide
ci_unrelated_action_filter1,A-G-20-2026,그레이팅 설치 등에 관한 기술지원규정,domain_specific,field_control,photo_actionable,3,WP-AG20-02,설치 계획 수립,설치 계획 수립,8,A-G-20-2026,present_in_base_ttl_same_guide
ci_unrelated_action_filter1,A-G-20-2026,그레이팅 설치 등에 관한 기술지원규정,domain_specific,field_control,photo_actionable,4,WP-AG20-03,그레이팅 설치,그레이팅 설치,8,A-G-20-2026,present_in_base_ttl_same_guide
ci_unrelated_action_filter1,A-G-20-2026,그레이팅 설치 등에 관한 기술지원규정,domain_specific,field_control,photo_actionable,5,WP-AG20-05,유지보수 및 정기 점검,유지보수 및 정기 점검,11,A-G-20-2026,present_in_base_ttl_same_guide
ci_unrelated_action_filter1,A-G-3-2025,오토바이 배달작업 시 안전에 관한 기술지원규정,domain_specific,field_control,photo_actionable,1,WP-AG3-01,운행 전 점검,운행 전 점검,4.4,A-G-3-2025,present_in_base_ttl_same_guide
ci_unrelated_action_filter1,A-G-3-2025,오토바이 배달작업 시 안전에 관한 기술지원규정,domain_specific,field_control,photo_actionable,2,WP-AG3-03,도보 배달 (건물 출입 및 계단 이동),도보 배달 (건물 출입 및 계단 이동),4.1.2,A-G-3-2025,present_in_base_ttl_same_guide
ci_unrelated_action_filter1,A-G-3-2025,오토바이 배달작업 시 안전에 관한 기술지원규정,domain_specific,field_control,photo_actionable,3,WP-AG3-02,오토바이 운행,오토바이 운행,4.3,A-G-3-2025,present_in_base_ttl_same_guide
ci_unrelated_action_filter1,A-G-3-2025,오토바이 배달작업 시 안전에 관한 기술지원규정,domain_specific,field_control,photo_actionable,4,WP-AG3-04,운행 후 정비,운행 후 정비,5.2,A-G-3-2025,present_in_base_ttl_same_guide
ci_unrelated_action_filter1,A-G-4-2025,이동식 사다리의 사용에 관한 기술지원규정,domain_specific,field_control,photo_actionable,1,WP-AG4-01,이동식 사다리 선정 및 사용 전 점검,이동식 사다리 선정 및 사용 전 점검,4,A-G-4-2025,present_in_base_ttl_same_guide
ci_unrelated_action_filter1,A-G-4-2025,이동식 사다리의 사용에 관한 기술지원규정,domain_specific,field_control,photo_actionable,2,WP-AG4-03,이동식 사다리 작업 수행,이동식 사다리 작업 수행,5.1,A-G-4-2025,present_in_base_ttl_same_guide
ci_unrelated_action_filter1,A-G-4-2025,이동식 사다리의 사용에 관한 기술지원규정,domain_specific,field_control,photo_actionable,3,WP-AG4-02,이동식 사다리 설치,이동식 사다리 설치,5.1,A-G-4-2025,present_in_base_ttl_same_guide
ci_unrelated_action_filter1,A-G-4-2025,이동식 사다리의 사용에 관한 기술지원규정,domain_specific,field_control,photo_actionable,4,WP-AG4-04,이동식 사다리 보관 및 관리,이동식 사다리 보관 및 관리,5.2,A-G-4-2025,present_in_base_ttl_same_guide
ci_unrelated_action_filter1,A-G-5-2025,조리작업장 내 조리도구 사용에 관한 기술지원규정,exclusive,field_control,photo_actionable,1,WP-AG5-01,조리용 칼 사용 및 관리,조리용 칼 사용 및 관리,5.1,A-G-5-2025,present_in_base_ttl_same_guide
ci_unrelated_action_filter1,A-G-5-2025,조리작업장 내 조리도구 사용에 관한 기술지원규정,exclusive,field_control,photo_actionable,2,WP-AG5-02,가스레인지 사용 및 관리,가스레인지 사용 및 관리,5.2,A-G-5-2025,present_in_base_ttl_same_guide
ci_unrelated_action_filter1,A-G-6-2025,학교 급식실 근로자의 안전보건에 관한 기술지원규정,exclusive,field_control,photo_actionable,1,WP-AG6-03,배식 작업,배식 작업,4.5,A-G-6-2025,present_in_base_ttl_same_guide
ci_unrelated_action_filter1,A-G-6-2025,학교 급식실 근로자의 안전보건에 관한 기술지원규정,exclusive,field_control,photo_actionable,2,WP-AG6-04,세척 및 청소 작업,세척 및 청소 작업,4.1,A-G-6-2025,present_in_base_ttl_same_guide
ci_unrelated_action_filter1,A-G-6-2025,학교 급식실 근로자의 안전보건에 관한 기술지원규정,exclusive,field_control,photo_actionable,3,WP-AG6-01,식자재 준비 및 전처리,식자재 준비 및 전처리,4.2,A-G-6-2025,present_in_base_ttl_same_guide
ci_unrelated_action_filter1,A-G-6-2025,학교 급식실 근로자의 안전보건에 관한 기술지원규정,exclusive,field_control,photo_actionable,4,WP-AG6-02,조리 작업,조리 작업,4.5,A-G-6-2025,present_in_base_ttl_same_guide
ci_unrelated_action_filter1,A-G-7-2025,공동주택 경비근로자의 관리업무 보조작업 시 안전에 관한 기술지원규정,exclusive,field_control,photo_actionable,1,WP-AG7-03,수목 전지작업,수목 전지작업,4.2,A-G-7-2025,present_in_base_ttl_same_guide
ci_unrelated_action_filter1,A-G-7-2025,공동주택 경비근로자의 관리업무 보조작업 시 안전에 관한 기술지원규정,exclusive,field_control,photo_actionable,2,WP-AG7-05,예초기 제초작업,예초기 제초작업,4.2,A-G-7-2025,present_in_base_ttl_same_guide
ci_unrelated_action_filter1,A-G-7-2025,공동주택 경비근로자의 관리업무 보조작업 시 안전에 관한 기술지원규정,exclusive,field_control,photo_actionable,3,WP-AG7-06,생활폐기물(유리·거울) 수거 작업,생활폐기물(유리·거울) 수거 작업,4.6,A-G-7-2025,present_in_base_ttl_same_guide
ci_unrelated_action_filter1,A-G-7-2025,공동주택 경비근로자의 관리업무 보조작업 시 안전에 관한 기술지원규정,exclusive,field_control,photo_actionable,4,WP-AG7-09,지하주차장 순찰,지하주차장 순찰,4.3,A-G-7-2025,present_in_base_ttl_same_guide
ci_unrelated_action_filter1,A-G-7-2025,공동주택 경비근로자의 관리업무 보조작업 시 안전에 관한 기술지원규정,exclusive,field_control,photo_actionable,5,WP-AG7-10,야간 순찰,야간 순찰,별표,A-G-7-2025,present_in_base_ttl_same_guide
ci_unrelated_action_filter1,A-G-8-2025,산업재해 기록·분류에 관한 기술지원규정,general,measurement_analysis,photo_unmatchable,1,WP-AG8-04,업무상사고 재해자와 업무상질병 재해자 분류,업무상사고 재해자와 업무상질병 재해자 분류,4,A-G-8-2025,present_in_base_ttl_same_guide
ci_unrelated_action_filter1,A-G-8-2025,산업재해 기록·분류에 관한 기술지원규정,general,measurement_analysis,photo_unmatchable,2,WP-AG8-14,재해발생 일시·시점 확인 및 분류,재해발생 일시·시점 확인 및 분류,8,A-G-8-2025,present_in_base_ttl_same_guide
ci_unrelated_action_filter1,A-G-8-2025,산업재해 기록·분류에 관한 기술지원규정,general,measurement_analysis,photo_unmatchable,3,WP-AG8-03,재해자 특성 분석항목 조사·기록,재해자 특성 분석항목 조사·기록,7,A-G-8-2025,present_in_base_ttl_same_guide
ci_unrelated_action_filter1,A-G-8-2025,산업재해 기록·분류에 관한 기술지원규정,general,measurement_analysis,photo_unmatchable,4,WP-AG8-01,산업재해 분석 목적 설정 및 특성 항목 선정,산업재해 분석 목적 설정 및 특성 항목 선정,5,A-G-8-2025,present_in_base_ttl_same_guide
ci_unrelated_action_filter1,A-G-8-2025,산업재해 기록·분류에 관한 기술지원규정,general,measurement_analysis,photo_unmatchable,5,WP-AG8-02,사업장 특성 분석항목 조사·기록,사업장 특성 분석항목 조사·기록,6,A-G-8-2025,present_in_base_ttl_same_guide
ci_unrelated_action_filter1,A-G-8-2025,산업재해 기록·분류에 관한 기술지원규정,general,measurement_analysis,photo_unmatchable,6,WP-AG8-15,재해종류 및 피해현황 분류,재해종류 및 피해현황 분류,8,A-G-8-2025,present_in_base_ttl_same_guide
ci_unrelated_action_filter1,A-G-8-2025,산업재해 기록·분류에 관한 기술지원규정,general,measurement_analysis,photo_unmatchable,7,WP-AG8-17,발생형태 분석 및 분류,발생형태 분석 및 분류,8,A-G-8-2025,present_in_base_ttl_same_guide
ci_unrelated_action_filter1,A-G-8-2025,산업재해 기록·분류에 관한 기술지원규정,general,measurement_analysis,photo_unmatchable,8,WP-AG8-16,안전방호조치 및 개인보호조치 확인·분류,안전방호조치 및 개인보호조치 확인·분류,8,A-G-8-2025,present_in_base_ttl_same_guide
ci_unrelated_action_filter1,A-G-9-2025,창고 작업 시 안전에 관한 기술지원규정,exclusive,field_control,photo_actionable,1,WP-AG9-02,중량물 인력 작업,중량물 인력 작업,6.2,A-G-9-2025,present_in_base_ttl_same_guide
ci_unrelated_action_filter1,A-G-9-2025,창고 작업 시 안전에 관한 기술지원규정,exclusive,field_control,photo_actionable,2,WP-AG9-03,고소 작업,고소 작업,6.3,A-G-9-2025,present_in_base_ttl_same_guide
ci_unrelated_action_filter1,A-G-9-2025,창고 작업 시 안전에 관한 기술지원규정,exclusive,field_control,photo_actionable,3,WP-AG9-05,낙하물 방지 작업,낙하물 방지 작업,6.5,A-G-9-2025,present_in_base_ttl_same_guide
ci_unrelated_action_filter1,A-G-9-2025,창고 작업 시 안전에 관한 기술지원규정,exclusive,field_control,photo_actionable,4,WP-AG9-06,산업용 트럭 작업,산업용 트럭 작업,6.6,A-G-9-2025,present_in_base_ttl_same_guide
ci_unrelated_action_filter1,A-R-1-2026,자율안전보건관리체계 구축 및 운영에 관한 기술지원규정,general,risk_method,photo_unmatchable,1,WP-AR1-05,근로자 참여 체계 구축,근로자 참여 체계 구축,7.1,A-R-1-2026,present_in_base_ttl_same_guide
ci_unrelated_action_filter1,A-R-1-2026,자율안전보건관리체계 구축 및 운영에 관한 기술지원규정,general,risk_method,photo_unmatchable,2,WP-AR1-06,위험성평가 실시,위험성평가 실시,8.2,A-R-1-2026,present_in_base_ttl_same_guide
ci_unrelated_action_filter1,A-R-1-2026,자율안전보건관리체계 구축 및 운영에 관한 기술지원규정,general,risk_method,photo_unmatchable,3,WP-AR1-08,작업허가 및 TBM,작업허가 및 TBM,12.2,A-R-1-2026,present_in_base_ttl_same_guide
ci_unrelated_action_filter1,A-R-1-2026,자율안전보건관리체계 구축 및 운영에 관한 기술지원규정,general,risk_method,photo_unmatchable,4,WP-AR1-09,안전작업절차 수립,안전작업절차 수립,12.3,A-R-1-2026,present_in_base_ttl_same_guide
ci_unrelated_action_filter1,A-R-1-2026,자율안전보건관리체계 구축 및 운영에 관한 기술지원규정,general,risk_method,photo_unmatchable,5,WP-AR1-26,경영자검토 결과 이행 및 피드백,경영자검토 결과 이행 및 피드백,15.2.5,A-R-1-2026,present_in_base_ttl_same_guide
ci_unrelated_action_filter1,A-R-1-2026,자율안전보건관리체계 구축 및 운영에 관한 기술지원규정,general,risk_method,photo_unmatchable,6,WP-AR1-34,원인분석 및 시정조치 계획 수립,원인분석 및 시정조치 계획 수립,16.2.2,A-R-1-2026,present_in_base_ttl_same_guide
ci_unrelated_action_filter1,A-R-1-2026,자율안전보건관리체계 구축 및 운영에 관한 기술지원규정,general,risk_method,photo_unmatchable,7,WP-AR1-41,안전문화 증진 및 개선,안전문화 증진 및 개선,16.3.4,A-R-1-2026,present_in_base_ttl_same_guide
ci_unrelated_action_filter1,A-R-2-2026,생산시스템의 수명주기 안전관리를 위한 기술지원규정,exclusive,document_reference,photo_unmatchable,1,WP-AR2-19,예비위험요인분석(PHA) 수행,예비위험요인분석(PHA) 수행,7.4,A-R-2-2026,present_in_base_ttl_same_guide
ci_unrelated_action_filter1,A-R-3-2026,보우타이 리스크 평가 기법에 관한 기술지원규정,general,risk_method,photo_unmatchable,1,WP-AR3-11,보우타이 리스크 평가 실시 (유해위험요인~수행업무 추적관리),보우타이 리스크 평가 실시 (유해위험요인~수행업무 추적관리),5.2.2,A-R-3-2026,present_in_base_ttl_same_guide
ci_unrelated_action_filter1,A-R-3-2026,보우타이 리스크 평가 기법에 관한 기술지원규정,general,risk_method,photo_unmatchable,2,WP-AR3-12,정성적 보우타이 리스크 평가 및 관리표 작성,정성적 보우타이 리스크 평가 및 관리표 작성,5.3,A-R-3-2026,present_in_base_ttl_same_guide
ci_unrelated_action_filter1,A-R-3-2026,보우타이 리스크 평가 기법에 관한 기술지원규정,general,risk_method,photo_unmatchable,3,WP-AR3-16,반정량적 리스크 평가 - 방호계층 성능분석,반정량적 리스크 평가 - 방호계층 성능분석,5.4.3,A-R-3-2026,present_in_base_ttl_same_guide
ci_unrelated_action_filter1,A-R-3-2026,보우타이 리스크 평가 기법에 관한 기술지원규정,general,risk_method,photo_unmatchable,4,WP-AR3-18,반정량적 보우타이 리스크 평가 및 관리표 작성,반정량적 보우타이 리스크 평가 및 관리표 작성,5.5,A-R-3-2026,present_in_base_ttl_same_guide
ci_unrelated_action_filter1,A-R-3-2026,보우타이 리스크 평가 기법에 관한 기술지원규정,general,risk_method,photo_unmatchable,5,WP-AR3-32,방호계층분석을 위한 자료 수집,방호계층분석을 위한 자료 수집,6,A-R-3-2026,present_in_base_ttl_same_guide
ci_unrelated_action_filter1,A-R-3-2026,보우타이 리스크 평가 기법에 관한 기술지원규정,general,risk_method,photo_unmatchable,6,WP-AR3-42,예방대책 수립 및 IPL 평가,예방대책 수립 및 IPL 평가,붙임1,A-R-3-2026,present_in_base_ttl_same_guide
ci_unrelated_action_filter1,A-R-3-2026,보우타이 리스크 평가 기법에 관한 기술지원규정,general,risk_method,photo_unmatchable,7,WP-AR3-13,반정량적 리스크 평가 - 분석대상 시나리오 선정,반정량적 리스크 평가 - 분석대상 시나리오 선정,5.4.3,A-R-3-2026,present_in_base_ttl_same_guide
ci_unrelated_action_filter1,A-R-3-2026,보우타이 리스크 평가 기법에 관한 기술지원규정,general,risk_method,photo_unmatchable,8,WP-AR3-15,반정량적 리스크 평가 - 원인 발생확률 및 점화확률 환산점수 결정,반정량적 리스크 평가 - 원인 발생확률 및 점화확률 환산점수 결정,5.4.3,A-R-3-2026,present_in_base_ttl_same_guide
ci_unrelated_action_filter1,B-5-2011,조선업 안전점검 기술지침,exclusive,field_control,photo_actionable,1,WP-B5-01,강재하역,강재하역,별표 6,B-5-2011,present_in_base_ttl_same_guide
ci_unrelated_action_filter1,B-5-2011,조선업 안전점검 기술지침,exclusive,field_control,photo_actionable,2,WP-B5-06,소조립,소조립,별표 8,B-5-2011,present_in_base_ttl_same_guide
ci_unrelated_action_filter1,B-5-2011,조선업 안전점검 기술지침,exclusive,field_control,photo_actionable,3,WP-B5-07,중조립,중조립,별표 8,B-5-2011,present_in_base_ttl_same_guide
ci_unrelated_action_filter1,B-5-2011,조선업 안전점검 기술지침,exclusive,field_control,photo_actionable,4,WP-B5-08,대조립,대조립,별표 8,B-5-2011,present_in_base_ttl_same_guide
ci_unrelated_action_filter1,B-5-2011,조선업 안전점검 기술지침,exclusive,field_control,photo_actionable,5,WP-B5-09,표면처리(블라스팅),표면처리(블라스팅),별표 9,B-5-2011,present_in_base_ttl_same_guide
ci_unrelated_action_filter1,B-5-2011,조선업 안전점검 기술지침,exclusive,field_control,photo_actionable,6,WP-B5-10,선행도장,선행도장,별표 9,B-5-2011,present_in_base_ttl_same_guide
ci_unrelated_action_filter1,B-6-2011,부선 안전작업 기술지침,exclusive,field_control,photo_actionable,1,WP-B6-01,부선 운반 전 점검,부선 운반 전 점검,4,B-6-2011,present_in_base_ttl_same_guide
ci_unrelated_action_filter1,B-6-2011,부선 안전작업 기술지침,exclusive,field_control,photo_actionable,2,WP-B6-04,갑판작업,갑판작업,7,B-6-2011,present_in_base_ttl_same_guide
ci_unrelated_action_filter1,B-6-2011,부선 안전작업 기술지침,exclusive,field_control,photo_actionable,3,WP-B6-03,묘박(Anchoring)작업,묘박(Anchoring)작업,6,B-6-2011,present_in_base_ttl_same_guide
ci_unrelated_action_filter1,B-6-2011,부선 안전작업 기술지침,exclusive,field_control,photo_actionable,4,WP-B6-02,접안작업,접안작업,5,B-6-2011,present_in_base_ttl_same_guide
ci_unrelated_action_filter1,B-6-2011,부선 안전작업 기술지침,exclusive,field_control,photo_actionable,5,WP-B6-06,밀폐공간 출입작업,밀폐공간 출입작업,11,B-6-2011,present_in_base_ttl_same_guide
ci_unrelated_action_filter1,B-E-1-2025,피뢰시스템에 관한 기술지원규정,exclusive,field_control,photo_actionable,1,WP-BE1-41,폭발위험지역 외부피뢰시스템 및 서지보호장치 설치,폭발위험지역 외부피뢰시스템 및 서지보호장치 설치,7,B-E-1-2025,present_in_base_ttl_same_guide
ci_unrelated_action_filter1,B-E-1-2025,피뢰시스템에 관한 기술지원규정,exclusive,field_control,photo_actionable,2,WP-BE1-12,낙뢰 위험성 감지 및 경보,낙뢰 위험성 감지 및 경보,5.4.1,B-E-1-2025,present_in_base_ttl_same_guide
ci_unrelated_action_filter1,B-E-1-2025,피뢰시스템에 관한 기술지원규정,exclusive,field_control,photo_actionable,3,WP-BE1-40,폭발위험장소 피뢰시스템 설계 및 접지,폭발위험장소 피뢰시스템 설계 및 접지,7,B-E-1-2025,present_in_base_ttl_same_guide
ci_unrelated_action_filter1,B-E-1-2025,피뢰시스템에 관한 기술지원규정,exclusive,field_control,photo_actionable,4,WP-BE1-13,낙뢰 부상자 응급처치,낙뢰 부상자 응급처치,5.3.2,B-E-1-2025,present_in_base_ttl_same_guide
ci_unrelated_action_filter1,B-E-1-2025,피뢰시스템에 관한 기술지원규정,exclusive,field_control,photo_actionable,5,WP-BE1-14,뇌우 시 건물 내 대피 및 안전조치,뇌우 시 건물 내 대피 및 안전조치,5.4.2,B-E-1-2025,present_in_base_ttl_same_guide
ci_unrelated_action_filter1,B-E-1-2025,피뢰시스템에 관한 기술지원규정,exclusive,field_control,photo_actionable,6,WP-BE1-25,뇌우경보시스템(TWS) 설치 위치 선정 및 사전 검토,뇌우경보시스템(TWS) 설치 위치 선정 및 사전 검토,6.4,B-E-1-2025,present_in_base_ttl_same_guide
ci_unrelated_action_filter1,B-E-1-2025,피뢰시스템에 관한 기술지원규정,exclusive,field_control,photo_actionable,7,WP-BE1-26,뇌우경보시스템(TWS) 설치 및 초기 조정,뇌우경보시스템(TWS) 설치 및 초기 조정,6.4,B-E-1-2025,present_in_base_ttl_same_guide
ci_unrelated_action_filter1,B-E-1-2025,피뢰시스템에 관한 기술지원규정,exclusive,field_control,photo_actionable,8,WP-BE1-28,뇌우경보시스템(TWS) 정비,뇌우경보시스템(TWS) 정비,6.4,B-E-1-2025,present_in_base_ttl_same_guide
ci_unrelated_action_filter1,B-E-10-2026,정전전로 및 그 인근에서의 전기작업에 관한 기술지원규정,exclusive,field_control,photo_actionable,1,WP-BE10-04,잠금장치 및 꼬리표 부착,잠금장치 및 꼬리표 부착,4,B-E-10-2026,present_in_base_ttl_same_guide
ci_unrelated_action_filter1,B-E-10-2026,정전전로 및 그 인근에서의 전기작업에 관한 기술지원규정,exclusive,field_control,photo_actionable,2,WP-BE10-08,정전작업 수행,정전작업 수행,5.3,B-E-10-2026,present_in_base_ttl_same_guide
ci_unrelated_action_filter1,B-E-10-2026,정전전로 및 그 인근에서의 전기작업에 관한 기술지원규정,exclusive,field_control,photo_actionable,3,WP-BE10-10,작업기구 및 단락접지기구 제거,작업기구 및 단락접지기구 제거,4,B-E-10-2026,present_in_base_ttl_same_guide
ci_unrelated_action_filter1,B-E-10-2026,정전전로 및 그 인근에서의 전기작업에 관한 기술지원규정,exclusive,field_control,photo_actionable,4,WP-BE10-11,잠금장치·꼬리표 철거 및 전원 투입,잠금장치·꼬리표 철거 및 전원 투입,4,B-E-10-2026,present_in_base_ttl_same_guide
ci_unrelated_action_filter1,B-E-10-2026,정전전로 및 그 인근에서의 전기작업에 관한 기술지원규정,exclusive,field_control,photo_actionable,5,WP-BE10-24,단락접지 실시,단락접지 실시,6.2.6,B-E-10-2026,present_in_base_ttl_same_guide
ci_unrelated_action_filter1,B-E-10-2026,정전전로 및 그 인근에서의 전기작업에 관한 기술지원규정,exclusive,field_control,photo_actionable,6,WP-BE10-25,단락접지기구 설치,단락접지기구 설치,6.2.6,B-E-10-2026,present_in_base_ttl_same_guide
ci_unrelated_action_filter1,B-E-10-2026,정전전로 및 그 인근에서의 전기작업에 관한 기술지원규정,exclusive,field_control,photo_actionable,7,WP-BE10-26,단락접지기구 철거,단락접지기구 철거,6.2.6,B-E-10-2026,present_in_base_ttl_same_guide
ci_unrelated_action_filter1,B-E-10-2026,정전전로 및 그 인근에서의 전기작업에 관한 기술지원규정,exclusive,field_control,photo_actionable,8,WP-BE10-28,고전압전기작업 추가 안전조치,고전압전기작업 추가 안전조치,6.2.8,B-E-10-2026,present_in_base_ttl_same_guide
ci_unrelated_action_filter1,B-E-11-2026,충전전로 및 그 인근에서의 전기작업에 관한 기술지원규정,exclusive,field_control,photo_actionable,1,WP-BE11-25,충전전로 전기작업계획서 작성,충전전로 전기작업계획서 작성,7,B-E-11-2026,present_in_base_ttl_same_guide
ci_unrelated_action_filter1,B-E-11-2026,충전전로 및 그 인근에서의 전기작업에 관한 기술지원규정,exclusive,field_control,photo_actionable,2,WP-BE11-26,충전전로 활선작업절차 수행,충전전로 활선작업절차 수행,7,B-E-11-2026,present_in_base_ttl_same_guide
ci_unrelated_action_filter1,B-E-11-2026,충전전로 및 그 인근에서의 전기작업에 관한 기술지원규정,exclusive,field_control,photo_actionable,3,WP-BE11-02,활선작업 허용 여부 판단 절차,활선작업 허용 여부 판단 절차,5.1,B-E-11-2026,present_in_base_ttl_same_guide
ci_unrelated_action_filter1,B-E-11-2026,충전전로 및 그 인근에서의 전기작업에 관한 기술지원규정,exclusive,field_control,photo_actionable,4,WP-BE11-19,활선작업 여부 평가 및 판단,활선작업 여부 평가 및 판단,6,B-E-11-2026,present_in_base_ttl_same_guide
ci_unrelated_action_filter1,B-E-11-2026,충전전로 및 그 인근에서의 전기작업에 관한 기술지원규정,exclusive,field_control,photo_actionable,5,WP-BE11-23,활선작업 불가피성(합리성) 결정,활선작업 불가피성(합리성) 결정,6,B-E-11-2026,present_in_base_ttl_same_guide
ci_unrelated_action_filter1,B-E-11-2026,충전전로 및 그 인근에서의 전기작업에 관한 기술지원규정,exclusive,field_control,photo_actionable,6,WP-BE11-24,예방조치의 재해예방 적합성 평가 및 시행,예방조치의 재해예방 적합성 평가 및 시행,6,B-E-11-2026,present_in_base_ttl_same_guide
ci_unrelated_action_filter1,B-E-11-2026,충전전로 및 그 인근에서의 전기작업에 관한 기술지원규정,exclusive,field_control,photo_actionable,7,WP-BE11-27,고압 및 특별고압 활선작업 추가 안전조치,고압 및 특별고압 활선작업 추가 안전조치,7,B-E-11-2026,present_in_base_ttl_same_guide
ci_unrelated_action_filter1,B-E-12-2026,전기작업안전에 관한 기술지원규정,domain_specific,management_program,photo_conditional_followup,1,WP-BE12-11,정전작업 또는 활선작업의 결정,정전작업 또는 활선작업의 결정,6.2,B-E-12-2026,present_in_base_ttl_same_guide
ci_unrelated_action_filter1,B-E-12-2026,전기작업안전에 관한 기술지원규정,domain_specific,management_program,photo_conditional_followup,2,WP-BE12-13,전기작업계획서의 수립,전기작업계획서의 수립,6.3.2,B-E-12-2026,present_in_base_ttl_same_guide
ci_unrelated_action_filter1,B-E-12-2026,전기작업안전에 관한 기술지원규정,domain_specific,management_program,photo_conditional_followup,3,WP-BE12-20,정전작업에 대한 작업절차의 수립 및 평가,정전작업에 대한 작업절차의 수립 및 평가,6.4,B-E-12-2026,present_in_base_ttl_same_guide
ci_unrelated_action_filter1,B-E-12-2026,전기작업안전에 관한 기술지원규정,domain_specific,management_program,photo_conditional_followup,4,WP-BE12-21,활선작업에 대한 작업절차의 수립 및 평가,활선작업에 대한 작업절차의 수립 및 평가,6.5,B-E-12-2026,present_in_base_ttl_same_guide
ci_unrelated_action_filter1,B-E-12-2026,전기작업안전에 관한 기술지원규정,domain_specific,management_program,photo_conditional_followup,5,WP-BE12-22,전기작업계획서 작성,전기작업계획서 작성,7.2,B-E-12-2026,present_in_base_ttl_same_guide
ci_unrelated_action_filter1,B-E-12-2026,전기작업안전에 관한 기술지원규정,domain_specific,management_program,photo_conditional_followup,6,WP-BE12-23,전기작업계획서 기본원칙 점검,전기작업계획서 기본원칙 점검,7.3,B-E-12-2026,present_in_base_ttl_same_guide
ci_unrelated_action_filter1,B-E-12-2026,전기작업안전에 관한 기술지원규정,domain_specific,management_program,photo_conditional_followup,7,WP-BE12-24,전기작업계획서 모니터링,전기작업계획서 모니터링,7.5,B-E-12-2026,present_in_base_ttl_same_guide
ci_unrelated_action_filter1,B-E-12-2026,전기작업안전에 관한 기술지원규정,domain_specific,management_program,photo_conditional_followup,8,WP-BE12-31,무자격자 전기안전교육,무자격자 전기안전교육,8.3,B-E-12-2026,present_in_base_ttl_same_guide
ci_unrelated_action_filter1,B-E-13-2026,수변전설비에 관한 기술지원규정,exclusive,field_control,photo_actionable,1,WP-BE13-03,전원차단 및 잠금·꼬리표 조치,전원차단 및 잠금·꼬리표 조치,5.1,B-E-13-2026,present_in_base_ttl_same_guide
ci_unrelated_action_filter1,B-E-13-2026,수변전설비에 관한 기술지원규정,exclusive,field_control,photo_actionable,2,WP-BE13-05,보호접지 실시,보호접지 실시,5.3,B-E-13-2026,present_in_base_ttl_same_guide
ci_unrelated_action_filter1,B-E-13-2026,수변전설비에 관한 기술지원규정,exclusive,field_control,photo_actionable,3,WP-BE13-14,수변전설비 육안검사,수변전설비 육안검사,6.1,B-E-13-2026,present_in_base_ttl_same_guide
ci_unrelated_action_filter1,B-E-13-2026,수변전설비에 관한 기술지원규정,exclusive,field_control,photo_actionable,4,WP-BE13-15,수변전설비 청소 및 윤활 작업,수변전설비 청소 및 윤활 작업,6.1,B-E-13-2026,present_in_base_ttl_same_guide
ci_unrelated_action_filter1,B-E-13-2026,수변전설비에 관한 기술지원규정,exclusive,field_control,photo_actionable,5,WP-BE13-16,수변전설비 기계적 정비,수변전설비 기계적 정비,6.1,B-E-13-2026,present_in_base_ttl_same_guide
ci_unrelated_action_filter1,B-E-13-2026,수변전설비에 관한 기술지원규정,exclusive,field_control,photo_actionable,6,WP-BE13-17,수변전설비 전기적 시험,수변전설비 전기적 시험,6.1,B-E-13-2026,present_in_base_ttl_same_guide
ci_unrelated_action_filter1,B-E-13-2026,수변전설비에 관한 기술지원규정,exclusive,field_control,photo_actionable,7,WP-BE13-19,도체 정비,도체 정비,6.2,B-E-13-2026,present_in_base_ttl_same_guide
ci_unrelated_action_filter1,B-E-13-2026,수변전설비에 관한 기술지원규정,exclusive,field_control,photo_actionable,8,WP-BE13-23,개폐장치 외함·습기·가열 관리,개폐장치 외함·습기·가열 관리,6.3,B-E-13-2026,present_in_base_ttl_same_guide
ci_unrelated_action_filter1,B-E-14-2026,감전방지용 누전차단기 설치에 관한 기술지원규정,exclusive,field_control,photo_actionable,1,WP-BE14-02,누전차단기 설치,누전차단기 설치,9,B-E-14-2026,present_in_base_ttl_same_guide
ci_unrelated_action_filter1,B-E-14-2026,감전방지용 누전차단기 설치에 관한 기술지원규정,exclusive,field_control,photo_actionable,2,WP-BE14-03,설치 후 점검 및 절연저항 측정,설치 후 점검 및 절연저항 측정,9,B-E-14-2026,present_in_base_ttl_same_guide
ci_unrelated_action_filter1,B-E-14-2026,감전방지용 누전차단기 설치에 관한 기술지원규정,exclusive,field_control,photo_actionable,3,WP-BE14-01,누전차단기 선정,누전차단기 선정,6,B-E-14-2026,present_in_base_ttl_same_guide
ci_unrelated_action_filter1,B-E-14-2026,감전방지용 누전차단기 설치에 관한 기술지원규정,exclusive,field_control,photo_actionable,4,WP-BE14-04,사용 전 작동상태 확인,사용 전 작동상태 확인,10,B-E-14-2026,present_in_base_ttl_same_guide
ci_unrelated_action_filter1,B-E-14-2026,감전방지용 누전차단기 설치에 관한 기술지원규정,exclusive,field_control,photo_actionable,5,WP-BE14-05,정기 점검 및 유지보수,정기 점검 및 유지보수,10,B-E-14-2026,present_in_base_ttl_same_guide
ci_unrelated_action_filter1,B-E-15-2026,전기작업시의 작업공간 확보에 관한 기술지원규정,exclusive,field_control,photo_actionable,1,WP-BE15-04,"고압(1,000V 초과) 전기기기 작업공간 확보","고압(1,000V 초과) 전기기기 작업공간 확보",5.2.3,B-E-15-2026,present_in_base_ttl_same_guide
ci_unrelated_action_filter1,B-E-15-2026,전기작업시의 작업공간 확보에 관한 기술지원규정,exclusive,field_control,photo_actionable,2,WP-BE15-05,"고압(1,000V 초과) 전기기기 작업공간 세부 설치","고압(1,000V 초과) 전기기기 작업공간 세부 설치",5.2.4,B-E-15-2026,present_in_base_ttl_same_guide
ci_unrelated_action_filter1,B-E-15-2026,전기작업시의 작업공간 확보에 관한 기술지원규정,exclusive,field_control,photo_actionable,3,WP-BE15-01,"저압(1,000V 이하) 전기기기 작업공간 확보","저압(1,000V 이하) 전기기기 작업공간 확보",5.1.1,B-E-15-2026,present_in_base_ttl_same_guide
ci_unrelated_action_filter1,B-E-15-2026,전기작업시의 작업공간 확보에 관한 기술지원규정,exclusive,field_control,photo_actionable,4,WP-BE15-03,"고압(1,000V 초과) 전기기기 설치장소 구획","고압(1,000V 초과) 전기기기 설치장소 구획",5.2.2,B-E-15-2026,present_in_base_ttl_same_guide
ci_unrelated_action_filter1,B-E-16-2026,전기설비의 정비를 위한 일반 기술지원규정,domain_specific,field_control,photo_actionable,1,WP-BE16-01,정전작업 전 전로 차단 절차,정전작업 전 전로 차단 절차,4,B-E-16-2026,present_in_base_ttl_same_guide
ci_unrelated_action_filter1,B-E-16-2026,전기설비의 정비를 위한 일반 기술지원규정,domain_specific,field_control,photo_actionable,2,WP-BE16-02,전원 복구 절차,전원 복구 절차,4,B-E-16-2026,present_in_base_ttl_same_guide
ci_unrelated_action_filter1,B-E-16-2026,전기설비의 정비를 위한 일반 기술지원규정,domain_specific,field_control,photo_actionable,3,WP-BE16-03,예방정비 계획 수립,예방정비 계획 수립,5.1,B-E-16-2026,present_in_base_ttl_same_guide
ci_unrelated_action_filter1,B-E-16-2026,전기설비의 정비를 위한 일반 기술지원규정,domain_specific,field_control,photo_actionable,4,WP-BE16-05,단락접지 설치,단락접지 설치,7.2,B-E-16-2026,present_in_base_ttl_same_guide
ci_unrelated_action_filter1,B-E-16-2026,전기설비의 정비를 위한 일반 기술지원규정,domain_specific,field_control,photo_actionable,5,WP-BE16-06,단락접지 철거,단락접지 철거,7.2,B-E-16-2026,present_in_base_ttl_same_guide
ci_unrelated_action_filter1,B-E-16-2026,전기설비의 정비를 위한 일반 기술지원규정,domain_specific,field_control,photo_actionable,6,WP-BE16-07,폭발위험장소 전기설비 정비,폭발위험장소 전기설비 정비,8,B-E-16-2026,present_in_base_ttl_same_guide
ci_unrelated_action_filter1,B-E-17-2026,도장 공정에서의 화재·폭발위험방지에 관한 기술지원규정,exclusive,field_control,photo_actionable,1,WP-BE17-01,폭발위험장소 구분,폭발위험장소 구분,5,B-E-17-2026,present_in_base_ttl_same_guide
ci_unrelated_action_filter1,B-E-17-2026,도장 공정에서의 화재·폭발위험방지에 관한 기술지원규정,exclusive,field_control,photo_actionable,2,WP-BE17-02,가스 폭발위험장소 전기설비 설치,가스 폭발위험장소 전기설비 설치,6,B-E-17-2026,present_in_base_ttl_same_guide
ci_unrelated_action_filter1,B-E-17-2026,도장 공정에서의 화재·폭발위험방지에 관한 기술지원규정,exclusive,field_control,photo_actionable,3,WP-BE17-03,고정 정전도장 작업,고정 정전도장 작업,8.1,B-E-17-2026,present_in_base_ttl_same_guide
ci_unrelated_action_filter1,B-E-17-2026,도장 공정에서의 화재·폭발위험방지에 관한 기술지원규정,exclusive,field_control,photo_actionable,4,WP-BE17-04,이동 정전도장 작업,이동 정전도장 작업,8.2,B-E-17-2026,present_in_base_ttl_same_guide
ci_unrelated_action_filter1,B-E-17-2026,도장 공정에서의 화재·폭발위험방지에 관한 기술지원규정,exclusive,field_control,photo_actionable,5,WP-BE17-06,접지 및 본딩 시공,접지 및 본딩 시공,9,B-E-17-2026,present_in_base_ttl_same_guide
ci_unrelated_action_filter1,B-E-18-2026,산업용 설비에서의 전자파 적합성에 관한 기술지원규정,domain_specific,field_control,photo_actionable,1,WP-BE18-02,전자파 내성시험 실시,전자파 내성시험 실시,6.1.2,B-E-18-2026,present_in_base_ttl_same_guide
ci_unrelated_action_filter1,B-E-18-2026,산업용 설비에서의 전자파 적합성에 관한 기술지원규정,domain_specific,field_control,photo_actionable,2,WP-BE18-01,전자파 장해시험 실시,전자파 장해시험 실시,6.1.2,B-E-18-2026,present_in_base_ttl_same_guide
ci_unrelated_action_filter1,B-E-19-2026,건축물 등의 피뢰설비 설치에 관한 기술지원규정,exclusive,field_control,photo_actionable,1,WP-BE19-15,수뢰부 배치 및 설치,수뢰부 배치 및 설치,5.1,B-E-19-2026,present_in_base_ttl_same_guide
ci_unrelated_action_filter1,B-E-19-2026,건축물 등의 피뢰설비 설치에 관한 기술지원규정,exclusive,field_control,photo_actionable,2,WP-BE19-17,인하도선 배치 및 설치,인하도선 배치 및 설치,5.2,B-E-19-2026,present_in_base_ttl_same_guide
ci_unrelated_action_filter1,B-E-19-2026,건축물 등의 피뢰설비 설치에 관한 기술지원규정,exclusive,field_control,photo_actionable,3,WP-BE19-19,접지시스템 구성 및 시공,접지시스템 구성 및 시공,5.3,B-E-19-2026,present_in_base_ttl_same_guide
ci_unrelated_action_filter1,B-E-19-2026,건축물 등의 피뢰설비 설치에 관한 기술지원규정,exclusive,field_control,photo_actionable,4,WP-BE19-20,조임부 설치 및 접속,조임부 설치 및 접속,5.4,B-E-19-2026,present_in_base_ttl_same_guide
ci_unrelated_action_filter1,B-E-19-2026,건축물 등의 피뢰설비 설치에 관한 기술지원규정,exclusive,field_control,photo_actionable,5,WP-BE19-16,자연적 구성부재의 수뢰부 적용 검토,자연적 구성부재의 수뢰부 적용 검토,5.1.4,B-E-19-2026,present_in_base_ttl_same_guide
ci_unrelated_action_filter1,B-E-19-2026,건축물 등의 피뢰설비 설치에 관한 기술지원규정,exclusive,field_control,photo_actionable,6,WP-BE19-18,시험접속부 설치,시험접속부 설치,5.2.6,B-E-19-2026,present_in_base_ttl_same_guide
ci_unrelated_action_filter1,B-E-19-2026,건축물 등의 피뢰설비 설치에 관한 기술지원규정,exclusive,field_control,photo_actionable,7,WP-BE19-39,건설 중 매설 접지극 확인 점검,건설 중 매설 접지극 확인 점검,7,B-E-19-2026,present_in_base_ttl_same_guide
ci_unrelated_action_filter1,B-E-19-2026,건축물 등의 피뢰설비 설치에 관한 기술지원규정,exclusive,field_control,photo_actionable,8,WP-BE19-40,피뢰설비 설치 후 등전위 본딩 확인 점검,피뢰설비 설치 후 등전위 본딩 확인 점검,7,B-E-19-2026,present_in_base_ttl_same_guide
ci_unrelated_action_filter1,B-E-2-2025,지중전선로의 시공 및 작업 안전에 관한 기술지원규정,exclusive,measurement_analysis,photo_actionable,1,WP-BE2-01,시설방식 선정,시설방식 선정,4.2,B-E-2-2025,present_in_base_ttl_same_guide
ci_unrelated_action_filter1,B-E-2-2025,지중전선로의 시공 및 작업 안전에 관한 기술지원규정,exclusive,measurement_analysis,photo_actionable,2,WP-BE2-03,굴착 및 되메우기,굴착 및 되메우기,5.3,B-E-2-2025,present_in_base_ttl_same_guide
ci_unrelated_action_filter1,B-E-2-2025,지중전선로의 시공 및 작업 안전에 관한 기술지원규정,exclusive,measurement_analysis,photo_actionable,3,WP-BE2-36,지중작업 전 가스 측정 및 환기,지중작업 전 가스 측정 및 환기,9.2,B-E-2-2025,present_in_base_ttl_same_guide
ci_unrelated_action_filter1,B-E-2-2025,지중전선로의 시공 및 작업 안전에 관한 기술지원규정,exclusive,measurement_analysis,photo_actionable,4,WP-BE2-02,매설위치 및 깊이 결정,매설위치 및 깊이 결정,4.3,B-E-2-2025,present_in_base_ttl_same_guide
ci_unrelated_action_filter1,B-E-2-2025,지중전선로의 시공 및 작업 안전에 관한 기술지원규정,exclusive,measurement_analysis,photo_actionable,5,WP-BE2-04,관로 설치 및 이음,관로 설치 및 이음,5.4,B-E-2-2025,present_in_base_ttl_same_guide
ci_unrelated_action_filter1,B-E-2-2025,지중전선로의 시공 및 작업 안전에 관한 기술지원규정,exclusive,measurement_analysis,photo_actionable,6,WP-BE2-05,맨홀·헨드홀 시공,맨홀·헨드홀 시공,6.2,B-E-2-2025,present_in_base_ttl_same_guide
ci_unrelated_action_filter1,B-E-2-2025,지중전선로의 시공 및 작업 안전에 관한 기술지원규정,exclusive,measurement_analysis,photo_actionable,7,WP-BE2-06,접지 공사,접지 공사,6.2,B-E-2-2025,present_in_base_ttl_same_guide
ci_unrelated_action_filter1,B-E-2-2025,지중전선로의 시공 및 작업 안전에 관한 기술지원규정,exclusive,measurement_analysis,photo_actionable,8,WP-BE2-26,관로 청소 및 입선 준비,관로 청소 및 입선 준비,7.2,B-E-2-2025,present_in_base_ttl_same_guide
ci_unrelated_action_filter1,B-E-20-2026,정전도장기 제작 및 설치에 관한 기술지원규정,exclusive,field_control,photo_actionable,1,WP-BE20-29,도장부스 설계 및 시공,도장부스 설계 및 시공,6,B-E-20-2026,present_in_base_ttl_same_guide
ci_unrelated_action_filter1,B-E-20-2026,정전도장기 제작 및 설치에 관한 기술지원규정,exclusive,field_control,photo_actionable,2,WP-BE20-32,도료회수 장치 설치 및 점검,도료회수 장치 설치 및 점검,9,B-E-20-2026,present_in_base_ttl_same_guide
ci_unrelated_action_filter1,B-E-20-2026,정전도장기 제작 및 설치에 관한 기술지원규정,exclusive,field_control,photo_actionable,3,WP-BE20-34,도장 로봇 설치 및 안전조치,도장 로봇 설치 및 안전조치,11,B-E-20-2026,present_in_base_ttl_same_guide
ci_unrelated_action_filter1,B-E-20-2026,정전도장기 제작 및 설치에 관한 기술지원규정,exclusive,field_control,photo_actionable,4,WP-BE20-36,자동·수동 정전도장기 연동장치 설치 및 시험,자동·수동 정전도장기 연동장치 설치 및 시험,12,B-E-20-2026,present_in_base_ttl_same_guide
ci_unrelated_action_filter1,B-E-20-2026,정전도장기 제작 및 설치에 관한 기술지원규정,exclusive,field_control,photo_actionable,5,WP-BE20-30,안전표시 및 경고표시 부착,안전표시 및 경고표시 부착,7,B-E-20-2026,present_in_base_ttl_same_guide
ci_unrelated_action_filter1,B-E-20-2026,정전도장기 제작 및 설치에 관한 기술지원규정,exclusive,field_control,photo_actionable,6,WP-BE20-31,소화설비 설치 및 점검,소화설비 설치 및 점검,8,B-E-20-2026,present_in_base_ttl_same_guide
ci_unrelated_action_filter1,B-E-20-2026,정전도장기 제작 및 설치에 관한 기술지원규정,exclusive,field_control,photo_actionable,7,WP-BE20-37,기기류 접지공사,기기류 접지공사,14,B-E-20-2026,present_in_base_ttl_same_guide
ci_unrelated_action_filter1,B-E-20-2026,정전도장기 제작 및 설치에 관한 기술지원규정,exclusive,field_control,photo_actionable,8,WP-BE20-38,도장기 오염방지 덮개 설치 및 접지,도장기 오염방지 덮개 설치 및 접지,15,B-E-20-2026,present_in_base_ttl_same_guide
ci_unrelated_action_filter1,B-E-21-2026,"방폭전기설비 설계, 선정, 설치 및 최초 검사에 관한 기술지원규정",domain_specific,field_control,photo_actionable,1,WP-BE21-03,방폭전기설비 설계,방폭전기설비 설계,5,B-E-21-2026,present_in_base_ttl_same_guide
ci_unrelated_action_filter1,B-E-21-2026,"방폭전기설비 설계, 선정, 설치 및 최초 검사에 관한 기술지원규정",domain_specific,field_control,photo_actionable,2,WP-BE21-43,"방폭기기 일반사항 점검 (Ex d, Ex e, Ex n, Ex t)","방폭기기 일반사항 점검 (Ex d, Ex e, Ex n, Ex t)",부록 2,B-E-21-2026,present_in_base_ttl_same_guide
ci_unrelated_action_filter1,B-E-21-2026,"방폭전기설비 설계, 선정, 설치 및 최초 검사에 관한 기술지원규정",domain_specific,field_control,photo_actionable,3,WP-BE21-06,문서화 및 관리,문서화 및 관리,5,B-E-21-2026,present_in_base_ttl_same_guide
ci_unrelated_action_filter1,B-E-21-2026,"방폭전기설비 설계, 선정, 설치 및 최초 검사에 관한 기술지원규정",domain_specific,field_control,photo_actionable,4,WP-BE21-10,방폭기기 선정 정보 확인,방폭기기 선정 정보 확인,7,B-E-21-2026,present_in_base_ttl_same_guide
ci_unrelated_action_filter1,B-E-21-2026,"방폭전기설비 설계, 선정, 설치 및 최초 검사에 관한 기술지원규정",domain_specific,field_control,photo_actionable,5,WP-BE21-32,미사용 개구부 밀봉 및 방폭구조별 케이블 인입,미사용 개구부 밀봉 및 방폭구조별 케이블 인입,13.5,B-E-21-2026,present_in_base_ttl_same_guide
ci_unrelated_action_filter1,B-E-21-2026,"방폭전기설비 설계, 선정, 설치 및 최초 검사에 관한 기술지원규정",domain_specific,field_control,photo_actionable,6,WP-BE21-33,내압방폭구조 Ex d 기기 설치,내압방폭구조 Ex d 기기 설치,14,B-E-21-2026,present_in_base_ttl_same_guide
ci_unrelated_action_filter1,B-E-21-2026,"방폭전기설비 설계, 선정, 설치 및 최초 검사에 관한 기술지원규정",domain_specific,field_control,photo_actionable,7,WP-BE21-34,안전증방폭구조 Ex e 기기 설치 및 배선,안전증방폭구조 Ex e 기기 설치 및 배선,15,B-E-21-2026,present_in_base_ttl_same_guide
ci_unrelated_action_filter1,B-E-21-2026,"방폭전기설비 설계, 선정, 설치 및 최초 검사에 관한 기술지원규정",domain_specific,field_control,photo_actionable,8,WP-BE21-01,폭발위험장소 분류 및 구분도 작성,폭발위험장소 분류 및 구분도 작성,4,B-E-21-2026,present_in_base_ttl_same_guide
ci_unrelated_action_filter1,B-E-3-2025,변전실 등의 양압유지에 관한 기술지원규정,exclusive,field_control,photo_actionable,1,WP-BE3-01,양압설비 설계,양압설비 설계,5.1,B-E-3-2025,present_in_base_ttl_same_guide
ci_unrelated_action_filter1,B-E-3-2025,변전실 등의 양압유지에 관한 기술지원규정,exclusive,field_control,photo_actionable,2,WP-BE3-07,양압설비 시험 및 표시,양압설비 시험 및 표시,9,B-E-3-2025,present_in_base_ttl_same_guide
ci_unrelated_action_filter1,B-E-3-2025,변전실 등의 양압유지에 관한 기술지원규정,exclusive,field_control,photo_actionable,3,WP-BE3-02,양압설비 설치 및 급기계통 시공,양압설비 설치 및 급기계통 시공,5.2,B-E-3-2025,present_in_base_ttl_same_guide
ci_unrelated_action_filter1,B-E-3-2025,변전실 등의 양압유지에 관한 기술지원규정,exclusive,field_control,photo_actionable,4,WP-BE3-05,퍼지 및 전원투입,퍼지 및 전원투입,7,B-E-3-2025,present_in_base_ttl_same_guide
ci_unrelated_action_filter1,B-E-3-2025,변전실 등의 양압유지에 관한 기술지원규정,exclusive,field_control,photo_actionable,5,WP-BE3-03,보호기체 공급설비 설치,보호기체 공급설비 설치,5.3,B-E-3-2025,present_in_base_ttl_same_guide
ci_unrelated_action_filter1,B-E-3-2025,변전실 등의 양압유지에 관한 기술지원규정,exclusive,field_control,photo_actionable,6,WP-BE3-04,전선관·덕트 인입부 밀봉 및 보호장치 설치,전선관·덕트 인입부 밀봉 및 보호장치 설치,5.6,B-E-3-2025,present_in_base_ttl_same_guide
ci_unrelated_action_filter1,B-E-3-2025,변전실 등의 양압유지에 관한 기술지원규정,exclusive,field_control,photo_actionable,7,WP-BE3-06,양압실폐시 대응,양압실폐시 대응,8,B-E-3-2025,present_in_base_ttl_same_guide
ci_unrelated_action_filter1,B-E-4-2025,전기기기의 코드 접속기구에 관한 기술지원규정,exclusive,field_control,photo_actionable,1,WP-BE4-02,전기기기 접지 및 코드 접속,전기기기 접지 및 코드 접속,4.2,B-E-4-2025,present_in_base_ttl_same_guide
ci_unrelated_action_filter1,B-E-4-2025,전기기기의 코드 접속기구에 관한 기술지원규정,exclusive,field_control,photo_actionable,2,WP-BE4-04,코드 및 플러그 관리,코드 및 플러그 관리,5.2,B-E-4-2025,present_in_base_ttl_same_guide
ci_unrelated_action_filter1,B-E-4-2025,전기기기의 코드 접속기구에 관한 기술지원규정,exclusive,field_control,photo_actionable,3,WP-BE4-01,이동전선 및 코드 선정,이동전선 및 코드 선정,4.2,B-E-4-2025,present_in_base_ttl_same_guide
ci_unrelated_action_filter1,B-E-4-2025,전기기기의 코드 접속기구에 관한 기술지원규정,exclusive,field_control,photo_actionable,4,WP-BE4-05,누설 전류 시험,누설 전류 시험,5.5,B-E-4-2025,present_in_base_ttl_same_guide
ci_unrelated_action_filter1,B-E-5-2025,비상전원의 선정 및 설치에 관한 기술지원규정,exclusive,field_control,photo_actionable,1,WP-BE5-01,비상전원 종류 선정,비상전원 종류 선정,4,B-E-5-2025,present_in_base_ttl_same_guide
ci_unrelated_action_filter1,B-E-5-2025,비상전원의 선정 및 설치에 관한 기술지원규정,exclusive,field_control,photo_actionable,2,WP-BE5-05,비상전원 공급대상 부하설비 선정,비상전원 공급대상 부하설비 선정,5,B-E-5-2025,present_in_base_ttl_same_guide
ci_unrelated_action_filter1,B-E-5-2025,비상전원의 선정 및 설치에 관한 기술지원규정,exclusive,field_control,photo_actionable,3,WP-BE5-25,비상발전기 전기 및 보호 설비 설치,비상발전기 전기 및 보호 설비 설치,6.2,B-E-5-2025,present_in_base_ttl_same_guide
ci_unrelated_action_filter1,B-E-5-2025,비상전원의 선정 및 설치에 관한 기술지원규정,exclusive,field_control,photo_actionable,4,WP-BE5-02,비상전원 시설 설치,비상전원 시설 설치,4,B-E-5-2025,present_in_base_ttl_same_guide
ci_unrelated_action_filter1,B-E-5-2025,비상전원의 선정 및 설치에 관한 기술지원규정,exclusive,field_control,photo_actionable,5,WP-BE5-03,상용전원 절환 시설 설치,상용전원 절환 시설 설치,4,B-E-5-2025,present_in_base_ttl_same_guide
ci_unrelated_action_filter1,B-E-5-2025,비상전원의 선정 및 설치에 관한 기술지원규정,exclusive,field_control,photo_actionable,6,WP-BE5-04,비상전원 운전방법 결정 및 보호계전기 설치,비상전원 운전방법 결정 및 보호계전기 설치,4,B-E-5-2025,present_in_base_ttl_same_guide
ci_unrelated_action_filter1,B-E-5-2025,비상전원의 선정 및 설치에 관한 기술지원규정,exclusive,field_control,photo_actionable,7,WP-BE5-20,비상발전기 용량산정,비상발전기 용량산정,6.1,B-E-5-2025,present_in_base_ttl_same_guide
ci_unrelated_action_filter1,B-E-5-2025,비상전원의 선정 및 설치에 관한 기술지원규정,exclusive,field_control,photo_actionable,8,WP-BE5-21,비상발전기실 구획 및 설치,비상발전기실 구획 및 설치,6.2,B-E-5-2025,present_in_base_ttl_same_guide
ci_unrelated_action_filter1,B-E-6-2025,전기울타리의 안전에 관한 기술지원규정,exclusive,field_control,photo_actionable,1,WP-BE6-01,전기울타리 설계 및 설치,전기울타리 설계 및 설치,4,B-E-6-2025,present_in_base_ttl_same_guide
ci_unrelated_action_filter1,B-E-6-2025,전기울타리의 안전에 관한 기술지원규정,exclusive,field_control,photo_actionable,2,WP-BE6-02,경고표시 및 통전표시등 설치,경고표시 및 통전표시등 설치,6,B-E-6-2025,present_in_base_ttl_same_guide
ci_unrelated_action_filter1,B-E-6-2025,전기울타리의 안전에 관한 기술지원규정,exclusive,field_control,photo_actionable,3,WP-BE6-03,접지 및 전기배선 설치,접지 및 전기배선 설치,6,B-E-6-2025,present_in_base_ttl_same_guide
ci_unrelated_action_filter1,B-E-6-2025,전기울타리의 안전에 관한 기술지원규정,exclusive,field_control,photo_actionable,4,WP-BE6-04,전기울타리 검사,전기울타리 검사,7,B-E-6-2025,present_in_base_ttl_same_guide
ci_unrelated_action_filter1,B-E-7-2025,건설현장의 전기설비 설치 및 관리에 관한 기술지원규정,exclusive,field_control,photo_actionable,1,WP-BE7-01,작업계획 수립,작업계획 수립,5.1,B-E-7-2025,present_in_base_ttl_same_guide
ci_unrelated_action_filter1,B-E-7-2025,건설현장의 전기설비 설치 및 관리에 관한 기술지원규정,exclusive,field_control,photo_actionable,2,WP-BE7-04,가공전선 및 지중케이블 안전조치,가공전선 및 지중케이블 안전조치,7,B-E-7-2025,present_in_base_ttl_same_guide
ci_unrelated_action_filter1,B-E-7-2025,건설현장의 전기설비 설치 및 관리에 관한 기술지원규정,exclusive,field_control,photo_actionable,3,WP-BE7-03,공급전압 결정,공급전압 결정,6,B-E-7-2025,present_in_base_ttl_same_guide
ci_unrelated_action_filter1,B-E-7-2025,건설현장의 전기설비 설치 및 관리에 관한 기술지원규정,exclusive,field_control,photo_actionable,4,WP-BE7-05,전기설비 선정,전기설비 선정,8,B-E-7-2025,present_in_base_ttl_same_guide
ci_unrelated_action_filter1,B-E-7-2025,건설현장의 전기설비 설치 및 관리에 관한 기술지원규정,exclusive,field_control,photo_actionable,5,WP-BE7-07,발전기 설치,발전기 설치,10.1,B-E-7-2025,present_in_base_ttl_same_guide
ci_unrelated_action_filter1,B-E-7-2025,건설현장의 전기설비 설치 및 관리에 관한 기술지원규정,exclusive,field_control,photo_actionable,6,WP-BE7-09,휴대 전기기기 관리,휴대 전기기기 관리,10.3,B-E-7-2025,present_in_base_ttl_same_guide
ci_unrelated_action_filter1,B-E-7-2025,건설현장의 전기설비 설치 및 관리에 관한 기술지원규정,exclusive,field_control,photo_actionable,7,WP-BE7-10,누전차단기 설치 및 관리,누전차단기 설치 및 관리,10.4,B-E-7-2025,present_in_base_ttl_same_guide
ci_unrelated_action_filter1,B-E-7-2025,건설현장의 전기설비 설치 및 관리에 관한 기술지원규정,exclusive,field_control,photo_actionable,8,WP-BE7-12,접지 시공,접지 시공,11,B-E-7-2025,present_in_base_ttl_same_guide
ci_unrelated_action_filter1,B-E-8-2026,계측장치의 선정·설치·사용에 관한 기술지원규정,domain_specific,field_control,photo_actionable,1,WP-BE8-27,온도계 보호관 설치,온도계 보호관 설치,6.3,B-E-8-2026,present_in_base_ttl_same_guide
ci_unrelated_action_filter1,B-E-8-2026,계측장치의 선정·설치·사용에 관한 기술지원규정,domain_specific,field_control,photo_actionable,2,WP-BE8-01,유량계 형식 선정,유량계 형식 선정,5.1,B-E-8-2026,present_in_base_ttl_same_guide
ci_unrelated_action_filter1,B-E-8-2026,계측장치의 선정·설치·사용에 관한 기술지원규정,domain_specific,field_control,photo_actionable,3,WP-BE8-02,차압식유량계 유량측정요소 선정,차압식유량계 유량측정요소 선정,5.1,B-E-8-2026,present_in_base_ttl_same_guide
ci_unrelated_action_filter1,B-E-8-2026,계측장치의 선정·설치·사용에 관한 기술지원규정,domain_specific,field_control,photo_actionable,4,WP-BE8-03,온도계 선정,온도계 선정,5.2,B-E-8-2026,present_in_base_ttl_same_guide
ci_unrelated_action_filter1,B-E-8-2026,계측장치의 선정·설치·사용에 관한 기술지원규정,domain_specific,field_control,photo_actionable,5,WP-BE8-04,보호관 선정 및 설치,보호관 선정 및 설치,5.2.6,B-E-8-2026,present_in_base_ttl_same_guide
ci_unrelated_action_filter1,B-E-8-2026,계측장치의 선정·설치·사용에 관한 기술지원규정,domain_specific,field_control,photo_actionable,6,WP-BE8-05,압력계 선정,압력계 선정,5.3,B-E-8-2026,present_in_base_ttl_same_guide
ci_unrelated_action_filter1,B-E-8-2026,계측장치의 선정·설치·사용에 관한 기술지원규정,domain_specific,field_control,photo_actionable,7,WP-BE8-19,차압식유량계 설치,차압식유량계 설치,6.1.1,B-E-8-2026,present_in_base_ttl_same_guide
ci_unrelated_action_filter1,B-E-8-2026,계측장치의 선정·설치·사용에 관한 기술지원규정,domain_specific,field_control,photo_actionable,8,WP-BE8-20,면적식유량계 설치,면적식유량계 설치,6.1.2,B-E-8-2026,present_in_base_ttl_same_guide
ci_unrelated_action_filter1,B-E-9-2026,접지설비에 관한 기술지원규정,exclusive,measurement_analysis,photo_unmatchable,1,WP-BE9-11,접지 임피던스 및 전압 측정,접지 임피던스 및 전압 측정,5.4,B-E-9-2026,present_in_base_ttl_same_guide
ci_unrelated_action_filter1,B-E-9-2026,접지설비에 관한 기술지원규정,exclusive,measurement_analysis,photo_unmatchable,2,WP-BE9-21,직류계통 접지도체 연결,직류계통 접지도체 연결,6.3,B-E-9-2026,present_in_base_ttl_same_guide
ci_unrelated_action_filter1,B-E-9-2026,접지설비에 관한 기술지원규정,exclusive,measurement_analysis,photo_unmatchable,3,WP-BE9-29,보호접지 도체 시설,보호접지 도체 시설,7.6,B-E-9-2026,present_in_base_ttl_same_guide
ci_unrelated_action_filter1,B-E-9-2026,접지설비에 관한 기술지원규정,exclusive,measurement_analysis,photo_unmatchable,4,WP-BE9-09,접지계획 수립,접지계획 수립,5.1,B-E-9-2026,present_in_base_ttl_same_guide
ci_unrelated_action_filter1,B-E-9-2026,접지설비에 관한 기술지원규정,exclusive,measurement_analysis,photo_unmatchable,5,WP-BE9-10,접지시스템 육안 및 물리적 검사,접지시스템 육안 및 물리적 검사,5.4,B-E-9-2026,present_in_base_ttl_same_guide
ci_unrelated_action_filter1,B-E-9-2026,접지설비에 관한 기술지원규정,exclusive,measurement_analysis,photo_unmatchable,6,WP-BE9-12,접지 문제점 해결 및 접속부 정비,접지 문제점 해결 및 접속부 정비,5.5,B-E-9-2026,present_in_base_ttl_same_guide
ci_unrelated_action_filter1,B-E-9-2026,접지설비에 관한 기술지원규정,exclusive,measurement_analysis,photo_unmatchable,7,WP-BE9-13,접지전극 부식 방지 조치,접지전극 부식 방지 조치,5.5,B-E-9-2026,present_in_base_ttl_same_guide
ci_unrelated_action_filter1,B-E-9-2026,접지설비에 관한 기술지원규정,exclusive,measurement_analysis,photo_unmatchable,8,WP-BE9-17,접지도체 및 접지선 색상 표시,접지도체 및 접지선 색상 표시,6.1,B-E-9-2026,present_in_base_ttl_same_guide
ci_unrelated_action_filter1,B-M-10-2025,화학설비의 설치에 관한 기술지원규정,domain_specific,field_control,photo_actionable,1,WP-BM10-07,내압시험,내압시험,8.2,B-M-10-2025,present_in_base_ttl_same_guide
ci_unrelated_action_filter1,B-M-10-2025,화학설비의 설치에 관한 기술지원규정,domain_specific,field_control,photo_actionable,2,WP-BM10-02,조사 및 계획 적정성 검토,조사 및 계획 적정성 검토,5.1,B-M-10-2025,present_in_base_ttl_same_guide
ci_unrelated_action_filter1,B-M-10-2025,화학설비의 설치에 관한 기술지원규정,domain_specific,field_control,photo_actionable,3,WP-BM10-06,설비 및 배관 설치,설비 및 배관 설치,7.2,B-M-10-2025,present_in_base_ttl_same_guide
ci_unrelated_action_filter1,B-M-11-2025,지게차의 안전작업에 관한 기술지원규정,domain_specific,field_control,photo_actionable,1,WP-BM11-37,지게차 작업 전 자율안전점검,지게차 작업 전 자율안전점검,부록 2,B-M-11-2025,present_in_base_ttl_same_guide
ci_unrelated_action_filter1,B-M-11-2025,지게차의 안전작업에 관한 기술지원규정,domain_specific,field_control,photo_actionable,2,WP-BM11-01,작업계획서 작성,작업계획서 작성,5,B-M-11-2025,present_in_base_ttl_same_guide
ci_unrelated_action_filter1,B-M-11-2025,지게차의 안전작업에 관한 기술지원규정,domain_specific,field_control,photo_actionable,3,WP-BM11-24,작업전 확인,작업전 확인,9.1,B-M-11-2025,present_in_base_ttl_same_guide
ci_unrelated_action_filter1,B-M-11-2025,지게차의 안전작업에 관한 기술지원규정,domain_specific,field_control,photo_actionable,4,WP-BM11-25,지면에서의 화물 하역,지면에서의 화물 하역,9.2,B-M-11-2025,present_in_base_ttl_same_guide
ci_unrelated_action_filter1,B-M-11-2025,지게차의 안전작업에 관한 기술지원규정,domain_specific,field_control,photo_actionable,5,WP-BM11-47,정기점검 - 안전장치 및 종합 테스트,정기점검 - 안전장치 및 종합 테스트,부록 3,B-M-11-2025,present_in_base_ttl_same_guide
ci_unrelated_action_filter1,B-M-11-2025,지게차의 안전작업에 관한 기술지원규정,domain_specific,field_control,photo_actionable,6,WP-BM11-02,운전위치 이탈 시 조치,운전위치 이탈 시 조치,5,B-M-11-2025,present_in_base_ttl_same_guide
ci_unrelated_action_filter1,B-M-11-2025,지게차의 안전작업에 관한 기술지원규정,domain_specific,field_control,photo_actionable,7,WP-BM11-03,지게차 이송 (화물자동차 싣기/내리기),지게차 이송 (화물자동차 싣기/내리기),5,B-M-11-2025,present_in_base_ttl_same_guide
ci_unrelated_action_filter1,B-M-11-2025,지게차의 안전작업에 관한 기술지원규정,domain_specific,field_control,photo_actionable,8,WP-BM11-19,작업시작전 점검,작업시작전 점검,8.1,B-M-11-2025,present_in_base_ttl_same_guide
ci_unrelated_action_filter1,B-M-12-2025,크레인 달기기구 및 줄걸이 작업용 와이어로프의 작업에 관한 기술지원규정,exclusive,field_control,photo_actionable,1,WP-BM12-08,화물 하역 후 줄걸이 용구 분리,화물 하역 후 줄걸이 용구 분리,9.3,B-M-12-2025,present_in_base_ttl_same_guide
ci_unrelated_action_filter1,B-M-12-2025,크레인 달기기구 및 줄걸이 작업용 와이어로프의 작업에 관한 기술지원규정,exclusive,field_control,photo_actionable,2,WP-BM12-07,줄걸이 방법 선정 및 작업,줄걸이 방법 선정 및 작업,9.1,B-M-12-2025,present_in_base_ttl_same_guide
ci_unrelated_action_filter1,B-M-12-2025,크레인 달기기구 및 줄걸이 작업용 와이어로프의 작업에 관한 기술지원규정,exclusive,field_control,photo_actionable,3,WP-BM12-09,줄걸이용 와이어로프 품질보증,줄걸이용 와이어로프 품질보증,9.4.1,B-M-12-2025,present_in_base_ttl_same_guide
ci_unrelated_action_filter1,B-M-12-2025,크레인 달기기구 및 줄걸이 작업용 와이어로프의 작업에 관한 기술지원규정,exclusive,field_control,photo_actionable,4,WP-BM12-01,달기기구 선정 및 점검,달기기구 선정 및 점검,4.1,B-M-12-2025,present_in_base_ttl_same_guide
ci_unrelated_action_filter1,B-M-12-2025,크레인 달기기구 및 줄걸이 작업용 와이어로프의 작업에 관한 기술지원규정,exclusive,field_control,photo_actionable,5,WP-BM12-03,훅 점검,훅 점검,5.2.3,B-M-12-2025,present_in_base_ttl_same_guide
ci_unrelated_action_filter1,B-M-12-2025,크레인 달기기구 및 줄걸이 작업용 와이어로프의 작업에 관한 기술지원규정,exclusive,field_control,photo_actionable,6,WP-BM12-05,소켓(Socket) 가공,소켓(Socket) 가공,8.3.2,B-M-12-2025,present_in_base_ttl_same_guide
ci_unrelated_action_filter1,B-M-12-2025,크레인 달기기구 및 줄걸이 작업용 와이어로프의 작업에 관한 기술지원규정,exclusive,field_control,photo_actionable,7,WP-BM12-06,클립(Clip) 체결,클립(Clip) 체결,8.3.4,B-M-12-2025,present_in_base_ttl_same_guide
ci_unrelated_action_filter1,B-M-12-2025,크레인 달기기구 및 줄걸이 작업용 와이어로프의 작업에 관한 기술지원규정,exclusive,field_control,photo_actionable,8,WP-BM12-10,작업자 동반 중량물 운반작업,작업자 동반 중량물 운반작업,10,B-M-12-2025,present_in_base_ttl_same_guide
ci_unrelated_action_filter1,B-M-13-2025,기계톱을 이용한 벌목작업에 관한 기술지원규정,exclusive,field_control,photo_actionable,1,WP-BM13-06,벌목 작업 (수구·추구·파괴층),벌목 작업 (수구·추구·파괴층),11,B-M-13-2025,present_in_base_ttl_same_guide
ci_unrelated_action_filter1,B-M-13-2025,기계톱을 이용한 벌목작업에 관한 기술지원규정,exclusive,field_control,photo_actionable,2,WP-BM13-03,연료·윤활유 취급 및 기계톱 시동 전 점검,연료·윤활유 취급 및 기계톱 시동 전 점검,8.2,B-M-13-2025,present_in_base_ttl_same_guide
ci_unrelated_action_filter1,B-M-13-2025,기계톱을 이용한 벌목작업에 관한 기술지원규정,exclusive,field_control,photo_actionable,3,WP-BM13-04,기계톱 시동 및 시동 후 안전조치,기계톱 시동 및 시동 후 안전조치,9.1,B-M-13-2025,present_in_base_ttl_same_guide
ci_unrelated_action_filter1,B-M-13-2025,기계톱을 이용한 벌목작업에 관한 기술지원규정,exclusive,field_control,photo_actionable,4,WP-BM13-05,벌목 전 안전확보 및 현장 정리,벌목 전 안전확보 및 현장 정리,10,B-M-13-2025,present_in_base_ttl_same_guide
ci_unrelated_action_filter1,B-M-13-2025,기계톱을 이용한 벌목작업에 관한 기술지원규정,exclusive,field_control,photo_actionable,5,WP-BM13-07,걸린 나무·부러진 나무 처리,걸린 나무·부러진 나무 처리,12,B-M-13-2025,present_in_base_ttl_same_guide
ci_unrelated_action_filter1,B-M-13-2025,기계톱을 이용한 벌목작업에 관한 기술지원규정,exclusive,field_control,photo_actionable,6,WP-BM13-08,벌도목 가지치기,벌도목 가지치기,13.2,B-M-13-2025,present_in_base_ttl_same_guide
ci_unrelated_action_filter1,B-M-14-2025,연삭기 안전작업에 관한 기술지원규정,exclusive,field_control,photo_actionable,1,WP-BM14-36,연삭기 시동 및 시운전,연삭기 시동 및 시운전,10,B-M-14-2025,present_in_base_ttl_same_guide
ci_unrelated_action_filter1,B-M-14-2025,연삭기 안전작업에 관한 기술지원규정,exclusive,field_control,photo_actionable,2,WP-BM14-40,자율안전점검 실시,자율안전점검 실시,부록,B-M-14-2025,present_in_base_ttl_same_guide
ci_unrelated_action_filter1,B-M-14-2025,연삭기 안전작업에 관한 기술지원규정,exclusive,field_control,photo_actionable,3,WP-BM14-01,연삭숫돌 보관,연삭숫돌 보관,5,B-M-14-2025,present_in_base_ttl_same_guide
ci_unrelated_action_filter1,B-M-14-2025,연삭기 안전작업에 관한 기술지원규정,exclusive,field_control,photo_actionable,4,WP-BM14-03,연삭숫돌 설치,연삭숫돌 설치,7,B-M-14-2025,present_in_base_ttl_same_guide
ci_unrelated_action_filter1,B-M-14-2025,연삭기 안전작업에 관한 기술지원규정,exclusive,field_control,photo_actionable,5,WP-BM14-04,시험운전,시험운전,7,B-M-14-2025,present_in_base_ttl_same_guide
ci_unrelated_action_filter1,B-M-14-2025,연삭기 안전작업에 관한 기술지원규정,exclusive,field_control,photo_actionable,6,WP-BM14-05,작업 시작 전 점검,작업 시작 전 점검,8,B-M-14-2025,present_in_base_ttl_same_guide
ci_unrelated_action_filter1,B-M-14-2025,연삭기 안전작업에 관한 기술지원규정,exclusive,field_control,photo_actionable,7,WP-BM14-34,연삭숫돌 저장 및 상태 점검,연삭숫돌 저장 및 상태 점검,10,B-M-14-2025,present_in_base_ttl_same_guide
ci_unrelated_action_filter1,B-M-14-2025,연삭기 안전작업에 관한 기술지원규정,exclusive,field_control,photo_actionable,8,WP-BM14-35,연삭숫돌 조립 및 설치,연삭숫돌 조립 및 설치,10,B-M-14-2025,present_in_base_ttl_same_guide
ci_unrelated_action_filter1,B-M-15-2026,고온 염색기 안전에 관한 기술지원규정,exclusive,field_control,photo_actionable,1,WP-BM15-04,정기 유지보수 및 검사,도어 개방 및 내용물 취출,6,B-M-15-2026,present_in_base_ttl_same_guide
ci_unrelated_action_filter1,B-M-15-2026,고온 염색기 안전에 관한 기술지원규정,exclusive,field_control,photo_actionable,2,WP-BM15-02,과산화수소 표백 작업,도어 잠금 및 염색 사이클 시작 전 점검,7.1,B-M-15-2026,present_in_base_ttl_same_guide
ci_unrelated_action_filter1,B-M-15-2026,고온 염색기 안전에 관한 기술지원규정,exclusive,field_control,photo_actionable,3,WP-BM15-03,고온 염색기 설치 및 배관 연결,고온 염색 운전,6,B-M-15-2026,present_in_base_ttl_same_guide
ci_unrelated_action_filter1,B-M-15-2026,고온 염색기 안전에 관한 기술지원규정,exclusive,field_control,photo_actionable,4,WP-BM15-06,도어 잠금 및 염색 사이클 시작 전 점검,정기 유지보수 및 검사,7,B-M-15-2026,present_in_base_ttl_same_guide
ci_unrelated_action_filter1,B-M-15-2026,고온 염색기 안전에 관한 기술지원규정,exclusive,field_control,photo_actionable,5,WP-BM15-01,고온 염색 운전,고온 염색기 설치 및 배관 연결,5.6,B-M-15-2026,present_in_base_ttl_same_guide
ci_unrelated_action_filter1,B-M-15-2026,고온 염색기 안전에 관한 기술지원규정,exclusive,field_control,photo_actionable,6,WP-BM15-05,도어 개방 및 내용물 취출,과산화수소 표백 작업,9,B-M-15-2026,present_in_base_ttl_same_guide
ci_unrelated_action_filter1,B-M-16-2026,기계식 주차장치의 안전에 관한 기술지원규정,exclusive,field_control,photo_actionable,1,WP-BM16-34,기계식주차장치 자동차 입출고 작업,기계식주차장치 자동차 입출고 작업,8,B-M-16-2026,present_in_base_ttl_same_guide
ci_unrelated_action_filter1,B-M-16-2026,기계식 주차장치의 안전에 관한 기술지원규정,exclusive,field_control,photo_actionable,2,WP-BM16-36,승강실 비상 대피,승강실 비상 대피,8.5,B-M-16-2026,present_in_base_ttl_same_guide
ci_unrelated_action_filter1,B-M-17-2026,기계의 위험방지를 위한 시각적·청각적 신호체계에 관한 기술지원규정,domain_specific,field_control,photo_actionable,1,WP-BM17-03,시각적 신호 특성 설정,시각적 신호 특성 설정,5.4,B-M-17-2026,present_in_base_ttl_same_guide
ci_unrelated_action_filter1,B-M-17-2026,기계의 위험방지를 위한 시각적·청각적 신호체계에 관한 기술지원규정,domain_specific,field_control,photo_actionable,2,WP-BM17-01,시각적·청각적 신호 설계,시각적·청각적 신호 설계,5.1,B-M-17-2026,present_in_base_ttl_same_guide
ci_unrelated_action_filter1,B-M-17-2026,기계의 위험방지를 위한 시각적·청각적 신호체계에 관한 기술지원규정,domain_specific,field_control,photo_actionable,3,WP-BM17-02,청각적 신호 특성 설정,청각적 신호 특성 설정,5.3,B-M-17-2026,present_in_base_ttl_same_guide
ci_unrelated_action_filter1,B-M-17-2026,기계의 위험방지를 위한 시각적·청각적 신호체계에 관한 기술지원규정,domain_specific,field_control,photo_actionable,4,WP-BM17-04,신호체계 효과 정기 시험,신호체계 효과 정기 시험,7,B-M-17-2026,present_in_base_ttl_same_guide
ci_unrelated_action_filter1,B-M-18-2026,배관 수명관리 기술지원규정,domain_specific,measurement_analysis,photo_unmatchable,1,WP-BM18-09,배관두께 검사 절차,배관두께 검사 절차,5.3,B-M-18-2026,present_in_base_ttl_same_guide
ci_unrelated_action_filter1,B-M-18-2026,배관 수명관리 기술지원규정,domain_specific,measurement_analysis,photo_unmatchable,2,WP-BM18-26,AI·딥러닝 기반 잔여수명 예측 고도화,AI·딥러닝 기반 잔여수명 예측 고도화,6,B-M-18-2026,present_in_base_ttl_same_guide
ci_unrelated_action_filter1,B-M-18-2026,배관 수명관리 기술지원규정,domain_specific,measurement_analysis,photo_unmatchable,3,WP-BM18-36,두께측정검사,두께측정검사,7.2.2,B-M-18-2026,present_in_base_ttl_same_guide
ci_unrelated_action_filter1,B-M-18-2026,배관 수명관리 기술지원규정,domain_specific,measurement_analysis,photo_unmatchable,4,WP-BM18-11,잔여수명 결정 및 검사주기 관리,잔여수명 결정 및 검사주기 관리,5.3,B-M-18-2026,present_in_base_ttl_same_guide
ci_unrelated_action_filter1,B-M-18-2026,배관 수명관리 기술지원규정,domain_specific,measurement_analysis,photo_unmatchable,5,WP-BM18-28,배관 개방 전 안전조치,배관 개방 전 안전조치,7.1,B-M-18-2026,present_in_base_ttl_same_guide
ci_unrelated_action_filter1,B-M-18-2026,배관 수명관리 기술지원규정,domain_specific,measurement_analysis,photo_unmatchable,6,WP-BM18-30,끝이 막힌 배관 검사,끝이 막힌 배관 검사,7.2.1,B-M-18-2026,present_in_base_ttl_same_guide
ci_unrelated_action_filter1,B-M-18-2026,배관 수명관리 기술지원규정,domain_specific,measurement_analysis,photo_unmatchable,7,WP-BM18-06,배관두께 결정 절차,배관두께 결정 절차,5.1,B-M-18-2026,present_in_base_ttl_same_guide
ci_unrelated_action_filter1,B-M-18-2026,배관 수명관리 기술지원규정,domain_specific,measurement_analysis,photo_unmatchable,8,WP-BM18-10,배관응력 해석 절차,배관응력 해석 절차,5.7,B-M-18-2026,present_in_base_ttl_same_guide
ci_unrelated_action_filter1,B-M-19-2026,배관 주요사고 대비 비상계획에 관한 기술지원규정,exclusive,field_control,photo_actionable,1,WP-BM19-05,위험범위 및 비상계획거리 결정,위험범위 및 비상계획거리 결정,5.5,B-M-19-2026,present_in_base_ttl_same_guide
ci_unrelated_action_filter1,B-M-19-2026,배관 주요사고 대비 비상계획에 관한 기술지원규정,exclusive,field_control,photo_actionable,2,WP-BM19-01,배관파손 잠재적 원인 분석 및 위험성평가,배관파손 잠재적 원인 분석 및 위험성평가,5.1,B-M-19-2026,present_in_base_ttl_same_guide
ci_unrelated_action_filter1,B-M-19-2026,배관 주요사고 대비 비상계획에 관한 기술지원규정,exclusive,field_control,photo_actionable,3,WP-BM19-03,누출 규모 및 지속시간 평가,누출 규모 및 지속시간 평가,5.3,B-M-19-2026,present_in_base_ttl_same_guide
ci_unrelated_action_filter1,B-M-19-2026,배관 주요사고 대비 비상계획에 관한 기술지원규정,exclusive,field_control,photo_actionable,4,WP-BM19-06,비상계획 문서 작성,비상계획 문서 작성,6,B-M-19-2026,present_in_base_ttl_same_guide
ci_unrelated_action_filter1,B-M-19-2026,배관 주요사고 대비 비상계획에 관한 기술지원규정,exclusive,field_control,photo_actionable,5,WP-BM19-07,비상계획 활성화 및 비상대응,비상계획 활성화 및 비상대응,6,B-M-19-2026,present_in_base_ttl_same_guide
ci_unrelated_action_filter1,B-M-19-2026,배관 주요사고 대비 비상계획에 관한 기술지원규정,exclusive,field_control,photo_actionable,6,WP-BM19-02,배관 파손 가능성 평가,배관 파손 가능성 평가,5.2,B-M-19-2026,present_in_base_ttl_same_guide
ci_unrelated_action_filter1,B-M-19-2026,배관 주요사고 대비 비상계획에 관한 기술지원규정,exclusive,field_control,photo_actionable,7,WP-BM19-04,유해위험요인과 영향 분석,유해위험요인과 영향 분석,5.4,B-M-19-2026,present_in_base_ttl_same_guide
ci_unrelated_action_filter1,B-M-2-2025,혼합기의 안전작업에 관한 기술지원규정,exclusive,field_control,photo_actionable,1,WP-BM2-02,본작업(혼합작업),본작업(혼합작업),6.2,B-M-2-2025,present_in_base_ttl_same_guide
ci_unrelated_action_filter1,B-M-2-2025,혼합기의 안전작업에 관한 기술지원규정,exclusive,field_control,photo_actionable,2,WP-BM2-01,준비작업,준비작업,6.1,B-M-2-2025,present_in_base_ttl_same_guide
ci_unrelated_action_filter1,B-M-2-2025,혼합기의 안전작업에 관한 기술지원규정,exclusive,field_control,photo_actionable,3,WP-BM2-03,마무리 작업,마무리 작업,6.3,B-M-2-2025,present_in_base_ttl_same_guide
ci_unrelated_action_filter1,B-M-20-2026,배관지지물 설치 및 유지에 관한 기술지원규정,domain_specific,field_control,photo_actionable,1,WP-BM20-07,용접,용접,5.7,B-M-20-2026,present_in_base_ttl_same_guide
ci_unrelated_action_filter1,B-M-20-2026,배관지지물 설치 및 유지에 관한 기술지원규정,domain_specific,field_control,photo_actionable,2,WP-BM20-31,배관지지물 설치,배관지지물 설치,6,B-M-20-2026,present_in_base_ttl_same_guide
ci_unrelated_action_filter1,B-M-20-2026,배관지지물 설치 및 유지에 관한 기술지원규정,domain_specific,field_control,photo_actionable,3,WP-BM20-02,절단작업,절단작업,5.2,B-M-20-2026,present_in_base_ttl_same_guide
ci_unrelated_action_filter1,B-M-20-2026,배관지지물 설치 및 유지에 관한 기술지원규정,domain_specific,field_control,photo_actionable,4,WP-BM20-03,굽힘작업,굽힘작업,5.3,B-M-20-2026,present_in_base_ttl_same_guide
ci_unrelated_action_filter1,B-M-20-2026,배관지지물 설치 및 유지에 관한 기술지원규정,domain_specific,field_control,photo_actionable,5,WP-BM20-04,배관 용접부위 가공,배관 용접부위 가공,5.4,B-M-20-2026,present_in_base_ttl_same_guide
ci_unrelated_action_filter1,B-M-20-2026,배관지지물 설치 및 유지에 관한 기술지원규정,domain_specific,field_control,photo_actionable,6,WP-BM20-05,정렬,정렬,5.5,B-M-20-2026,present_in_base_ttl_same_guide
ci_unrelated_action_filter1,B-M-20-2026,배관지지물 설치 및 유지에 관한 기술지원규정,domain_specific,field_control,photo_actionable,7,WP-BM20-08,밸브 설치,밸브 설치,5.8,B-M-20-2026,present_in_base_ttl_same_guide
ci_unrelated_action_filter1,B-M-20-2026,배관지지물 설치 및 유지에 관한 기술지원규정,domain_specific,field_control,photo_actionable,8,WP-BM20-09,비파괴검사 및 열처리,비파괴검사 및 열처리,5.9,B-M-20-2026,present_in_base_ttl_same_guide
ci_unrelated_action_filter1,B-M-21-2026,분상·입상 저장물의 저장설비에 관한 기술지원규정,exclusive,field_control,photo_actionable,1,WP-BM21-01,설계 및 제작,설계 및 제작,5,B-M-21-2026,present_in_base_ttl_same_guide
ci_unrelated_action_filter1,B-M-22-2026,생활폐기물 수거차량의 구조 등에 관한 기술지원규정,exclusive,field_control,photo_actionable,1,WP-BM22-01,쓰레기 투입(적입) 작업,쓰레기 투입(적입) 작업,7,B-M-22-2026,present_in_base_ttl_same_guide
ci_unrelated_action_filter1,B-M-22-2026,생활폐기물 수거차량의 구조 등에 관한 기술지원규정,exclusive,field_control,photo_actionable,2,WP-BM22-02,테일게이트 상승 및 하부 점검·정비,테일게이트 상승 및 하부 점검·정비,6.2,B-M-22-2026,present_in_base_ttl_same_guide
ci_unrelated_action_filter1,B-M-22-2026,생활폐기물 수거차량의 구조 등에 관한 기술지원규정,exclusive,field_control,photo_actionable,3,WP-BM22-03,쓰레기 배출 작업,쓰레기 배출 작업,6.2,B-M-22-2026,present_in_base_ttl_same_guide
ci_unrelated_action_filter1,B-M-23-2026,송풍기의 유지보수에 관한 기술지원규정,exclusive,field_control,photo_actionable,1,WP-BM23-02,안전 운전,안전 운전,5.4,B-M-23-2026,present_in_base_ttl_same_guide
ci_unrelated_action_filter1,B-M-23-2026,송풍기의 유지보수에 관한 기술지원규정,exclusive,field_control,photo_actionable,2,WP-BM23-05,정기정비,정기정비,7.4,B-M-23-2026,present_in_base_ttl_same_guide
ci_unrelated_action_filter1,B-M-23-2026,송풍기의 유지보수에 관한 기술지원규정,exclusive,field_control,photo_actionable,3,WP-BM23-03,운전중 점검기록 및 모니터링,운전중 점검기록 및 모니터링,7.1,B-M-23-2026,present_in_base_ttl_same_guide
ci_unrelated_action_filter1,B-M-23-2026,송풍기의 유지보수에 관한 기술지원규정,exclusive,field_control,photo_actionable,4,WP-BM23-04,정기점검,정기점검,7.3,B-M-23-2026,present_in_base_ttl_same_guide
ci_unrelated_action_filter1,B-M-23-2026,송풍기의 유지보수에 관한 기술지원규정,exclusive,field_control,photo_actionable,5,WP-BM23-01,운전전 점검,운전전 점검,5.3,B-M-23-2026,present_in_base_ttl_same_guide
ci_unrelated_action_filter1,B-M-23-2026,송풍기의 유지보수에 관한 기술지원규정,exclusive,field_control,photo_actionable,6,WP-BM23-06,가변피치 축류 팬 오버홀,가변피치 축류 팬 오버홀,7.4,B-M-23-2026,present_in_base_ttl_same_guide
ci_unrelated_action_filter1,B-M-24-2026,안전대의 죔줄에 관한 기술지원규정,exclusive,field_control,photo_actionable,1,WP-BM24-01,사용 전 점검,사용 전 점검,6.3,B-M-24-2026,present_in_base_ttl_same_guide
ci_unrelated_action_filter1,B-M-24-2026,안전대의 죔줄에 관한 기술지원규정,exclusive,field_control,photo_actionable,2,WP-BM24-03,중간 점검,중간 점검,6.3,B-M-24-2026,present_in_base_ttl_same_guide
ci_unrelated_action_filter1,B-M-24-2026,안전대의 죔줄에 관한 기술지원규정,exclusive,field_control,photo_actionable,3,WP-BM24-04,결함 발견 시 사용 중지 및 폐기,결함 발견 시 사용 중지 및 폐기,6.5,B-M-24-2026,present_in_base_ttl_same_guide
ci_unrelated_action_filter1,B-M-25-2026,에너지 차단장치의 잠금·표지에 관한 기술지원규정,exclusive,field_control,photo_actionable,1,WP-BM25-04,잠금장치 또는 표지의 설치,잠금장치 또는 표지의 설치,6.4,B-M-25-2026,present_in_base_ttl_same_guide
ci_unrelated_action_filter1,B-M-25-2026,에너지 차단장치의 잠금·표지에 관한 기술지원규정,exclusive,field_control,photo_actionable,2,WP-BM25-06,차단 확인,차단 확인,6.6,B-M-25-2026,present_in_base_ttl_same_guide
ci_unrelated_action_filter1,B-M-25-2026,에너지 차단장치의 잠금·표지에 관한 기술지원규정,exclusive,field_control,photo_actionable,3,WP-BM25-09,잠금장치·표지의 제거,잠금장치·표지의 제거,7.3,B-M-25-2026,present_in_base_ttl_same_guide
ci_unrelated_action_filter1,B-M-25-2026,에너지 차단장치의 잠금·표지에 관한 기술지원규정,exclusive,field_control,photo_actionable,4,WP-BM25-10,시험·조정 시 일시적 에너지 공급,시험·조정 시 일시적 에너지 공급,8.1,B-M-25-2026,present_in_base_ttl_same_guide
ci_unrelated_action_filter1,B-M-25-2026,에너지 차단장치의 잠금·표지에 관한 기술지원규정,exclusive,field_control,photo_actionable,5,WP-BM25-08,작업자 확인,작업자 확인,7.2,B-M-25-2026,present_in_base_ttl_same_guide
ci_unrelated_action_filter1,B-M-25-2026,에너지 차단장치의 잠금·표지에 관한 기술지원규정,exclusive,field_control,photo_actionable,6,WP-BM25-01,기기 등의 운전정지 준비,기기 등의 운전정지 준비,6.1,B-M-25-2026,present_in_base_ttl_same_guide
ci_unrelated_action_filter1,B-M-25-2026,에너지 차단장치의 잠금·표지에 관한 기술지원규정,exclusive,field_control,photo_actionable,7,WP-BM25-05,지장 또는 축적된 에너지의 관리,지장 또는 축적된 에너지의 관리,6.5,B-M-25-2026,present_in_base_ttl_same_guide
ci_unrelated_action_filter1,B-M-26-2026,예초기 작업에 관한 기술지원규정,exclusive,field_control,photo_actionable,1,WP-BM26-01,작업 전 점검,작업 전 점검,9.1,B-M-26-2026,present_in_base_ttl_same_guide
ci_unrelated_action_filter1,B-M-26-2026,예초기 작업에 관한 기술지원규정,exclusive,field_control,photo_actionable,2,WP-BM26-03,예초기 시동 및 준비,예초기 시동 및 준비,10,B-M-26-2026,present_in_base_ttl_same_guide
ci_unrelated_action_filter1,B-M-26-2026,예초기 작업에 관한 기술지원규정,exclusive,field_control,photo_actionable,3,WP-BM26-04,예초 작업 실시,예초 작업 실시,10,B-M-26-2026,present_in_base_ttl_same_guide
ci_unrelated_action_filter1,B-M-26-2026,예초기 작업에 관한 기술지원규정,exclusive,field_control,photo_actionable,4,WP-BM26-05,작업 중지 및 이동,작업 중지 및 이동,8,B-M-26-2026,present_in_base_ttl_same_guide
ci_unrelated_action_filter1,B-M-26-2026,예초기 작업에 관한 기술지원규정,exclusive,field_control,photo_actionable,5,WP-BM26-02,작업 전 교육 및 개인보호구 착용,작업 전 교육 및 개인보호구 착용,8,B-M-26-2026,present_in_base_ttl_same_guide
ci_unrelated_action_filter1,B-M-27-2026,오토클레이브(Autoclave) 안전에 관한 기술지원규정,exclusive,field_control,photo_actionable,1,WP-BM27-02,오토클레이브 가압 운전,오토클레이브 가압 운전,5.1.1,B-M-27-2026,present_in_base_ttl_same_guide
ci_unrelated_action_filter1,B-M-27-2026,오토클레이브(Autoclave) 안전에 관한 기술지원규정,exclusive,field_control,photo_actionable,2,WP-BM27-01,오토클레이브 운전 전 안전 점검,오토클레이브 운전 전 안전 점검,5.1,B-M-27-2026,present_in_base_ttl_same_guide
ci_unrelated_action_filter1,B-M-27-2026,오토클레이브(Autoclave) 안전에 관한 기술지원규정,exclusive,field_control,photo_actionable,3,WP-BM27-03,오토클레이브 감압 및 도어 개방,오토클레이브 감압 및 도어 개방,5.4,B-M-27-2026,present_in_base_ttl_same_guide
ci_unrelated_action_filter1,B-M-27-2026,오토클레이브(Autoclave) 안전에 관한 기술지원규정,exclusive,field_control,photo_actionable,4,WP-BM27-04,오토클레이브 내부 진입 작업,오토클레이브 내부 진입 작업,5.2,B-M-27-2026,present_in_base_ttl_same_guide
ci_unrelated_action_filter1,B-M-27-2026,오토클레이브(Autoclave) 안전에 관한 기술지원규정,exclusive,field_control,photo_actionable,5,WP-BM27-05,오토클레이브 유지보수 및 정기검사,오토클레이브 유지보수 및 정기검사,7,B-M-27-2026,present_in_base_ttl_same_guide
ci_unrelated_action_filter1,B-M-28-2026,유해·위험물 취급용 플렉시블 호스의 사용안전에 관한 기술지원규정,exclusive,field_control,photo_actionable,1,WP-BM28-07,호스 관리 및 예방점검,호스 관리 및 예방점검,8.3,B-M-28-2026,present_in_base_ttl_same_guide
ci_unrelated_action_filter1,B-M-28-2026,유해·위험물 취급용 플렉시블 호스의 사용안전에 관한 기술지원규정,exclusive,field_control,photo_actionable,2,WP-BM28-03,설치 후 점검,설치 후 점검,6.3,B-M-28-2026,present_in_base_ttl_same_guide
ci_unrelated_action_filter1,B-M-28-2026,유해·위험물 취급용 플렉시블 호스의 사용안전에 관한 기술지원규정,exclusive,field_control,photo_actionable,3,WP-BM28-04,호스 이용 운전,호스 이용 운전,7.2,B-M-28-2026,present_in_base_ttl_same_guide
ci_unrelated_action_filter1,B-M-28-2026,유해·위험물 취급용 플렉시블 호스의 사용안전에 관한 기술지원규정,exclusive,field_control,photo_actionable,4,WP-BM28-06,가연성 물질 운송,가연성 물질 운송,7.3.2,B-M-28-2026,present_in_base_ttl_same_guide
ci_unrelated_action_filter1,B-M-29-2026,자동차 안전작업에 대한 기술지원규정,exclusive,field_control,photo_actionable,1,WP-BM29-05,연료 계통 수리 및 연료 제거 작업,연료 계통 수리 및 연료 제거 작업,5,B-M-29-2026,present_in_base_ttl_same_guide
ci_unrelated_action_filter1,B-M-29-2026,자동차 안전작업에 대한 기술지원규정,exclusive,field_control,photo_actionable,2,WP-BM29-31,LPG 연료 차량 작업 준비,LPG 연료 차량 작업 준비,7.1,B-M-29-2026,present_in_base_ttl_same_guide
ci_unrelated_action_filter1,B-M-29-2026,자동차 안전작업에 대한 기술지원규정,exclusive,field_control,photo_actionable,3,WP-BM29-32,검사 피트 부근 LPG 차량 작업,검사 피트 부근 LPG 차량 작업,7.2,B-M-29-2026,present_in_base_ttl_same_guide
ci_unrelated_action_filter1,B-M-29-2026,자동차 안전작업에 대한 기술지원규정,exclusive,field_control,photo_actionable,4,WP-BM29-01,차량 상승 및 엑슬 스탠드 지지,차량 상승 및 엑슬 스탠드 지지,5,B-M-29-2026,present_in_base_ttl_same_guide
ci_unrelated_action_filter1,B-M-29-2026,자동차 안전작업에 대한 기술지원규정,exclusive,field_control,photo_actionable,5,WP-BM29-02,자동차정비용 리프트 설치 및 사전검사,자동차정비용 리프트 설치 및 사전검사,5,B-M-29-2026,present_in_base_ttl_same_guide
ci_unrelated_action_filter1,B-M-29-2026,자동차 안전작업에 대한 기술지원규정,exclusive,field_control,photo_actionable,6,WP-BM29-03,피트 내부 작업 준비 및 수행,피트 내부 작업 준비 및 수행,5,B-M-29-2026,present_in_base_ttl_same_guide
ci_unrelated_action_filter1,B-M-29-2026,자동차 안전작업에 대한 기술지원규정,exclusive,field_control,photo_actionable,7,WP-BM29-04,차량 아래 수리작업 수행,차량 아래 수리작업 수행,5,B-M-29-2026,present_in_base_ttl_same_guide
ci_unrelated_action_filter1,B-M-29-2026,자동차 안전작업에 대한 기술지원규정,exclusive,field_control,photo_actionable,8,WP-BM29-06,리프팅 장비 유지보수 및 정기검사,리프팅 장비 유지보수 및 정기검사,5,B-M-29-2026,present_in_base_ttl_same_guide
ci_unrelated_action_filter1,B-M-3-2025,파쇄기의 방호조치에 관한 기술지원규정,exclusive,field_control,photo_actionable,1,WP-BM3-02,원석 투입 작업,원석 투입 작업,6.5,B-M-3-2025,present_in_base_ttl_same_guide
ci_unrelated_action_filter1,B-M-3-2025,파쇄기의 방호조치에 관한 기술지원규정,exclusive,field_control,photo_actionable,2,WP-BM3-01,파쇄기 가동 전 점검,파쇄기 가동 전 점검,5.1,B-M-3-2025,present_in_base_ttl_same_guide
ci_unrelated_action_filter1,B-M-3-2025,파쇄기의 방호조치에 관한 기술지원규정,exclusive,field_control,photo_actionable,3,WP-BM3-04,원석 걸림 제거 작업,원석 걸림 제거 작업,6.6,B-M-3-2025,present_in_base_ttl_same_guide
ci_unrelated_action_filter1,B-M-3-2025,파쇄기의 방호조치에 관한 기술지원규정,exclusive,field_control,photo_actionable,4,WP-BM3-03,파쇄 작업(가동),파쇄 작업(가동),6.4,B-M-3-2025,present_in_base_ttl_same_guide
ci_unrelated_action_filter1,B-M-30-2026,자분탐상과 침투탐상검사에 관한 기술지원규정,domain_specific,field_control,photo_actionable,1,WP-BM30-03,자분탐상검사 검출 매체 적용,자분탐상검사 검출 매체 적용,5.2.1,B-M-30-2026,present_in_base_ttl_same_guide
ci_unrelated_action_filter1,B-M-30-2026,자분탐상과 침투탐상검사에 관한 기술지원규정,domain_specific,field_control,photo_actionable,2,WP-BM30-04,자분탐상검사 지시 관찰,자분탐상검사 지시 관찰,5.2.1,B-M-30-2026,present_in_base_ttl_same_guide
ci_unrelated_action_filter1,B-M-30-2026,자분탐상과 침투탐상검사에 관한 기술지원규정,domain_specific,field_control,photo_actionable,3,WP-BM30-07,침투탐상검사 침투액 도포,침투탐상검사 침투액 도포,5.2.2,B-M-30-2026,present_in_base_ttl_same_guide
ci_unrelated_action_filter1,B-M-30-2026,자분탐상과 침투탐상검사에 관한 기술지원규정,domain_specific,field_control,photo_actionable,4,WP-BM30-08,침투탐상검사 과잉 침투액 제거,침투탐상검사 과잉 침투액 제거,5.2.2,B-M-30-2026,present_in_base_ttl_same_guide
ci_unrelated_action_filter1,B-M-30-2026,자분탐상과 침투탐상검사에 관한 기술지원규정,domain_specific,field_control,photo_actionable,5,WP-BM30-09,침투탐상검사 현상제 적용,침투탐상검사 현상제 적용,5.2.2,B-M-30-2026,present_in_base_ttl_same_guide
ci_unrelated_action_filter1,B-M-30-2026,자분탐상과 침투탐상검사에 관한 기술지원규정,domain_specific,field_control,photo_actionable,6,WP-BM30-10,침투탐상검사 지시 관찰,침투탐상검사 지시 관찰,5.2.2,B-M-30-2026,present_in_base_ttl_same_guide
ci_unrelated_action_filter1,B-M-30-2026,자분탐상과 침투탐상검사에 관한 기술지원규정,domain_specific,field_control,photo_actionable,7,WP-BM30-01,자분탐상검사 전처리,자분탐상검사 전처리,5.2.1,B-M-30-2026,present_in_base_ttl_same_guide
ci_unrelated_action_filter1,B-M-30-2026,자분탐상과 침투탐상검사에 관한 기술지원규정,domain_specific,field_control,photo_actionable,8,WP-BM30-02,자분탐상검사 자화,자분탐상검사 자화,5.2.1,B-M-30-2026,present_in_base_ttl_same_guide
ci_unrelated_action_filter1,B-M-31-2026,주형 및 코어 제조기의 안전대책에 관한 기술지원규정,exclusive,field_control,photo_actionable,1,WP-BM31-04,개별 조형기 운전,개별 조형기 운전,6.1,B-M-31-2026,present_in_base_ttl_same_guide
ci_unrelated_action_filter1,B-M-31-2026,주형 및 코어 제조기의 안전대책에 관한 기술지원규정,exclusive,field_control,photo_actionable,2,WP-BM31-05,자동 조형기 운전,자동 조형기 운전,6.2,B-M-31-2026,present_in_base_ttl_same_guide
ci_unrelated_action_filter1,B-M-31-2026,주형 및 코어 제조기의 안전대책에 관한 기술지원규정,exclusive,field_control,photo_actionable,3,WP-BM31-02,접근작업 (유지보수·설정·청소),접근작업 (유지보수·설정·청소),5.2,B-M-31-2026,present_in_base_ttl_same_guide
ci_unrelated_action_filter1,B-M-32-2026,철강제품의 적재에 관한 안전기술지원규정,domain_specific,field_control,photo_actionable,1,WP-BM32-04,봉강류·강관류·소형 형강류 선반 적재,봉강류·강관류·소형 형강류 선반 적재,8.1,B-M-32-2026,present_in_base_ttl_same_guide
ci_unrelated_action_filter1,B-M-32-2026,철강제품의 적재에 관한 안전기술지원규정,domain_specific,field_control,photo_actionable,2,WP-BM32-05,H빔·대형 형강류 적재,H빔·대형 형강류 적재,8.2,B-M-32-2026,present_in_base_ttl_same_guide
ci_unrelated_action_filter1,B-M-32-2026,철강제품의 적재에 관한 안전기술지원규정,domain_specific,field_control,photo_actionable,3,WP-BM32-01,적재장 배치 및 설계,적재장 배치 및 설계,6.1,B-M-32-2026,present_in_base_ttl_same_guide
ci_unrelated_action_filter1,B-M-32-2026,철강제품의 적재에 관한 안전기술지원규정,domain_specific,field_control,photo_actionable,4,WP-BM32-06,코일류 적재,코일류 적재,8.3,B-M-32-2026,present_in_base_ttl_same_guide
ci_unrelated_action_filter1,B-M-33-2026,컨베이어의 안전에 관한 기술지원규정,domain_specific,field_control,photo_actionable,1,WP-BM33-14,벨트 컨베이어 방호장치 설치 및 점검,벨트 컨베이어 방호장치 설치 및 점검,6.1.1,B-M-33-2026,present_in_base_ttl_same_guide
ci_unrelated_action_filter1,B-M-33-2026,컨베이어의 안전에 관한 기술지원규정,domain_specific,field_control,photo_actionable,2,WP-BM33-28,시멘트 벨트컨베이어 헤드측 안전 설치,시멘트 벨트컨베이어 헤드측 안전 설치,6.4.4,B-M-33-2026,present_in_base_ttl_same_guide
ci_unrelated_action_filter1,B-M-33-2026,컨베이어의 안전에 관한 기술지원규정,domain_specific,field_control,photo_actionable,3,WP-BM33-04,컨베이어 정비작업,컨베이어 정비작업,5.3,B-M-33-2026,present_in_base_ttl_same_guide
ci_unrelated_action_filter1,B-M-33-2026,컨베이어의 안전에 관한 기술지원규정,domain_specific,field_control,photo_actionable,4,WP-BM33-16,포터블 벨트 컨베이어 설치·이동,포터블 벨트 컨베이어 설치·이동,6.1.3,B-M-33-2026,present_in_base_ttl_same_guide
ci_unrelated_action_filter1,B-M-33-2026,컨베이어의 안전에 관한 기술지원규정,domain_specific,field_control,photo_actionable,5,WP-BM33-17,피킹 테이블 컨베이어 선별 작업,피킹 테이블 컨베이어 선별 작업,6.1.4,B-M-33-2026,present_in_base_ttl_same_guide
ci_unrelated_action_filter1,B-M-33-2026,컨베이어의 안전에 관한 기술지원규정,domain_specific,field_control,photo_actionable,6,WP-BM33-18,에이프런 컨베이어 안전 운전,에이프런 컨베이어 안전 운전,6.1.5,B-M-33-2026,present_in_base_ttl_same_guide
ci_unrelated_action_filter1,B-M-33-2026,컨베이어의 안전에 관한 기술지원규정,domain_specific,field_control,photo_actionable,7,WP-BM33-26,이송용 컨베이어 대대적 청소,이송용 컨베이어 대대적 청소,6.3.10,B-M-33-2026,present_in_base_ttl_same_guide
ci_unrelated_action_filter1,B-M-33-2026,컨베이어의 안전에 관한 기술지원규정,domain_specific,field_control,photo_actionable,8,WP-BM33-27,시멘트 벨트컨베이어 테일측 안전 설치,시멘트 벨트컨베이어 테일측 안전 설치,6.4.3,B-M-33-2026,present_in_base_ttl_same_guide
ci_unrelated_action_filter1,B-M-34-2026,크레인 안전작업에 관한 기술지원규정,exclusive,field_control,photo_actionable,1,WP-BM34-02,조종실-조종 천장주행크레인 운전,조종실-조종 천장주행크레인 운전,5.2,B-M-34-2026,present_in_base_ttl_same_guide
ci_unrelated_action_filter1,B-M-34-2026,크레인 안전작업에 관한 기술지원규정,exclusive,field_control,photo_actionable,2,WP-BM34-03,펜던트 조종 천장주행크레인 운전,펜던트 조종 천장주행크레인 운전,5.3,B-M-34-2026,present_in_base_ttl_same_guide
ci_unrelated_action_filter1,B-M-34-2026,크레인 안전작업에 관한 기술지원규정,exclusive,field_control,photo_actionable,3,WP-BM34-04,무선 원격 조종 천장주행크레인 운전,무선 원격 조종 천장주행크레인 운전,5.4,B-M-34-2026,present_in_base_ttl_same_guide
ci_unrelated_action_filter1,B-M-34-2026,크레인 안전작업에 관한 기술지원규정,exclusive,field_control,photo_actionable,4,WP-BM34-05,천장주행크레인 점검·보수 작업,천장주행크레인 점검·보수 작업,5.5,B-M-34-2026,present_in_base_ttl_same_guide
ci_unrelated_action_filter1,B-M-34-2026,크레인 안전작업에 관한 기술지원규정,exclusive,field_control,photo_actionable,5,WP-BM34-06,인양물 조정봉 사용 작업,인양물 조정봉 사용 작업,5.6,B-M-34-2026,present_in_base_ttl_same_guide
ci_unrelated_action_filter1,B-M-35-2026,파렛트 안전에 관한 기술지원규정,exclusive,field_control,photo_actionable,1,WP-BM35-01,팔레트 선정 및 설계 검토,팔레트 선정 및 설계 검토,6,B-M-35-2026,present_in_base_ttl_same_guide
ci_unrelated_action_filter1,B-M-35-2026,파렛트 안전에 관한 기술지원규정,exclusive,field_control,photo_actionable,2,WP-BM35-02,팔레트 적재 작업,팔레트 적재 작업,7,B-M-35-2026,present_in_base_ttl_same_guide
ci_unrelated_action_filter1,B-M-35-2026,파렛트 안전에 관한 기술지원규정,exclusive,field_control,photo_actionable,3,WP-BM35-03,팔레트 운반 작업,팔레트 운반 작업,8,B-M-35-2026,present_in_base_ttl_same_guide
ci_unrelated_action_filter1,B-M-35-2026,파렛트 안전에 관한 기술지원규정,exclusive,field_control,photo_actionable,4,WP-BM35-04,팔레트 검사,팔레트 검사,9,B-M-35-2026,present_in_base_ttl_same_guide
ci_unrelated_action_filter1,B-M-35-2026,파렛트 안전에 관한 기술지원규정,exclusive,field_control,photo_actionable,5,WP-BM35-05,팔레트 수리 및 폐기,팔레트 수리 및 폐기,8,B-M-35-2026,present_in_base_ttl_same_guide
ci_unrelated_action_filter1,B-M-36-2026,프레스 위험방지에 관한 기술지원규정,exclusive,field_control,photo_actionable,1,WP-BM36-10,광전자식 방호장치 구조 확인 및 선정,광전자식 방호장치 구조 확인 및 선정,5.3.3,B-M-36-2026,present_in_base_ttl_same_guide
ci_unrelated_action_filter1,B-M-36-2026,프레스 위험방지에 관한 기술지원규정,exclusive,field_control,photo_actionable,2,WP-BM36-16,광전자식 방호장치 설치,광전자식 방호장치 설치,5.4.4,B-M-36-2026,present_in_base_ttl_same_guide
ci_unrelated_action_filter1,B-M-36-2026,프레스 위험방지에 관한 기술지원규정,exclusive,field_control,photo_actionable,3,WP-BM36-32,광전자식 방호장치 점검,광전자식 방호장치 점검,7.2.5,B-M-36-2026,present_in_base_ttl_same_guide
ci_unrelated_action_filter1,B-M-36-2026,프레스 위험방지에 관한 기술지원규정,exclusive,field_control,photo_actionable,4,WP-BM36-07,프레스 방호장치 종류 선정,프레스 방호장치 종류 선정,5.1,B-M-36-2026,present_in_base_ttl_same_guide
ci_unrelated_action_filter1,B-M-36-2026,프레스 위험방지에 관한 기술지원규정,exclusive,field_control,photo_actionable,5,WP-BM36-09,양수조작식 방호장치 구조 확인 및 선정,양수조작식 방호장치 구조 확인 및 선정,5.3.2,B-M-36-2026,present_in_base_ttl_same_guide
ci_unrelated_action_filter1,B-M-36-2026,프레스 위험방지에 관한 기술지원규정,exclusive,field_control,photo_actionable,6,WP-BM36-15,양수조작식 방호장치 설치,양수조작식 방호장치 설치,5.4.3,B-M-36-2026,present_in_base_ttl_same_guide
ci_unrelated_action_filter1,B-M-36-2026,프레스 위험방지에 관한 기술지원규정,exclusive,field_control,photo_actionable,7,WP-BM36-08,가드식 방호장치 구조 확인 및 선정,가드식 방호장치 구조 확인 및 선정,5.3.1,B-M-36-2026,present_in_base_ttl_same_guide
ci_unrelated_action_filter1,B-M-36-2026,프레스 위험방지에 관한 기술지원규정,exclusive,field_control,photo_actionable,8,WP-BM36-11,수인식·손처내기식 방호장치 선정,수인식·손처내기식 방호장치 선정,5.3.4,B-M-36-2026,present_in_base_ttl_same_guide
ci_unrelated_action_filter1,B-M-37-2026,회전기계 등의 끼임·절단재해 예방을 위한 기술지원규정,domain_specific,field_control,photo_actionable,1,WP-BM37-03,회전기계 위험요인 식별,가드(방호설비) 설치,5.3,B-M-37-2026,present_in_base_ttl_same_guide
ci_unrelated_action_filter1,B-M-37-2026,회전기계 등의 끼임·절단재해 예방을 위한 기술지원규정,domain_specific,field_control,photo_actionable,2,WP-BM37-05,회전기계 보호 등급 결정,관리적 대책 수립 및 적용,5.3,B-M-37-2026,present_in_base_ttl_same_guide
ci_unrelated_action_filter1,B-M-37-2026,회전기계 등의 끼임·절단재해 예방을 위한 기술지원규정,domain_specific,field_control,photo_actionable,3,WP-BM37-01,가드(방호설비) 설치,회전기계 위험요인 식별,5.1,B-M-37-2026,present_in_base_ttl_same_guide
ci_unrelated_action_filter1,B-M-37-2026,회전기계 등의 끼임·절단재해 예방을 위한 기술지원규정,domain_specific,field_control,photo_actionable,4,WP-BM37-04,기어 윤활 관리,보조 방호장치 설치,5.3,B-M-37-2026,present_in_base_ttl_same_guide
ci_unrelated_action_filter1,B-M-37-2026,회전기계 등의 끼임·절단재해 예방을 위한 기술지원규정,domain_specific,field_control,photo_actionable,5,WP-BM37-17,기어 및 감속기 분해검사,진동 경보 및 비상정지 설정,6.2,B-M-37-2026,present_in_base_ttl_same_guide
ci_unrelated_action_filter1,B-M-37-2026,회전기계 등의 끼임·절단재해 예방을 위한 기술지원규정,domain_specific,field_control,photo_actionable,6,WP-BM37-35,컨베이어 안전운전,컨베이어 안전운전,부록 1,B-M-37-2026,present_in_base_ttl_same_guide
ci_unrelated_action_filter1,B-M-37-2026,회전기계 등의 끼임·절단재해 예방을 위한 기술지원규정,domain_specific,field_control,photo_actionable,7,WP-BM37-48,기어 과열 점검,소음·진동 이상 점검,부록 2,B-M-37-2026,present_in_base_ttl_same_guide
ci_unrelated_action_filter1,B-M-38-2026,휴대용 동력드릴의 사용안전에 관한 기술지원규정,exclusive,field_control,photo_actionable,1,WP-BM38-02,드릴날 장착,드릴날 장착,6.3,B-M-38-2026,present_in_base_ttl_same_guide
ci_unrelated_action_filter1,B-M-38-2026,휴대용 동력드릴의 사용안전에 관한 기술지원규정,exclusive,field_control,photo_actionable,2,WP-BM38-05,작업전 검사,작업전 검사,12,B-M-38-2026,present_in_base_ttl_same_guide
ci_unrelated_action_filter1,B-M-38-2026,휴대용 동력드릴의 사용안전에 관한 기술지원규정,exclusive,field_control,photo_actionable,3,WP-BM38-06,취급 및 보관,취급 및 보관,11,B-M-38-2026,present_in_base_ttl_same_guide
ci_unrelated_action_filter1,B-M-38-2026,휴대용 동력드릴의 사용안전에 관한 기술지원규정,exclusive,field_control,photo_actionable,4,WP-BM38-01,드릴 및 드릴날 선택,드릴 및 드릴날 선택,6.1,B-M-38-2026,present_in_base_ttl_same_guide
ci_unrelated_action_filter1,B-M-38-2026,휴대용 동력드릴의 사용안전에 관한 기술지원규정,exclusive,field_control,photo_actionable,5,WP-BM38-03,가공물 고정,가공물 고정,6.5,B-M-38-2026,present_in_base_ttl_same_guide
ci_unrelated_action_filter1,B-M-39-2026,휴대용 연삭기 안전작업에 관한 기술지원규정,exclusive,field_control,photo_actionable,1,WP-BM39-01,작업시작 전 준비 및 점검,작업시작 전 준비 및 점검,8.1,B-M-39-2026,present_in_base_ttl_same_guide
ci_unrelated_action_filter1,B-M-39-2026,휴대용 연삭기 안전작업에 관한 기술지원규정,exclusive,field_control,photo_actionable,2,WP-BM39-02,연삭숫돌 장착 및 시험운전,연삭숫돌 장착 및 시험운전,9,B-M-39-2026,present_in_base_ttl_same_guide
ci_unrelated_action_filter1,B-M-39-2026,휴대용 연삭기 안전작업에 관한 기술지원규정,exclusive,field_control,photo_actionable,3,WP-BM39-03,연삭작업 수행,연삭작업 수행,8.2,B-M-39-2026,present_in_base_ttl_same_guide
ci_unrelated_action_filter1,B-M-39-2026,휴대용 연삭기 안전작업에 관한 기술지원규정,exclusive,field_control,photo_actionable,4,WP-BM39-04,작업 종료 및 정리,작업 종료 및 정리,8.2,B-M-39-2026,present_in_base_ttl_same_guide
ci_unrelated_action_filter1,B-M-4-2025,목재파쇄기 사용 시 안전에 관한 기술지원규정,exclusive,field_control,photo_actionable,1,WP-BM4-04,파쇄기 작동 및 목재 투입,파쇄기 작동 및 목재 투입,7,B-M-4-2025,present_in_base_ttl_same_guide
ci_unrelated_action_filter1,B-M-4-2025,목재파쇄기 사용 시 안전에 관한 기술지원규정,exclusive,field_control,photo_actionable,2,WP-BM4-02,방호조치 확인,방호조치 확인,6.3,B-M-4-2025,present_in_base_ttl_same_guide
ci_unrelated_action_filter1,B-M-4-2025,목재파쇄기 사용 시 안전에 관한 기술지원규정,exclusive,field_control,photo_actionable,3,WP-BM4-03,작업 전 점검,작업 전 점검,6.4,B-M-4-2025,present_in_base_ttl_same_guide
ci_unrelated_action_filter1,B-M-4-2025,목재파쇄기 사용 시 안전에 관한 기술지원규정,exclusive,field_control,photo_actionable,4,WP-BM4-07,파쇄기 이동,파쇄기 이동,11,B-M-4-2025,present_in_base_ttl_same_guide
ci_unrelated_action_filter1,B-M-5-2025,분쇄기의 안전작업에 관한 기술지원규정,exclusive,field_control,photo_actionable,1,WP-BM5-02,원료 투입 작업,원료 투입 작업,6,B-M-5-2025,present_in_base_ttl_same_guide
ci_unrelated_action_filter1,B-M-5-2025,분쇄기의 안전작업에 관한 기술지원규정,exclusive,field_control,photo_actionable,2,WP-BM5-03,분쇄기 운영 중 일일 점검,분쇄기 운영 중 일일 점검,7.1,B-M-5-2025,present_in_base_ttl_same_guide
ci_unrelated_action_filter1,B-M-5-2025,분쇄기의 안전작업에 관한 기술지원규정,exclusive,field_control,photo_actionable,3,WP-BM5-05,유지보수 작업 (절단 챔버 접근),유지보수 작업 (절단 챔버 접근),8,B-M-5-2025,present_in_base_ttl_same_guide
ci_unrelated_action_filter1,B-M-6-2025,식품가공용 기계의 안전작업에 관한 기술지원규정,exclusive,field_control,photo_actionable,1,WP-BM6-01,작업 전 점검,작업 전 점검,8.1,B-M-6-2025,present_in_base_ttl_same_guide
ci_unrelated_action_filter1,B-M-6-2025,식품가공용 기계의 안전작업에 관한 기술지원규정,exclusive,field_control,photo_actionable,2,WP-BM6-03,재료 투입,재료 투입,7.2.3,B-M-6-2025,present_in_base_ttl_same_guide
ci_unrelated_action_filter1,B-M-6-2025,식품가공용 기계의 안전작업에 관한 기술지원규정,exclusive,field_control,photo_actionable,3,WP-BM6-09,정기 검사,정기 검사,8.2,B-M-6-2025,present_in_base_ttl_same_guide
ci_unrelated_action_filter1,B-M-7-2026,양중기 일반 안전에 관한 기술지원규정,domain_specific,field_control,photo_actionable,1,WP-BM7-24,양중기 사용 전 안전점검,양중기 사용 전 안전점검,8.1,B-M-7-2026,present_in_base_ttl_same_guide
ci_unrelated_action_filter1,B-M-7-2026,양중기 일반 안전에 관한 기술지원규정,domain_specific,field_control,photo_actionable,2,WP-BM7-06,양중기 수리·점검·해체,양중기 수리·점검·해체,4.5,B-M-7-2026,present_in_base_ttl_same_guide
ci_unrelated_action_filter1,B-M-7-2026,양중기 일반 안전에 관한 기술지원규정,domain_specific,field_control,photo_actionable,3,WP-BM7-31,이동식 크레인 자율안전점검,이동식 크레인 자율안전점검,부록,B-M-7-2026,present_in_base_ttl_same_guide
ci_unrelated_action_filter1,B-M-7-2026,양중기 일반 안전에 관한 기술지원규정,domain_specific,field_control,photo_actionable,4,WP-BM7-02,양중기 설치 및 방호장치 점검,양중기 설치 및 방호장치 점검,7.1,B-M-7-2026,present_in_base_ttl_same_guide
ci_unrelated_action_filter1,B-M-7-2026,양중기 일반 안전에 관한 기술지원규정,domain_specific,field_control,photo_actionable,5,WP-BM7-29,양중기 개조·수리·폐기,양중기 개조·수리·폐기,9.3,B-M-7-2026,present_in_base_ttl_same_guide
ci_unrelated_action_filter1,B-M-7-2026,양중기 일반 안전에 관한 기술지원규정,domain_specific,field_control,photo_actionable,6,WP-BM7-01,양중기 선정 및 안전인증 확인,양중기 선정 및 안전인증 확인,6,B-M-7-2026,present_in_base_ttl_same_guide
ci_unrelated_action_filter1,B-M-7-2026,양중기 일반 안전에 관한 기술지원규정,domain_specific,field_control,photo_actionable,7,WP-BM7-04,양중작업 수행,양중작업 수행,4.4,B-M-7-2026,present_in_base_ttl_same_guide
ci_unrelated_action_filter1,B-M-7-2026,양중기 일반 안전에 관한 기술지원규정,domain_specific,field_control,photo_actionable,8,WP-BM7-05,폭풍·지진 후 이상 유무 점검,폭풍·지진 후 이상 유무 점검,4.3,B-M-7-2026,present_in_base_ttl_same_guide
ci_unrelated_action_filter1,B-M-8-2025,이동식 크레인 안전보건작업 기술지원규정,domain_specific,field_control,photo_actionable,1,WP-BM8-03,작업 실시,작업 실시,5.3,B-M-8-2025,present_in_base_ttl_same_guide
ci_unrelated_action_filter1,B-M-8-2025,이동식 크레인 안전보건작업 기술지원규정,domain_specific,field_control,photo_actionable,2,WP-BM8-02,장비 반입 및 설치,장비 반입 및 설치,5.2,B-M-8-2025,present_in_base_ttl_same_guide
ci_unrelated_action_filter1,B-M-9-2025,이동식크레인 양중작업의 안정성 검토 기술지원규정,domain_specific,field_control,photo_actionable,1,WP-BM9-43,이동식 크레인 양중작업 수행,이동식 크레인 양중작업 수행,부록 3,B-M-9-2025,present_in_base_ttl_same_guide
ci_unrelated_action_filter1,B-M-9-2025,이동식크레인 양중작업의 안정성 검토 기술지원규정,domain_specific,field_control,photo_actionable,2,WP-BM9-05,붐 길이 및 조합 검토,붐 길이 및 조합 검토,6,B-M-9-2025,present_in_base_ttl_same_guide
ci_unrelated_action_filter1,B-M-9-2025,이동식크레인 양중작업의 안정성 검토 기술지원규정,domain_specific,field_control,photo_actionable,3,WP-BM9-42,이동식 크레인 작업 전 자율안전점검,이동식 크레인 작업 전 자율안전점검,부록 3,B-M-9-2025,present_in_base_ttl_same_guide
ci_unrelated_action_filter1,B-M-9-2025,이동식크레인 양중작업의 안정성 검토 기술지원규정,domain_specific,field_control,photo_actionable,4,WP-BM9-04,작업반경 결정,작업반경 결정,6,B-M-9-2025,present_in_base_ttl_same_guide
ci_unrelated_action_filter1,B-M-9-2025,이동식크레인 양중작업의 안정성 검토 기술지원규정,domain_specific,field_control,photo_actionable,5,WP-BM9-06,인양조건 확인 및 감하 적용,인양조건 확인 및 감하 적용,6,B-M-9-2025,present_in_base_ttl_same_guide
ci_unrelated_action_filter1,B-M-9-2025,이동식크레인 양중작업의 안정성 검토 기술지원규정,domain_specific,field_control,photo_actionable,6,WP-BM9-07,기종 결정 및 진입로·부지 확보,기종 결정 및 진입로·부지 확보,6,B-M-9-2025,present_in_base_ttl_same_guide
ci_unrelated_action_filter1,B-M-9-2025,이동식크레인 양중작업의 안정성 검토 기술지원규정,domain_specific,field_control,photo_actionable,7,WP-BM9-18,지반 지지력 안정성 검토 순서 수립,지반 지지력 안정성 검토 순서 수립,7.1,B-M-9-2025,present_in_base_ttl_same_guide
ci_unrelated_action_filter1,B-M-9-2025,이동식크레인 양중작업의 안정성 검토 기술지원규정,domain_specific,field_control,photo_actionable,8,WP-BM9-20,트럭 크레인 최대접지하중(Pmax) 산정,트럭 크레인 최대접지하중(Pmax) 산정,7.2,B-M-9-2025,present_in_base_ttl_same_guide
ci_unrelated_action_filter1,C-05-2016,건설공사 돌관작업 안전보건작업 지침,domain_specific,field_control,photo_actionable,1,WP-C05-01,돌관작업 계획 수립,돌관작업 계획 수립,4.3,C-05-2016,present_in_base_ttl_same_guide
ci_unrelated_action_filter1,C-05-2016,건설공사 돌관작업 안전보건작업 지침,domain_specific,field_control,photo_actionable,2,WP-C05-02,근로자관리 및 교대근무 편성,근로자관리 및 교대근무 편성,5.1,C-05-2016,present_in_base_ttl_same_guide
ci_unrelated_action_filter1,C-05-2016,건설공사 돌관작업 안전보건작업 지침,domain_specific,field_control,photo_actionable,3,WP-C05-03,장비관리 및 사전점검,장비관리 및 사전점검,5.2,C-05-2016,present_in_base_ttl_same_guide
ci_unrelated_action_filter1,C-05-2016,건설공사 돌관작업 안전보건작업 지침,domain_specific,field_control,photo_actionable,4,WP-C05-04,가설구조물 및 안전시설물 설치,가설구조물 및 안전시설물 설치,5.3,C-05-2016,present_in_base_ttl_same_guide
ci_unrelated_action_filter1,C-05-2016,건설공사 돌관작업 안전보건작업 지침,domain_specific,field_control,photo_actionable,5,WP-C05-06,현장 작업 관리,현장 작업 관리,6.2,C-05-2016,present_in_base_ttl_same_guide
ci_unrelated_action_filter1,C-05-2016,건설공사 돌관작업 안전보건작업 지침,domain_specific,field_control,photo_actionable,6,WP-C05-10,비상시 긴급 안전조치,비상시 긴급 안전조치,7.1,C-05-2016,present_in_base_ttl_same_guide
ci_unrelated_action_filter1,C-06-2015,타일(Tile)공사 안전보건작업 지침,exclusive,field_control,photo_actionable,1,WP-C06-02,붙임재료 배합작업,붙임재료 배합작업,5.2,C-06-2015,present_in_base_ttl_same_guide
ci_unrelated_action_filter1,C-06-2015,타일(Tile)공사 안전보건작업 지침,exclusive,field_control,photo_actionable,2,WP-C06-05,타일줄눈 및 타일붙이기 작업,타일줄눈 및 타일붙이기 작업,5.5,C-06-2015,present_in_base_ttl_same_guide
ci_unrelated_action_filter1,C-06-2015,타일(Tile)공사 안전보건작업 지침,exclusive,field_control,photo_actionable,3,WP-C06-03,바탕처리 작업(바탕면 미장 및 타일나누기),바탕처리 작업(바탕면 미장 및 타일나누기),5.3,C-06-2015,present_in_base_ttl_same_guide
ci_unrelated_action_filter1,C-06-2015,타일(Tile)공사 안전보건작업 지침,exclusive,field_control,photo_actionable,4,WP-C06-06,타일 보양 및 청소 작업,타일 보양 및 청소 작업,5.6,C-06-2015,present_in_base_ttl_same_guide
ci_unrelated_action_filter1,C-06-2015,타일(Tile)공사 안전보건작업 지침,exclusive,field_control,photo_actionable,5,WP-C06-07,타일철거 작업,타일철거 작업,6.2,C-06-2015,present_in_base_ttl_same_guide
ci_unrelated_action_filter1,C-07-2012,시트(Sheet)방수 안전보건작업 지침,exclusive,field_control,photo_actionable,1,WP-C07-01,바탕정리,바탕정리,4.1.2,C-07-2012,present_in_base_ttl_same_guide
ci_unrelated_action_filter1,C-07-2012,시트(Sheet)방수 안전보건작업 지침,exclusive,field_control,photo_actionable,2,WP-C07-03,시트 붙임,시트 붙임,4.1.4,C-07-2012,present_in_base_ttl_same_guide
ci_unrelated_action_filter1,C-103-2014,굴착공사 계측관리 기술지침,exclusive,measurement_analysis,photo_unmatchable,1,WP-C103-04,계측기 설치 및 검정,계측기 설치 및 검정,6.3,C-103-2014,present_in_base_ttl_same_guide
ci_unrelated_action_filter1,C-103-2014,굴착공사 계측관리 기술지침,exclusive,measurement_analysis,photo_unmatchable,2,WP-C103-01,계측관리 계획 수립,계측관리 계획 수립,5.1,C-103-2014,present_in_base_ttl_same_guide
ci_unrelated_action_filter1,C-103-2014,굴착공사 계측관리 기술지침,exclusive,measurement_analysis,photo_unmatchable,3,WP-C103-02,계측기 선정,계측기 선정,6.1,C-103-2014,present_in_base_ttl_same_guide
ci_unrelated_action_filter1,C-103-2014,굴착공사 계측관리 기술지침,exclusive,measurement_analysis,photo_unmatchable,4,WP-C103-03,계측 위치 선정,계측 위치 선정,6.2,C-103-2014,present_in_base_ttl_same_guide
ci_unrelated_action_filter1,C-103-2014,굴착공사 계측관리 기술지침,exclusive,measurement_analysis,photo_unmatchable,5,WP-C103-05,계측자료 수집 및 측정,계측자료 수집 및 측정,7.1,C-103-2014,present_in_base_ttl_same_guide
ci_unrelated_action_filter1,C-103-2014,굴착공사 계측관리 기술지침,exclusive,measurement_analysis,photo_unmatchable,6,WP-C103-07,계측관리 수행 및 조치,계측관리 수행 및 조치,8,C-103-2014,present_in_base_ttl_same_guide
ci_unrelated_action_filter1,C-103-2014,굴착공사 계측관리 기술지침,exclusive,measurement_analysis,photo_unmatchable,7,WP-C103-24,지중경사계 설치,지중경사계 설치,부록 1,C-103-2014,present_in_base_ttl_same_guide
ci_unrelated_action_filter1,C-103-2014,굴착공사 계측관리 기술지침,exclusive,measurement_analysis,photo_unmatchable,8,WP-C103-25,지중경사계 계측,지중경사계 계측,부록 1,C-103-2014,present_in_base_ttl_same_guide
ci_unrelated_action_filter1,C-108-2017,건설현장 용접용단 안전보건작업 기술지침,exclusive,field_control,photo_actionable,1,WP-C108-01,용접·용단 장비 점검 및 가스누출 확인,작업 전 위험성 평가 및 준비,4.1.1,C-108-2017,present_in_base_ttl_same_guide
ci_unrelated_action_filter1,C-108-2017,건설현장 용접용단 안전보건작업 기술지침,exclusive,field_control,photo_actionable,2,WP-C108-02,감전예방 조치 및 전기장비 점검,인화성·가연성 물질 격리 및 화재예방 조치,4.1.2,C-108-2017,present_in_base_ttl_same_guide
ci_unrelated_action_filter1,C-108-2017,건설현장 용접용단 안전보건작업 기술지침,exclusive,field_control,photo_actionable,3,WP-C108-03,용접·용단 작업 수행 및 근로자 보호,용접·용단 장비 점검 및 가스누출 확인,4.2,C-108-2017,present_in_base_ttl_same_guide
ci_unrelated_action_filter1,C-108-2017,건설현장 용접용단 안전보건작업 기술지침,exclusive,field_control,photo_actionable,4,WP-C108-04,작업 전 위험성 평가 및 준비,감전예방 조치 및 전기장비 점검,4.3,C-108-2017,present_in_base_ttl_same_guide
ci_unrelated_action_filter1,C-108-2017,건설현장 용접용단 안전보건작업 기술지침,exclusive,field_control,photo_actionable,5,WP-C108-06,,용접·용단 작업 수행 및 근로자 보호,4.4,C-108-2017,present_in_base_ttl_same_guide
ci_unrelated_action_filter1,C-108-2017,건설현장 용접용단 안전보건작업 기술지침,exclusive,field_control,photo_actionable,6,WP-C108-05,,유해가스·산소결핍 예방 및 환기 조치,4.4.1,C-108-2017,present_in_base_ttl_same_guide
ci_unrelated_action_filter1,C-11-2012,가설계단 설치 및 사용 안전보건작업 지침,exclusive,field_control,photo_actionable,1,WP-C11-02,가설계단 설치,가설계단 설치,5,C-11-2012,present_in_base_ttl_same_guide
ci_unrelated_action_filter1,C-11-2012,가설계단 설치 및 사용 안전보건작업 지침,exclusive,field_control,photo_actionable,2,WP-C11-03,안전난간 설치,안전난간 설치,6,C-11-2012,present_in_base_ttl_same_guide
ci_unrelated_action_filter1,C-113-2020,취약시기 건설현장 안전작업지침,domain_specific,field_control,photo_actionable,1,WP-C113-16,해빙기·장마철 일반 안전점검,해빙기·장마철 일반 안전점검,5.1.1,C-113-2020,present_in_base_ttl_same_guide
ci_unrelated_action_filter1,C-113-2020,취약시기 건설현장 안전작업지침,domain_specific,field_control,photo_actionable,2,WP-C113-18,해빙기 토사면 무너짐 재해예방,해빙기 토사면 무너짐 재해예방,5.2.1,C-113-2020,present_in_base_ttl_same_guide
ci_unrelated_action_filter1,C-113-2020,취약시기 건설현장 안전작업지침,domain_specific,field_control,photo_actionable,3,WP-C113-19,해빙기 흙막이 지보공 무너짐 재해예방,해빙기 흙막이 지보공 무너짐 재해예방,5.2.1,C-113-2020,present_in_base_ttl_same_guide
ci_unrelated_action_filter1,C-113-2020,취약시기 건설현장 안전작업지침,domain_specific,field_control,photo_actionable,4,WP-C113-22,장마철 절·성토 경사지 및 흙막이 지보공 무너짐 재해예방,장마철 절·성토 경사지 및 흙막이 지보공 무너짐 재해예방,5.2.2,C-113-2020,present_in_base_ttl_same_guide
ci_unrelated_action_filter1,C-113-2020,취약시기 건설현장 안전작업지침,domain_specific,field_control,photo_actionable,5,WP-C113-02,용접·용단 작업,용접·용단 작업,4.2.2,C-113-2020,present_in_base_ttl_same_guide
ci_unrelated_action_filter1,C-113-2020,취약시기 건설현장 안전작업지침,domain_specific,field_control,photo_actionable,6,WP-C113-04,밀폐공간 작업,밀폐공간 작업,4.3,C-113-2020,present_in_base_ttl_same_guide
ci_unrelated_action_filter1,C-113-2020,취약시기 건설현장 안전작업지침,domain_specific,field_control,photo_actionable,7,WP-C113-17,동절기 일반 안전점검 및 화재예방,동절기 일반 안전점검 및 화재예방,5.1.2,C-113-2020,present_in_base_ttl_same_guide
ci_unrelated_action_filter1,C-113-2020,취약시기 건설현장 안전작업지침,domain_specific,field_control,photo_actionable,8,WP-C113-20,해빙기 콘크리트 및 가설구조물 무너짐 재해예방,해빙기 콘크리트 및 가설구조물 무너짐 재해예방,5.2.1,C-113-2020,present_in_base_ttl_same_guide
ci_unrelated_action_filter1,C-114-2020,덤프트럭 및 화물자동차 안전작업 지침,domain_specific,management_program,photo_conditional_followup,1,WP-C114-02,작업 전 차량 점검,작업 전 차량 점검,6.2.1,C-114-2020,present_in_base_ttl_same_guide
ci_unrelated_action_filter1,C-114-2020,덤프트럭 및 화물자동차 안전작업 지침,domain_specific,management_program,photo_conditional_followup,2,WP-C114-05,운행,운행,6.2.2,C-114-2020,present_in_base_ttl_same_guide
ci_unrelated_action_filter1,C-114-2020,덤프트럭 및 화물자동차 안전작업 지침,domain_specific,management_program,photo_conditional_followup,3,WP-C114-01,작업계획 수립 및 검토,작업계획 수립 및 검토,6.1,C-114-2020,present_in_base_ttl_same_guide
ci_unrelated_action_filter1,C-114-2020,덤프트럭 및 화물자동차 안전작업 지침,domain_specific,management_program,photo_conditional_followup,4,WP-C114-03,작업장 안전 확보,작업장 안전 확보,6.2.1,C-114-2020,present_in_base_ttl_same_guide
ci_unrelated_action_filter1,C-114-2020,덤프트럭 및 화물자동차 안전작업 지침,domain_specific,management_program,photo_conditional_followup,5,WP-C114-06,화물 하역(싣거나 내리는) 작업,화물 하역(싣거나 내리는) 작업,6.2.2,C-114-2020,present_in_base_ttl_same_guide
ci_unrelated_action_filter1,C-14-2012,밀폐공간의 방수공사 안전보건작업 지침,exclusive,measurement_analysis,photo_actionable,1,WP-C14-01,사전조사,사전조사,4.1,C-14-2012,present_in_base_ttl_same_guide
ci_unrelated_action_filter1,C-14-2012,밀폐공간의 방수공사 안전보건작업 지침,exclusive,measurement_analysis,photo_actionable,2,WP-C14-02,작업안전계획 수립,작업안전계획 수립,4.1,C-14-2012,present_in_base_ttl_same_guide
ci_unrelated_action_filter1,C-14-2012,밀폐공간의 방수공사 안전보건작업 지침,exclusive,measurement_analysis,photo_actionable,3,WP-C14-03,안전보건작업허가서 작성,안전보건작업허가서 작성,4.1,C-14-2012,present_in_base_ttl_same_guide
ci_unrelated_action_filter1,C-14-2012,밀폐공간의 방수공사 안전보건작업 지침,exclusive,measurement_analysis,photo_actionable,4,WP-C14-04,작업 중 안전절차 수행,작업 중 안전절차 수행,4.2,C-14-2012,present_in_base_ttl_same_guide
ci_unrelated_action_filter1,C-14-2012,밀폐공간의 방수공사 안전보건작업 지침,exclusive,measurement_analysis,photo_actionable,5,WP-C14-06,구조 및 응급처치,구조 및 응급처치,5,C-14-2012,present_in_base_ttl_same_guide
ci_unrelated_action_filter1,C-16-2016,미장공사 안전보건작업 지침,domain_specific,field_control,photo_actionable,1,WP-C16-01,자재 운반,자재 운반,4.1,C-16-2016,present_in_base_ttl_same_guide
ci_unrelated_action_filter1,C-16-2016,미장공사 안전보건작업 지침,domain_specific,field_control,photo_actionable,2,WP-C16-05,벽 미장 바름,벽 미장 바름,5.3,C-16-2016,present_in_base_ttl_same_guide
ci_unrelated_action_filter1,C-16-2016,미장공사 안전보건작업 지침,domain_specific,field_control,photo_actionable,3,WP-C16-06,바닥 미장 타설 전 준비,바닥 미장 타설 전 준비,6.1,C-16-2016,present_in_base_ttl_same_guide
ci_unrelated_action_filter1,C-16-2016,미장공사 안전보건작업 지침,domain_specific,field_control,photo_actionable,4,WP-C16-07,바닥 미장공사,바닥 미장공사,6.2,C-16-2016,present_in_base_ttl_same_guide
ci_unrelated_action_filter1,C-17-2011,경량철골 천장공사 안전보건작업 지침,domain_specific,field_control,photo_actionable,1,WP-C17-05,경량철골천장틀 해체작업,경량철골천장틀 해체작업,6.5,C-17-2011,present_in_base_ttl_same_guide
ci_unrelated_action_filter1,C-17-2011,경량철골 천장공사 안전보건작업 지침,domain_specific,field_control,photo_actionable,2,WP-C17-03,경량철골천장틀 설치작업,경량철골천장틀 설치작업,6.3,C-17-2011,present_in_base_ttl_same_guide
ci_unrelated_action_filter1,C-17-2011,경량철골 천장공사 안전보건작업 지침,domain_specific,field_control,photo_actionable,3,WP-C17-04,천장재 부착작업,천장재 부착작업,6.4,C-17-2011,present_in_base_ttl_same_guide
ci_unrelated_action_filter1,C-18-2015,건설공사 안전보건 설계지침,exclusive,document_reference,photo_unmatchable,1,WP-C18-03,설계단계 검토,설계단계 검토,4.2,C-18-2015,present_in_base_ttl_same_guide
ci_unrelated_action_filter1,C-2-2020,수상 바지(Barge)선 이용 건설공사 안전작업 지침,exclusive,field_control,photo_actionable,1,WP-C2-01,바지선 작업 전 점검,바지선 작업 전 점검,4.2,C-2-2020,present_in_base_ttl_same_guide
ci_unrelated_action_filter1,C-2-2020,수상 바지(Barge)선 이용 건설공사 안전작업 지침,exclusive,field_control,photo_actionable,2,WP-C2-04,갑판 작업,갑판 작업,5.2,C-2-2020,present_in_base_ttl_same_guide
ci_unrelated_action_filter1,C-2-2020,수상 바지(Barge)선 이용 건설공사 안전작업 지침,exclusive,field_control,photo_actionable,3,WP-C2-05,수상 안전조치,수상 안전조치,5.3,C-2-2020,present_in_base_ttl_same_guide
ci_unrelated_action_filter1,C-21-2011,현수교 교량공사 안전보건 작업지침,exclusive,field_control,photo_actionable,1,WP-C21-07,주케이블 가설 (Air Spinning),주케이블 가설 (Air Spinning),8,C-21-2011,present_in_base_ttl_same_guide
ci_unrelated_action_filter1,C-22-2011,사장교 교량공사 안전보건 작업지침,exclusive,field_control,photo_actionable,1,WP-C22-11,주탑 내외부 및 거더하부 작업대 설치·이동,주탑 내외부 및 거더하부 작업대 설치·이동,7.1,C-22-2011,present_in_base_ttl_same_guide
ci_unrelated_action_filter1,C-22-2011,사장교 교량공사 안전보건 작업지침,exclusive,field_control,photo_actionable,2,WP-C22-13,케이블 전개·인양·긴장,케이블 전개·인양·긴장,7.3,C-22-2011,present_in_base_ttl_same_guide
ci_unrelated_action_filter1,C-22-2011,사장교 교량공사 안전보건 작업지침,exclusive,field_control,photo_actionable,3,WP-C22-03,철근작업·콘크리트 타설 및 양생,철근작업·콘크리트 타설 및 양생,5.3,C-22-2011,present_in_base_ttl_same_guide
ci_unrelated_action_filter1,C-22-2011,사장교 교량공사 안전보건 작업지침,exclusive,field_control,photo_actionable,4,WP-C22-04,이동식 거푸집 인양 및 상승,이동식 거푸집 인양 및 상승,5.4,C-22-2011,present_in_base_ttl_same_guide
ci_unrelated_action_filter1,C-22-2011,사장교 교량공사 안전보건 작업지침,exclusive,field_control,photo_actionable,5,WP-C22-05,주탑 정착부 가이드 파이프 설치,주탑 정착부 가이드 파이프 설치,5.5,C-22-2011,present_in_base_ttl_same_guide
ci_unrelated_action_filter1,C-22-2011,사장교 교량공사 안전보건 작업지침,exclusive,field_control,photo_actionable,6,WP-C22-14,타워크레인 작업,타워크레인 작업,7.4,C-22-2011,present_in_base_ttl_same_guide
ci_unrelated_action_filter1,C-25-2018,재사용 가설기자재 성능기준에 관한 지침,domain_specific,field_control,photo_actionable,1,WP-C25-03,성능시험 실시 및 시험체 선정,성능시험 실시 및 시험체 선정,6,C-25-2018,present_in_base_ttl_same_guide
ci_unrelated_action_filter1,C-25-2018,재사용 가설기자재 성능기준에 관한 지침,domain_specific,field_control,photo_actionable,2,WP-C25-08,성능시험,성능시험,부록1,C-25-2018,present_in_base_ttl_same_guide
ci_unrelated_action_filter1,C-25-2018,재사용 가설기자재 성능기준에 관한 지침,domain_specific,field_control,photo_actionable,3,WP-C25-06,일상점검 (육안검사),일상점검 (육안검사),부록1,C-25-2018,present_in_base_ttl_same_guide
ci_unrelated_action_filter1,C-25-2018,재사용 가설기자재 성능기준에 관한 지침,domain_specific,field_control,photo_actionable,4,WP-C25-07,정기점검 (계측검사),정기점검 (계측검사),부록1,C-25-2018,present_in_base_ttl_same_guide
ci_unrelated_action_filter1,C-25-2018,재사용 가설기자재 성능기준에 관한 지침,domain_specific,field_control,photo_actionable,5,WP-C25-10,안전인증 표시 확인,안전인증 표시 확인,부록1,C-25-2018,present_in_base_ttl_same_guide
ci_unrelated_action_filter1,C-26-2017,낙하물 방지망 설치 지침,exclusive,field_control,photo_actionable,1,WP-C26-01,설치 전 자재 확인,설치 전 자재 확인,6,C-26-2017,present_in_base_ttl_same_guide
ci_unrelated_action_filter1,C-26-2017,낙하물 방지망 설치 지침,exclusive,field_control,photo_actionable,2,WP-C26-02,낙하물 방지망 설치,낙하물 방지망 설치,5,C-26-2017,present_in_base_ttl_same_guide
ci_unrelated_action_filter1,C-26-2017,낙하물 방지망 설치 지침,exclusive,field_control,photo_actionable,3,WP-C26-03,정기점검 및 유지관리,정기점검 및 유지관리,6,C-26-2017,present_in_base_ttl_same_guide
ci_unrelated_action_filter1,C-27-2011,낙하물 방호선반 설치 지침,exclusive,field_control,photo_actionable,1,WP-C27-04,사용 중 점검 및 유지관리,사용 중 점검 및 유지관리,8,C-27-2011,present_in_base_ttl_same_guide
ci_unrelated_action_filter1,C-27-2011,낙하물 방호선반 설치 지침,exclusive,field_control,photo_actionable,2,WP-C27-01,재료 준비 및 검수,재료 준비 및 검수,4,C-27-2011,present_in_base_ttl_same_guide
ci_unrelated_action_filter1,C-27-2011,낙하물 방호선반 설치 지침,exclusive,field_control,photo_actionable,3,WP-C27-02,방호선반 조립,방호선반 조립,5,C-27-2011,present_in_base_ttl_same_guide
ci_unrelated_action_filter1,C-27-2011,낙하물 방호선반 설치 지침,exclusive,field_control,photo_actionable,4,WP-C27-03,방호선반 설치,방호선반 설치,7,C-27-2011,present_in_base_ttl_same_guide
ci_unrelated_action_filter1,C-29-2017,수직보호망 설치 지침,exclusive,field_control,photo_actionable,1,WP-C29-02,수직보호망 설치,수직보호망 설치,4,C-29-2017,present_in_base_ttl_same_guide
ci_unrelated_action_filter1,C-29-2017,수직보호망 설치 지침,exclusive,field_control,photo_actionable,2,WP-C29-03,수직보호망 점검 및 유지관리,수직보호망 점검 및 유지관리,5,C-29-2017,present_in_base_ttl_same_guide
ci_unrelated_action_filter1,C-29-2017,수직보호망 설치 지침,exclusive,field_control,photo_actionable,3,WP-C29-01,수직보호망 설치 전 확인 및 준비,수직보호망 설치 전 확인 및 준비,6,C-29-2017,present_in_base_ttl_same_guide
ci_unrelated_action_filter1,C-29-2017,수직보호망 설치 지침,exclusive,field_control,photo_actionable,4,WP-C29-04,수직보호망 보관,수직보호망 보관,5.3,C-29-2017,present_in_base_ttl_same_guide
ci_unrelated_action_filter1,C-36-2011,교량 슬래브거푸집 해체용 작업대차 안전작업 지침,exclusive,field_control,photo_actionable,1,WP-C36-02,상부트러스 조립,상부트러스 조립,5.1,C-36-2011,present_in_base_ttl_same_guide
ci_unrelated_action_filter1,C-36-2011,교량 슬래브거푸집 해체용 작업대차 안전작업 지침,exclusive,field_control,photo_actionable,2,WP-C36-04,기계부 설치,기계부 설치,5.3,C-36-2011,present_in_base_ttl_same_guide
ci_unrelated_action_filter1,C-41-2011,프리스트레스트 콘크리트(PSC) 교량공사 안전작업 지침,exclusive,field_control,photo_actionable,1,WP-C41-05,PSC거더 긴장,PSC거더 긴장,10,C-41-2011,present_in_base_ttl_same_guide
ci_unrelated_action_filter1,C-41-2011,프리스트레스트 콘크리트(PSC) 교량공사 안전작업 지침,exclusive,field_control,photo_actionable,2,WP-C41-02,제작대 설치,제작대 설치,5,C-41-2011,present_in_base_ttl_same_guide
ci_unrelated_action_filter1,C-41-2011,프리스트레스트 콘크리트(PSC) 교량공사 안전작업 지침,exclusive,field_control,photo_actionable,3,WP-C41-03,쉬스관 및 강재 배치,쉬스관 및 강재 배치,7,C-41-2011,present_in_base_ttl_same_guide
ci_unrelated_action_filter1,C-41-2011,프리스트레스트 콘크리트(PSC) 교량공사 안전작업 지침,exclusive,field_control,photo_actionable,4,WP-C41-06,PSC거더 운반 및 보관,PSC거더 운반 및 보관,11,C-41-2011,present_in_base_ttl_same_guide
ci_unrelated_action_filter1,C-41-2011,프리스트레스트 콘크리트(PSC) 교량공사 안전작업 지침,exclusive,field_control,photo_actionable,5,WP-C41-07,PSC거더 거치 준비,PSC거더 거치 준비,12.2,C-41-2011,present_in_base_ttl_same_guide
ci_unrelated_action_filter1,C-41-2011,프리스트레스트 콘크리트(PSC) 교량공사 안전작업 지침,exclusive,field_control,photo_actionable,6,WP-C41-08,PSC거더 거치,PSC거더 거치,12.3,C-41-2011,present_in_base_ttl_same_guide
ci_unrelated_action_filter1,C-41-2011,프리스트레스트 콘크리트(PSC) 교량공사 안전작업 지침,exclusive,field_control,photo_actionable,7,WP-C41-09,PSC거더 거치 후 고정 및 안전시설 설치,PSC거더 거치 후 고정 및 안전시설 설치,12.4,C-41-2011,present_in_base_ttl_same_guide
ci_unrelated_action_filter1,C-45-2012,터널공사(NATM공법) 안전보건작업 지침,exclusive,field_control,photo_actionable,1,WP-C45-03,천공작업,천공작업,5,C-45-2012,present_in_base_ttl_same_guide
ci_unrelated_action_filter1,C-45-2012,터널공사(NATM공법) 안전보건작업 지침,exclusive,field_control,photo_actionable,2,WP-C45-04,장약작업,장약작업,5,C-45-2012,present_in_base_ttl_same_guide
ci_unrelated_action_filter1,C-45-2012,터널공사(NATM공법) 안전보건작업 지침,exclusive,field_control,photo_actionable,3,WP-C45-05,발파작업,발파작업,5,C-45-2012,present_in_base_ttl_same_guide
ci_unrelated_action_filter1,C-45-2012,터널공사(NATM공법) 안전보건작업 지침,exclusive,field_control,photo_actionable,4,WP-C45-38,환기,환기,12.2,C-45-2012,present_in_base_ttl_same_guide
ci_unrelated_action_filter1,C-45-2012,터널공사(NATM공법) 안전보건작업 지침,exclusive,field_control,photo_actionable,5,WP-C45-06,전기발파,전기발파,5,C-45-2012,present_in_base_ttl_same_guide
ci_unrelated_action_filter1,C-45-2012,터널공사(NATM공법) 안전보건작업 지침,exclusive,field_control,photo_actionable,6,WP-C45-07,도화선 발파,도화선 발파,5,C-45-2012,present_in_base_ttl_same_guide
ci_unrelated_action_filter1,C-45-2012,터널공사(NATM공법) 안전보건작업 지침,exclusive,field_control,photo_actionable,7,WP-C45-08,버력처리,버력처리,5,C-45-2012,present_in_base_ttl_same_guide
ci_unrelated_action_filter1,C-45-2012,터널공사(NATM공법) 안전보건작업 지침,exclusive,field_control,photo_actionable,8,WP-C45-09,기계굴착,기계굴착,5,C-45-2012,present_in_base_ttl_same_guide
ci_unrelated_action_filter1,C-47-2023,해체공사 안전보건작업 기술지침,exclusive,field_control,photo_actionable,1,WP-C47-04,압쇄기에 의한 해체작업,압쇄기에 의한 해체작업,5.2.1,C-47-2023,present_in_base_ttl_same_guide
ci_unrelated_action_filter1,C-47-2023,해체공사 안전보건작업 기술지침,exclusive,field_control,photo_actionable,2,WP-C47-05,대형 브레이커에 의한 해체작업,대형 브레이커에 의한 해체작업,5.2.2,C-47-2023,present_in_base_ttl_same_guide
ci_unrelated_action_filter1,C-47-2023,해체공사 안전보건작업 기술지침,exclusive,field_control,photo_actionable,3,WP-C47-06,철제해머에 의한 해체작업,철제해머에 의한 해체작업,5.2.3,C-47-2023,present_in_base_ttl_same_guide
ci_unrelated_action_filter1,C-47-2023,해체공사 안전보건작업 기술지침,exclusive,field_control,photo_actionable,4,WP-C47-07,핸드 브레이커에 의한 해체작업,핸드 브레이커에 의한 해체작업,5.2.4,C-47-2023,present_in_base_ttl_same_guide
ci_unrelated_action_filter1,C-47-2023,해체공사 안전보건작업 기술지침,exclusive,field_control,photo_actionable,5,WP-C47-09,절단톱에 의한 해체작업,절단톱에 의한 해체작업,5.2.6,C-47-2023,present_in_base_ttl_same_guide
ci_unrelated_action_filter1,C-47-2023,해체공사 안전보건작업 기술지침,exclusive,field_control,photo_actionable,6,WP-C47-11,쐐기 타입기에 의한 해체작업,쐐기 타입기에 의한 해체작업,5.2.8,C-47-2023,present_in_base_ttl_same_guide
ci_unrelated_action_filter1,C-47-2023,해체공사 안전보건작업 기술지침,exclusive,field_control,photo_actionable,7,WP-C47-13,절단줄톱에 의한 해체작업,절단줄톱에 의한 해체작업,5.2.10,C-47-2023,present_in_base_ttl_same_guide
ci_unrelated_action_filter1,C-47-2023,해체공사 안전보건작업 기술지침,exclusive,field_control,photo_actionable,8,WP-C47-14,병용공법 및 전도공법 해체작업,병용공법 및 전도공법 해체작업,5.2.12,C-47-2023,present_in_base_ttl_same_guide
ci_unrelated_action_filter1,C-48-2022,건설기계 안전보건작업지침,exclusive,field_control,photo_actionable,1,WP-C48-20,항타기등 설치,항타기등 설치,5.2,C-48-2022,present_in_base_ttl_same_guide
ci_unrelated_action_filter1,C-48-2022,건설기계 안전보건작업지침,exclusive,field_control,photo_actionable,2,WP-C48-21,항타기등 해체,항타기등 해체,5.2,C-48-2022,present_in_base_ttl_same_guide
ci_unrelated_action_filter1,C-48-2022,건설기계 안전보건작업지침,exclusive,field_control,photo_actionable,3,WP-C48-28,항타작업 종료,항타작업 종료,5.4,C-48-2022,present_in_base_ttl_same_guide
ci_unrelated_action_filter1,C-48-2022,건설기계 안전보건작업지침,exclusive,field_control,photo_actionable,4,WP-C48-02,안전장치 확인,안전장치 확인,4.1.3,C-48-2022,present_in_base_ttl_same_guide
ci_unrelated_action_filter1,C-48-2022,건설기계 안전보건작업지침,exclusive,field_control,photo_actionable,5,WP-C48-05,수송(적재 및 운반),수송(적재 및 운반),4.4,C-48-2022,present_in_base_ttl_same_guide
ci_unrelated_action_filter1,C-48-2022,건설기계 안전보건작업지침,exclusive,field_control,photo_actionable,6,WP-C48-17,기초공사용 건설기계 작업 전 준비,기초공사용 건설기계 작업 전 준비,5.1.1,C-48-2022,present_in_base_ttl_same_guide
ci_unrelated_action_filter1,C-48-2022,건설기계 안전보건작업지침,exclusive,field_control,photo_actionable,7,WP-C48-19,엔진 시동 및 운행 전 점검,엔진 시동 및 운행 전 점검,5.1.2,C-48-2022,present_in_base_ttl_same_guide
ci_unrelated_action_filter1,C-48-2022,건설기계 안전보건작업지침,exclusive,field_control,photo_actionable,8,WP-C48-22,천공기 설치·해체,천공기 설치·해체,5.2,C-48-2022,present_in_base_ttl_same_guide
ci_unrelated_action_filter1,C-49-2012,안전대 사용지침,exclusive,field_control,photo_actionable,1,WP-C49-01,안전대 선정,안전대 선정,6,C-49-2012,present_in_base_ttl_same_guide
ci_unrelated_action_filter1,C-49-2012,안전대 사용지침,exclusive,field_control,photo_actionable,2,WP-C49-02,안전대 착용,안전대 착용,7,C-49-2012,present_in_base_ttl_same_guide
ci_unrelated_action_filter1,C-49-2012,안전대 사용지침,exclusive,field_control,photo_actionable,3,WP-C49-03,1개 걸이 사용,1개 걸이 사용,7,C-49-2012,present_in_base_ttl_same_guide
ci_unrelated_action_filter1,C-49-2012,안전대 사용지침,exclusive,field_control,photo_actionable,4,WP-C49-04,U자걸이 사용,U자걸이 사용,7,C-49-2012,present_in_base_ttl_same_guide
ci_unrelated_action_filter1,C-49-2012,안전대 사용지침,exclusive,field_control,photo_actionable,5,WP-C49-05,클립부착 안전대 사용,클립부착 안전대 사용,7,C-49-2012,present_in_base_ttl_same_guide
ci_unrelated_action_filter1,C-49-2012,안전대 사용지침,exclusive,field_control,photo_actionable,6,WP-C49-07,수평 지지로우프 사용,수평 지지로우프 사용,7,C-49-2012,present_in_base_ttl_same_guide
ci_unrelated_action_filter1,C-49-2012,안전대 사용지침,exclusive,field_control,photo_actionable,7,WP-C49-08,안전대 점검,안전대 점검,8,C-49-2012,present_in_base_ttl_same_guide
ci_unrelated_action_filter1,C-50-2012,아스팔트콘크리트 포장공사 안전보건작업 지침,domain_specific,field_control,photo_actionable,1,WP-C50-01,아스팔트 혼합재 포설작업,아스팔트 혼합재 포설작업,5.2.(1),C-50-2012,present_in_base_ttl_same_guide
ci_unrelated_action_filter1,C-50-2012,아스팔트콘크리트 포장공사 안전보건작업 지침,domain_specific,field_control,photo_actionable,2,WP-C50-02,로울러 전압작업,로울러 전압작업,5.2.(2),C-50-2012,present_in_base_ttl_same_guide
ci_unrelated_action_filter1,C-52-2016,야간 건설공사 안전보건작업 지침,domain_specific,field_control,photo_actionable,1,WP-C52-01,야간작업 전 준비,야간작업 전 준비,4,C-52-2016,present_in_base_ttl_same_guide
ci_unrelated_action_filter1,C-52-2016,야간 건설공사 안전보건작업 지침,domain_specific,field_control,photo_actionable,2,WP-C52-03,비상시 긴급 안전조치,비상시 긴급 안전조치,9.6,C-52-2016,present_in_base_ttl_same_guide
ci_unrelated_action_filter1,C-52-2016,야간 건설공사 안전보건작업 지침,domain_specific,field_control,photo_actionable,3,WP-C52-04,야간작업 종료 및 교대,야간작업 종료 및 교대,9.4,C-52-2016,present_in_base_ttl_same_guide
ci_unrelated_action_filter1,C-53-2012,프리캐스트 콘크리트 건축구조물 조립 안전보건작업 지침,exclusive,field_control,photo_actionable,1,WP-C53-03,부재 반입,부재 반입,5.1,C-53-2012,present_in_base_ttl_same_guide
ci_unrelated_action_filter1,C-53-2012,프리캐스트 콘크리트 건축구조물 조립 안전보건작업 지침,exclusive,field_control,photo_actionable,2,WP-C53-06,조립작업 전 현장 준비,조립작업 전 현장 준비,6.1,C-53-2012,present_in_base_ttl_same_guide
ci_unrelated_action_filter1,C-53-2012,프리캐스트 콘크리트 건축구조물 조립 안전보건작업 지침,exclusive,field_control,photo_actionable,3,WP-C53-08,PC부재 조립(기둥·보·바닥판),PC부재 조립(기둥·보·바닥판),6.3,C-53-2012,present_in_base_ttl_same_guide
ci_unrelated_action_filter1,C-53-2012,프리캐스트 콘크리트 건축구조물 조립 안전보건작업 지침,exclusive,field_control,photo_actionable,4,WP-C53-09,용접작업,용접작업,6.4,C-53-2012,present_in_base_ttl_same_guide
ci_unrelated_action_filter1,C-54-2012,가공송전선로 철탑 심형기초공사 안전보건작업 지침,exclusive,field_control,photo_actionable,1,WP-C54-09,용수 처리,용수 처리,7.2,C-54-2012,present_in_base_ttl_same_guide
ci_unrelated_action_filter1,C-54-2012,가공송전선로 철탑 심형기초공사 안전보건작업 지침,exclusive,field_control,photo_actionable,2,WP-C54-02,굴착준비,굴착준비,5.2,C-54-2012,present_in_base_ttl_same_guide
ci_unrelated_action_filter1,C-54-2012,가공송전선로 철탑 심형기초공사 안전보건작업 지침,exclusive,field_control,photo_actionable,3,WP-C54-04,상단 라이너플레이트 설치,상단 라이너플레이트 설치,5.3.2,C-54-2012,present_in_base_ttl_same_guide
ci_unrelated_action_filter1,C-54-2012,가공송전선로 철탑 심형기초공사 안전보건작업 지침,exclusive,field_control,photo_actionable,4,WP-C54-05,내부 굴착 및 라이너플레이트 설치,내부 굴착 및 라이너플레이트 설치,5.3.3,C-54-2012,present_in_base_ttl_same_guide
ci_unrelated_action_filter1,C-54-2012,가공송전선로 철탑 심형기초공사 안전보건작업 지침,exclusive,field_control,photo_actionable,5,WP-C54-08,굴착공 내부 출입 및 작업,굴착공 내부 출입 및 작업,7.1,C-54-2012,present_in_base_ttl_same_guide
ci_unrelated_action_filter1,C-54-2012,가공송전선로 철탑 심형기초공사 안전보건작업 지침,exclusive,field_control,photo_actionable,6,WP-C54-10,배기가스 처리 및 환기,배기가스 처리 및 환기,7.3,C-54-2012,present_in_base_ttl_same_guide
ci_unrelated_action_filter1,C-55-2015,금속 커튼월 안전작업지침,domain_specific,field_control,photo_actionable,1,WP-C55-04,실란트 작업,실란트 작업,5.4,C-55-2015,present_in_base_ttl_same_guide
ci_unrelated_action_filter1,C-56-2017,리모델링 안전보건작업 기술지침,domain_specific,field_control,photo_actionable,1,WP-C56-02,해체작업,해체작업,5.1,C-56-2017,present_in_base_ttl_same_guide
ci_unrelated_action_filter1,C-56-2017,리모델링 안전보건작업 기술지침,domain_specific,field_control,photo_actionable,2,WP-C56-03,석면해체작업,석면해체작업,5.1.다,C-56-2017,present_in_base_ttl_same_guide
ci_unrelated_action_filter1,C-56-2017,리모델링 안전보건작업 기술지침,domain_specific,field_control,photo_actionable,3,WP-C56-04,보수·보강작업,보수·보강작업,5.2,C-56-2017,present_in_base_ttl_same_guide
ci_unrelated_action_filter1,C-56-2017,리모델링 안전보건작업 기술지침,domain_specific,field_control,photo_actionable,4,WP-C56-05,인테리어 및 외장작업,인테리어 및 외장작업,5.3,C-56-2017,present_in_base_ttl_same_guide
ci_unrelated_action_filter1,C-57-2017,건축물의 석공사(내외장) 안전보건작업 기술지침,domain_specific,field_control,photo_actionable,1,WP-C57-04,판 석재 벽 붙이기 - 건식공법,판 석재 벽 붙이기 - 건식공법,5.3.2,C-57-2017,present_in_base_ttl_same_guide
ci_unrelated_action_filter1,C-57-2017,건축물의 석공사(내외장) 안전보건작업 기술지침,domain_specific,field_control,photo_actionable,2,WP-C57-03,판 석재 벽 붙이기 - 습식공법,판 석재 벽 붙이기 - 습식공법,5.3.1,C-57-2017,present_in_base_ttl_same_guide
ci_unrelated_action_filter1,C-57-2017,건축물의 석공사(내외장) 안전보건작업 기술지침,domain_specific,field_control,photo_actionable,3,WP-C57-02,판 석재 바닥 깔기,판 석재 바닥 깔기,5.2,C-57-2017,present_in_base_ttl_same_guide
ci_unrelated_action_filter1,C-57-2017,건축물의 석공사(내외장) 안전보건작업 기술지침,domain_specific,field_control,photo_actionable,4,WP-C57-05,실란트 작업,실란트 작업,5.4,C-57-2017,present_in_base_ttl_same_guide
ci_unrelated_action_filter1,C-59-2022,지붕공사 안전보건작업 기술지침,exclusive,field_control,photo_actionable,1,WP-C59-05,지붕 작업 실시,지붕 작업 실시,5.4,C-59-2022,present_in_base_ttl_same_guide
ci_unrelated_action_filter1,C-59-2022,지붕공사 안전보건작업 기술지침,exclusive,field_control,photo_actionable,2,WP-C59-06,낙하물 방지 및 작업구역 관리,낙하물 방지 및 작업구역 관리,5.3,C-59-2022,present_in_base_ttl_same_guide
ci_unrelated_action_filter1,C-60-2015,탑다운(Top_down)공법 안전작업 지침,exclusive,field_control,photo_actionable,1,WP-C60-02,지하연속벽 작업,지하연속벽 작업,5.2,C-60-2015,present_in_base_ttl_same_guide
ci_unrelated_action_filter1,C-60-2015,탑다운(Top_down)공법 안전작업 지침,exclusive,field_control,photo_actionable,2,WP-C60-01,가설작업,가설작업,4,C-60-2015,present_in_base_ttl_same_guide
ci_unrelated_action_filter1,C-60-2015,탑다운(Top_down)공법 안전작업 지침,exclusive,field_control,photo_actionable,3,WP-C60-03,R.C.D 작업,R.C.D 작업,5.3,C-60-2015,present_in_base_ttl_same_guide
ci_unrelated_action_filter1,C-60-2015,탑다운(Top_down)공법 안전작업 지침,exclusive,field_control,photo_actionable,4,WP-C60-04,굴착작업,굴착작업,5.4,C-60-2015,present_in_base_ttl_same_guide
ci_unrelated_action_filter1,C-60-2015,탑다운(Top_down)공법 안전작업 지침,exclusive,field_control,photo_actionable,5,WP-C60-07,철골작업,철골작업,6.3,C-60-2015,present_in_base_ttl_same_guide
ci_unrelated_action_filter1,C-61-2012,터널공사(Shield-T,exclusive,field_control,photo_actionable,1,WP-C61-05,버력처리,버력처리,5.3,C-61-2012,present_in_base_ttl_same_guide
ci_unrelated_action_filter1,C-61-2012,터널공사(Shield-T,exclusive,field_control,photo_actionable,2,WP-C61-06,세그먼트 블록 운반 및 조립,세그먼트 블록 운반 및 조립,5.3,C-61-2012,present_in_base_ttl_same_guide
ci_unrelated_action_filter1,C-61-2012,터널공사(Shield-T,exclusive,field_control,photo_actionable,3,WP-C61-02,수직구 굴착,수직구 굴착,5.2,C-61-2012,present_in_base_ttl_same_guide
ci_unrelated_action_filter1,C-61-2012,터널공사(Shield-T,exclusive,field_control,photo_actionable,4,WP-C61-03,발진 준비 및 장비조립,발진 준비 및 장비조립,5.3,C-61-2012,present_in_base_ttl_same_guide
ci_unrelated_action_filter1,C-62-2012,곤돌라(Gondola) 안전보건작업 지침,exclusive,field_control,photo_actionable,1,WP-C62-03,구명줄 설치 및 안전대 체결,구명줄 설치 및 안전대 체결,7.1,C-62-2012,present_in_base_ttl_same_guide
ci_unrelated_action_filter1,C-62-2012,곤돌라(Gondola) 안전보건작업 지침,exclusive,field_control,photo_actionable,2,WP-C62-01,곤돌라 설치,곤돌라 설치,7.1,C-62-2012,present_in_base_ttl_same_guide
ci_unrelated_action_filter1,C-62-2012,곤돌라(Gondola) 안전보건작업 지침,exclusive,field_control,photo_actionable,3,WP-C62-02,작업시작 전 안전점검,작업시작 전 안전점검,6,C-62-2012,present_in_base_ttl_same_guide
ci_unrelated_action_filter1,C-62-2012,곤돌라(Gondola) 안전보건작업 지침,exclusive,field_control,photo_actionable,4,WP-C62-04,곤돌라 운행 및 작업,곤돌라 운행 및 작업,7.2,C-62-2012,present_in_base_ttl_same_guide
ci_unrelated_action_filter1,C-62-2012,곤돌라(Gondola) 안전보건작업 지침,exclusive,field_control,photo_actionable,5,WP-C62-05,작업종료 및 정리,작업종료 및 정리,7.2,C-62-2012,present_in_base_ttl_same_guide
ci_unrelated_action_filter1,C-64-2018,조적공사 안전보건작업 기술지침,domain_specific,field_control,photo_actionable,1,WP-C64-05,벽돌 쌓기,벽돌 쌓기,4.4.2,C-64-2018,present_in_base_ttl_same_guide
ci_unrelated_action_filter1,C-64-2018,조적공사 안전보건작업 기술지침,domain_specific,field_control,photo_actionable,2,WP-C64-06,블록 쌓기,블록 쌓기,4.4.3,C-64-2018,present_in_base_ttl_same_guide
ci_unrelated_action_filter1,C-64-2018,조적공사 안전보건작업 기술지침,domain_specific,field_control,photo_actionable,3,WP-C64-07,보양 및 마감,보양 및 마감,4.5,C-64-2018,present_in_base_ttl_same_guide
ci_unrelated_action_filter1,C-66-2016,내장공사의 안전보건작업 지침,domain_specific,field_control,photo_actionable,1,WP-C66-08,경량벽체 설치,경량벽체 설치,7.(다),C-66-2016,present_in_base_ttl_same_guide
ci_unrelated_action_filter1,C-66-2016,내장공사의 안전보건작업 지침,domain_specific,field_control,photo_actionable,2,WP-C66-02,작업발판 설치 (천장공사),작업발판 설치 (천장공사),6.(나),C-66-2016,present_in_base_ttl_same_guide
ci_unrelated_action_filter1,C-66-2016,내장공사의 안전보건작업 지침,domain_specific,field_control,photo_actionable,3,WP-C66-06,벽체공사 작업 전 준비,벽체공사 작업 전 준비,7.(가),C-66-2016,present_in_base_ttl_same_guide
ci_unrelated_action_filter1,C-66-2016,내장공사의 안전보건작업 지침,domain_specific,field_control,photo_actionable,4,WP-C66-07,"먹메김 및 단열재, 석고보드 설치","먹메김 및 단열재, 석고보드 설치",7.(나),C-66-2016,present_in_base_ttl_same_guide
ci_unrelated_action_filter1,C-68-2012,블록식 보강토 옹벽 공사 안전보건작업 지침,exclusive,field_control,photo_actionable,1,WP-C68-04,보강토 쌓기 및 다짐,보강토 쌓기 및 다짐,5.6,C-68-2012,present_in_base_ttl_same_guide
ci_unrelated_action_filter1,C-68-2012,블록식 보강토 옹벽 공사 안전보건작업 지침,exclusive,field_control,photo_actionable,2,WP-C68-05,보강재 포설,보강재 포설,5.7,C-68-2012,present_in_base_ttl_same_guide
ci_unrelated_action_filter1,C-68-2012,블록식 보강토 옹벽 공사 안전보건작업 지침,exclusive,field_control,photo_actionable,3,WP-C68-01,기초 터파기,기초 터파기,5.3,C-68-2012,present_in_base_ttl_same_guide
ci_unrelated_action_filter1,C-68-2012,블록식 보강토 옹벽 공사 안전보건작업 지침,exclusive,field_control,photo_actionable,4,WP-C68-03,기초블록쌓기,기초블록쌓기,5.5,C-68-2012,present_in_base_ttl_same_guide
ci_unrelated_action_filter1,C-68-2012,블록식 보강토 옹벽 공사 안전보건작업 지침,exclusive,field_control,photo_actionable,5,WP-C68-07,배수재 설치,배수재 설치,5.8,C-68-2012,present_in_base_ttl_same_guide
ci_unrelated_action_filter1,C-68-2012,블록식 보강토 옹벽 공사 안전보건작업 지침,exclusive,field_control,photo_actionable,6,WP-C68-08,추락방지 조치,추락방지 조치,5.9,C-68-2012,present_in_base_ttl_same_guide
ci_unrelated_action_filter1,C-70-2012,냉동·냉장 물류창고 단열공사 화재예방 안전보건작업 지침,exclusive,field_control,photo_actionable,1,WP-C70-24,우레탄폼 발포 작업,우레탄폼 발포 작업,8.5,C-70-2012,present_in_base_ttl_same_guide
ci_unrelated_action_filter1,C-70-2012,냉동·냉장 물류창고 단열공사 화재예방 안전보건작업 지침,exclusive,field_control,photo_actionable,2,WP-C70-25,발포 작업 후 안전조치,발포 작업 후 안전조치,8.6,C-70-2012,present_in_base_ttl_same_guide
ci_unrelated_action_filter1,C-70-2012,냉동·냉장 물류창고 단열공사 화재예방 안전보건작업 지침,exclusive,field_control,photo_actionable,3,WP-C70-02,화기작업 준비 및 인화성물질 관리,화기작업 준비 및 인화성물질 관리,7.2,C-70-2012,present_in_base_ttl_same_guide
ci_unrelated_action_filter1,C-70-2012,냉동·냉장 물류창고 단열공사 화재예방 안전보건작업 지침,exclusive,field_control,photo_actionable,4,WP-C70-03,화재감시인 배치 및 화기작업 수행,화재감시인 배치 및 화기작업 수행,7.1,C-70-2012,present_in_base_ttl_same_guide
ci_unrelated_action_filter1,C-70-2012,냉동·냉장 물류창고 단열공사 화재예방 안전보건작업 지침,exclusive,field_control,photo_actionable,5,WP-C70-22,우레탄폼 원료 원액 관리,우레탄폼 원료 원액 관리,8.3,C-70-2012,present_in_base_ttl_same_guide
ci_unrelated_action_filter1,C-70-2012,냉동·냉장 물류창고 단열공사 화재예방 안전보건작업 지침,exclusive,field_control,photo_actionable,6,WP-C70-26,우레탄 원액 여분처리,우레탄 원액 여분처리,8.7,C-70-2012,present_in_base_ttl_same_guide
ci_unrelated_action_filter1,C-71-2012,기성 콘크리트 파일 항타 안전보건작업 지침,exclusive,field_control,photo_actionable,1,WP-C71-01,항타기 조립,항타기 조립,7.(1)(가),C-71-2012,present_in_base_ttl_same_guide
ci_unrelated_action_filter1,C-71-2012,기성 콘크리트 파일 항타 안전보건작업 지침,exclusive,field_control,photo_actionable,2,WP-C71-07,항타기 해체,항타기 해체,7.(1)(아),C-71-2012,present_in_base_ttl_same_guide
ci_unrelated_action_filter1,C-71-2012,기성 콘크리트 파일 항타 안전보건작업 지침,exclusive,field_control,photo_actionable,3,WP-C71-04,파일 인양 및 근입,파일 인양 및 근입,7.(1)(라),C-71-2012,present_in_base_ttl_same_guide
ci_unrelated_action_filter1,C-71-2012,기성 콘크리트 파일 항타 안전보건작업 지침,exclusive,field_control,photo_actionable,4,WP-C71-05,파일 항타,파일 항타,7.(1)(마),C-71-2012,present_in_base_ttl_same_guide
ci_unrelated_action_filter1,C-73-2012,강박스 거더 교량공사 안전보건작업지침,exclusive,field_control,photo_actionable,1,WP-C73-08,거푸집 설치,거푸집 설치,7.1,C-73-2012,present_in_base_ttl_same_guide
ci_unrelated_action_filter1,C-73-2012,강박스 거더 교량공사 안전보건작업지침,exclusive,field_control,photo_actionable,2,WP-C73-01,강박스 거더 반입,강박스 거더 반입,6.1,C-73-2012,present_in_base_ttl_same_guide
ci_unrelated_action_filter1,C-73-2012,강박스 거더 교량공사 안전보건작업지침,exclusive,field_control,photo_actionable,3,WP-C73-02,강박스 거더 검사,강박스 거더 검사,6.2,C-73-2012,present_in_base_ttl_same_guide
ci_unrelated_action_filter1,C-73-2012,강박스 거더 교량공사 안전보건작업지침,exclusive,field_control,photo_actionable,4,WP-C73-03,강박스 거더 및 부재 야적,강박스 거더 및 부재 야적,6.3,C-73-2012,present_in_base_ttl_same_guide
ci_unrelated_action_filter1,C-73-2012,강박스 거더 교량공사 안전보건작업지침,exclusive,field_control,photo_actionable,5,WP-C73-05,교량받침(Shoe) 설치,교량받침(Shoe) 설치,6.4,C-73-2012,present_in_base_ttl_same_guide
ci_unrelated_action_filter1,C-73-2012,강박스 거더 교량공사 안전보건작업지침,exclusive,field_control,photo_actionable,6,WP-C73-06,이동식 크레인 작업,이동식 크레인 작업,6.5,C-73-2012,present_in_base_ttl_same_guide
ci_unrelated_action_filter1,C-73-2012,강박스 거더 교량공사 안전보건작업지침,exclusive,field_control,photo_actionable,7,WP-C73-07,강박스 거더 설치,강박스 거더 설치,6.6,C-73-2012,present_in_base_ttl_same_guide
ci_unrelated_action_filter1,C-74-2015,건설공사의 고소작업대 안전보건작업지침,exclusive,field_control,photo_actionable,1,WP-C74-01,안전장치 점검,안전장치 점검,5,C-74-2015,present_in_base_ttl_same_guide
ci_unrelated_action_filter1,C-74-2015,건설공사의 고소작업대 안전보건작업지침,exclusive,field_control,photo_actionable,2,WP-C74-03,고소작업대 작업 수행,고소작업대 작업 수행,6.3,C-74-2015,present_in_base_ttl_same_guide
ci_unrelated_action_filter1,C-74-2015,건설공사의 고소작업대 안전보건작업지침,exclusive,field_control,photo_actionable,3,WP-C74-04,고소작업대 이동,고소작업대 이동,6.3,C-74-2015,present_in_base_ttl_same_guide
ci_unrelated_action_filter1,C-74-2015,건설공사의 고소작업대 안전보건작업지침,exclusive,field_control,photo_actionable,4,WP-C74-05,작업 종료 후 정리,작업 종료 후 정리,6.4,C-74-2015,present_in_base_ttl_same_guide
ci_unrelated_action_filter1,C-75-2013,조경공사(수목식재작업)의 안전보건작업지침,domain_specific,field_control,photo_actionable,1,WP-C75-02,수목굴취 및 운반작업,수목굴취 및 운반작업,4.3,C-75-2013,present_in_base_ttl_same_guide
ci_unrelated_action_filter1,C-75-2013,조경공사(수목식재작업)의 안전보건작업지침,domain_specific,field_control,photo_actionable,2,WP-C75-01,수목정지작업,수목정지작업,4.2,C-75-2013,present_in_base_ttl_same_guide
ci_unrelated_action_filter1,C-75-2013,조경공사(수목식재작업)의 안전보건작업지침,domain_specific,field_control,photo_actionable,3,WP-C75-04,식재작업,식재작업,4.5,C-75-2013,present_in_base_ttl_same_guide
ci_unrelated_action_filter1,C-75-2013,조경공사(수목식재작업)의 안전보건작업지침,domain_specific,field_control,photo_actionable,4,WP-C75-06,유지관리,유지관리,4.7,C-75-2013,present_in_base_ttl_same_guide
ci_unrelated_action_filter1,C-77-2013,현수교 주탑시공 안전보건작업지침,exclusive,field_control,photo_actionable,1,WP-C77-01,기초 완료 후 주탑 하부 거푸집 시공,기초 완료 후 주탑 하부 거푸집 시공,4,C-77-2013,present_in_base_ttl_same_guide
ci_unrelated_action_filter1,C-77-2013,현수교 주탑시공 안전보건작업지침,exclusive,field_control,photo_actionable,2,WP-C77-15,크레인·리프트 설치,크레인·리프트 설치,6.3,C-77-2013,present_in_base_ttl_same_guide
ci_unrelated_action_filter1,C-77-2013,현수교 주탑시공 안전보건작업지침,exclusive,field_control,photo_actionable,3,WP-C77-17,가로보 Heavy Lifting 인양,가로보 Heavy Lifting 인양,6.4,C-77-2013,present_in_base_ttl_same_guide
ci_unrelated_action_filter1,C-77-2013,현수교 주탑시공 안전보건작업지침,exclusive,field_control,photo_actionable,4,WP-C77-19,콘크리트 압송관 설치 및 펌핑,콘크리트 압송관 설치 및 펌핑,6.7,C-77-2013,present_in_base_ttl_same_guide
ci_unrelated_action_filter1,C-77-2013,현수교 주탑시공 안전보건작업지침,exclusive,field_control,photo_actionable,5,WP-C77-02,Erection Truss 거치 후 중간 가로보 시공,Erection Truss 거치 후 중간 가로보 시공,4,C-77-2013,present_in_base_ttl_same_guide
ci_unrelated_action_filter1,C-77-2013,현수교 주탑시공 안전보건작업지침,exclusive,field_control,photo_actionable,6,WP-C77-03,슬립폼 Lot별 시공,슬립폼 Lot별 시공,4,C-77-2013,present_in_base_ttl_same_guide
ci_unrelated_action_filter1,C-77-2013,현수교 주탑시공 안전보건작업지침,exclusive,field_control,photo_actionable,7,WP-C77-04,Erection Truss 설치 후 상단 가로보 시공,Erection Truss 설치 후 상단 가로보 시공,4,C-77-2013,present_in_base_ttl_same_guide
ci_unrelated_action_filter1,C-77-2013,현수교 주탑시공 안전보건작업지침,exclusive,field_control,photo_actionable,8,WP-C77-11,슬립폼 조립,슬립폼 조립,6.2,C-77-2013,present_in_base_ttl_same_guide
ci_unrelated_action_filter1,C-78-2016,옹벽(콘크리트_옹벽)공사의_안전보건작업 지침,exclusive,field_control,photo_actionable,1,WP-C78-05,콘크리트 타설,콘크리트 타설,5.5,C-78-2016,present_in_base_ttl_same_guide
ci_unrelated_action_filter1,C-78-2016,옹벽(콘크리트_옹벽)공사의_안전보건작업 지침,exclusive,field_control,photo_actionable,2,WP-C78-01,기초 터파기작업,기초 터파기작업,5.2,C-78-2016,present_in_base_ttl_same_guide
ci_unrelated_action_filter1,C-78-2016,옹벽(콘크리트_옹벽)공사의_안전보건작업 지침,exclusive,field_control,photo_actionable,3,WP-C78-02,철근 가공 및 운반,철근 가공 및 운반,5-3-1,C-78-2016,present_in_base_ttl_same_guide
ci_unrelated_action_filter1,C-78-2016,옹벽(콘크리트_옹벽)공사의_안전보건작업 지침,exclusive,field_control,photo_actionable,4,WP-C78-03,철근 조립,철근 조립,5-3-2,C-78-2016,present_in_base_ttl_same_guide
ci_unrelated_action_filter1,C-78-2016,옹벽(콘크리트_옹벽)공사의_안전보건작업 지침,exclusive,field_control,photo_actionable,5,WP-C78-04,거푸집 설치,거푸집 설치,5-4-1,C-78-2016,present_in_base_ttl_same_guide
ci_unrelated_action_filter1,C-78-2016,옹벽(콘크리트_옹벽)공사의_안전보건작업 지침,exclusive,field_control,photo_actionable,6,WP-C78-06,거푸집 해체,거푸집 해체,5-4-2,C-78-2016,present_in_base_ttl_same_guide
ci_unrelated_action_filter1,C-78-2016,옹벽(콘크리트_옹벽)공사의_안전보건작업 지침,exclusive,field_control,photo_actionable,7,WP-C78-07,배수작업,배수작업,5.6,C-78-2016,present_in_base_ttl_same_guide
ci_unrelated_action_filter1,C-78-2016,옹벽(콘크리트_옹벽)공사의_안전보건작업 지침,exclusive,field_control,photo_actionable,8,WP-C78-08,뒤채움 작업,뒤채움 작업,5.7,C-78-2016,present_in_base_ttl_same_guide
ci_unrelated_action_filter1,C-79-2015,초고층 건축물공사(일반사항) 안전보건작업지침,exclusive,field_control,photo_actionable,1,WP-C79-02,양중계획 수립,양중계획 수립,5.2,C-79-2015,present_in_base_ttl_same_guide
ci_unrelated_action_filter1,C-79-2015,초고층 건축물공사(일반사항) 안전보건작업지침,exclusive,field_control,photo_actionable,2,WP-C79-06,낙하방지·방호계획 수립,낙하방지·방호계획 수립,5.6,C-79-2015,present_in_base_ttl_same_guide
ci_unrelated_action_filter1,C-79-2015,초고층 건축물공사(일반사항) 안전보건작업지침,exclusive,field_control,photo_actionable,3,WP-C79-08,콘크리트 타설공사,콘크리트 타설공사,6.3,C-79-2015,present_in_base_ttl_same_guide
ci_unrelated_action_filter1,C-79-2015,초고층 건축물공사(일반사항) 안전보건작업지침,exclusive,field_control,photo_actionable,4,WP-C79-09,양중장비 운영,양중장비 운영,6.4,C-79-2015,present_in_base_ttl_same_guide
ci_unrelated_action_filter1,C-80-2013,강아치교(벤트공법) 안전보건작업지침,exclusive,field_control,photo_actionable,1,WP-C80-03,상부 벤트 설치 및 아치리브 가설,상부 벤트 설치 및 아치리브 가설,7.5,C-80-2013,present_in_base_ttl_same_guide
ci_unrelated_action_filter1,C-80-2013,강아치교(벤트공법) 안전보건작업지침,exclusive,field_control,photo_actionable,2,WP-C80-02,교량 거더와 가로보 등 보강형 가설,교량 거더와 가로보 등 보강형 가설,7.5,C-80-2013,present_in_base_ttl_same_guide
ci_unrelated_action_filter1,C-80-2013,강아치교(벤트공법) 안전보건작업지침,exclusive,field_control,photo_actionable,3,WP-C80-04,행어 가설 완료후 하부와 상부 벤트 제거,행어 가설 완료후 하부와 상부 벤트 제거,5,C-80-2013,present_in_base_ttl_same_guide
ci_unrelated_action_filter1,C-80-2013,강아치교(벤트공법) 안전보건작업지침,exclusive,field_control,photo_actionable,4,WP-C80-01,하부벤트 가설,하부벤트 가설,7.4,C-80-2013,present_in_base_ttl_same_guide
ci_unrelated_action_filter1,C-80-2013,강아치교(벤트공법) 안전보건작업지침,exclusive,field_control,photo_actionable,5,WP-C80-07,"하역, 소운반, 보강형(Tie Girder) 지상 조립","하역, 소운반, 보강형(Tie Girder) 지상 조립",7.3,C-80-2013,present_in_base_ttl_same_guide
ci_unrelated_action_filter1,C-81-2013,터널공사(프론트 잭킹) 안전보건작업지침,exclusive,field_control,photo_actionable,1,WP-C81-06,선단슈 및 반력벽 제작,선단슈 및 반력벽 제작,5.5,C-81-2013,present_in_base_ttl_same_guide
ci_unrelated_action_filter1,C-81-2013,터널공사(프론트 잭킹) 안전보건작업지침,exclusive,field_control,photo_actionable,2,WP-C81-07,구조물 제작,구조물 제작,5.6,C-81-2013,present_in_base_ttl_same_guide
ci_unrelated_action_filter1,C-81-2013,터널공사(프론트 잭킹) 안전보건작업지침,exclusive,field_control,photo_actionable,3,WP-C81-04,구조물 견인용 발진대 설치,구조물 견인용 발진대 설치,5.3,C-81-2013,present_in_base_ttl_same_guide
ci_unrelated_action_filter1,C-81-2013,터널공사(프론트 잭킹) 안전보건작업지침,exclusive,field_control,photo_actionable,4,WP-C81-05,가이드 도갱 설치,가이드 도갱 설치,5.4,C-81-2013,present_in_base_ttl_same_guide
ci_unrelated_action_filter1,C-81-2013,터널공사(프론트 잭킹) 안전보건작업지침,exclusive,field_control,photo_actionable,5,WP-C81-08,프론트 잭킹 견인과 굴착,프론트 잭킹 견인과 굴착,5.7,C-81-2013,present_in_base_ttl_same_guide
ci_unrelated_action_filter1,C-82-2020,"해상 RCD 현장타설(현수교, 사장교) 안전작업 지침",exclusive,field_control,photo_actionable,1,WP-C82-04,RCD 굴착(천공),RCD 굴착(천공),6.4,C-82-2020,present_in_base_ttl_same_guide
ci_unrelated_action_filter1,C-82-2020,"해상 RCD 현장타설(현수교, 사장교) 안전작업 지침",exclusive,field_control,photo_actionable,2,WP-C82-03,케이싱 제작·반입 및 항타,케이싱 제작·반입 및 항타,6.4,C-82-2020,present_in_base_ttl_same_guide
ci_unrelated_action_filter1,C-82-2020,"해상 RCD 현장타설(현수교, 사장교) 안전작업 지침",exclusive,field_control,photo_actionable,3,WP-C82-07,수중 콘크리트 타설,수중 콘크리트 타설,6.4,C-82-2020,present_in_base_ttl_same_guide
ci_unrelated_action_filter1,C-82-2020,"해상 RCD 현장타설(현수교, 사장교) 안전작업 지침",exclusive,field_control,photo_actionable,4,WP-C82-08,케이싱 인발 및 두부정리,케이싱 인발 및 두부정리,6.4,C-82-2020,present_in_base_ttl_same_guide
ci_unrelated_action_filter1,C-83-2013,PCT거더 교량공사 안전보건작업지침,exclusive,field_control,photo_actionable,1,WP-C83-01,크레인공법에 의한 PCT거더 가설,크레인공법에 의한 PCT거더 가설,4,C-83-2013,present_in_base_ttl_same_guide
ci_unrelated_action_filter1,C-83-2013,PCT거더 교량공사 안전보건작업지침,exclusive,field_control,photo_actionable,2,WP-C83-02,압출공법에 의한 PCT거더 가설,압출공법에 의한 PCT거더 가설,4,C-83-2013,present_in_base_ttl_same_guide
ci_unrelated_action_filter1,C-83-2013,PCT거더 교량공사 안전보건작업지침,exclusive,field_control,photo_actionable,3,WP-C83-38,PCT거더 제작 (크레인공법),PCT거더 제작 (크레인공법),8.2,C-83-2013,present_in_base_ttl_same_guide
ci_unrelated_action_filter1,C-83-2013,PCT거더 교량공사 안전보건작업지침,exclusive,field_control,photo_actionable,4,WP-C83-03,가설벤트공법에 의한 PCT거더 가설,가설벤트공법에 의한 PCT거더 가설,4,C-83-2013,present_in_base_ttl_same_guide
ci_unrelated_action_filter1,C-83-2013,PCT거더 교량공사 안전보건작업지침,exclusive,field_control,photo_actionable,5,WP-C83-15,가교각 설치,가교각 설치,7.2.3,C-83-2013,present_in_base_ttl_same_guide
ci_unrelated_action_filter1,C-83-2013,PCT거더 교량공사 안전보건작업지침,exclusive,field_control,photo_actionable,6,WP-C83-16,횡방향 가이드 설치,횡방향 가이드 설치,7.2.4,C-83-2013,present_in_base_ttl_same_guide
ci_unrelated_action_filter1,C-83-2013,PCT거더 교량공사 안전보건작업지침,exclusive,field_control,photo_actionable,7,WP-C83-18,PCT거더 거푸집 조립,PCT거더 거푸집 조립,7.3.1,C-83-2013,present_in_base_ttl_same_guide
ci_unrelated_action_filter1,C-83-2013,PCT거더 교량공사 안전보건작업지침,exclusive,field_control,photo_actionable,8,WP-C83-24,추진코 설치,추진코 설치,7.4,C-83-2013,present_in_base_ttl_same_guide
ci_unrelated_action_filter1,C-84-2013,트러스거더 교량공사 안전보건작업지침,exclusive,field_control,photo_actionable,1,WP-C84-01,트러스거더 반입 및 적재,트러스거더 반입 및 적재,8.1,C-84-2013,present_in_base_ttl_same_guide
ci_unrelated_action_filter1,C-84-2013,트러스거더 교량공사 안전보건작업지침,exclusive,field_control,photo_actionable,2,WP-C84-02,트러스거더 지상 조립,트러스거더 지상 조립,8.2,C-84-2013,present_in_base_ttl_same_guide
ci_unrelated_action_filter1,C-84-2013,트러스거더 교량공사 안전보건작업지침,exclusive,field_control,photo_actionable,3,WP-C84-03,가설벤트 설치,가설벤트 설치,8.3,C-84-2013,present_in_base_ttl_same_guide
ci_unrelated_action_filter1,C-84-2013,트러스거더 교량공사 안전보건작업지침,exclusive,field_control,photo_actionable,4,WP-C84-04,트러스거더 인양 설치,트러스거더 인양 설치,8.4,C-84-2013,present_in_base_ttl_same_guide
ci_unrelated_action_filter1,C-84-2013,트러스거더 교량공사 안전보건작업지침,exclusive,field_control,photo_actionable,5,WP-C84-06,이동식 크레인 작업,이동식 크레인 작업,8.6,C-84-2013,present_in_base_ttl_same_guide
ci_unrelated_action_filter1,C-85-2013,트럭 탑재형 크레인(Cargo Crane) 안전보건작업지침,exclusive,field_control,photo_actionable,1,WP-C85-03,작업 전 확인,작업 전 확인,6.2.2,C-85-2013,present_in_base_ttl_same_guide
ci_unrelated_action_filter1,C-85-2013,트럭 탑재형 크레인(Cargo Crane) 안전보건작업지침,exclusive,field_control,photo_actionable,2,WP-C85-04,인양작업 실시,인양작업 실시,6.3,C-85-2013,present_in_base_ttl_same_guide
ci_unrelated_action_filter1,C-85-2013,트럭 탑재형 크레인(Cargo Crane) 안전보건작업지침,exclusive,field_control,photo_actionable,3,WP-C85-02,트럭 탑재형 크레인 설치,트럭 탑재형 크레인 설치,6.2.1,C-85-2013,present_in_base_ttl_same_guide
ci_unrelated_action_filter1,C-88-2013,터널공사(NTR공법) 안전보건작업지침,exclusive,field_control,photo_actionable,1,WP-C88-05,강관내부 굴착,강관내부 굴착,6.2.2,C-88-2013,present_in_base_ttl_same_guide
ci_unrelated_action_filter1,C-88-2013,터널공사(NTR공법) 안전보건작업지침,exclusive,field_control,photo_actionable,2,WP-C88-01,발진기지 설치 (흙막이공사),발진기지 설치 (흙막이공사),6.1.1,C-88-2013,present_in_base_ttl_same_guide
ci_unrelated_action_filter1,C-88-2013,터널공사(NTR공법) 안전보건작업지침,exclusive,field_control,photo_actionable,3,WP-C88-02,반력벽 설치,반력벽 설치,6.1.2,C-88-2013,present_in_base_ttl_same_guide
ci_unrelated_action_filter1,C-88-2013,터널공사(NTR공법) 안전보건작업지침,exclusive,field_control,photo_actionable,4,WP-C88-03,추진틀 설치,추진틀 설치,6.1.3,C-88-2013,present_in_base_ttl_same_guide
ci_unrelated_action_filter1,C-88-2013,터널공사(NTR공법) 안전보건작업지침,exclusive,field_control,photo_actionable,5,WP-C88-04,강관 추진,강관 추진,6.2.1,C-88-2013,present_in_base_ttl_same_guide
ci_unrelated_action_filter1,C-88-2013,터널공사(NTR공법) 안전보건작업지침,exclusive,field_control,photo_actionable,6,WP-C88-06,외부 그라우팅,외부 그라우팅,6.3,C-88-2013,present_in_base_ttl_same_guide
ci_unrelated_action_filter1,C-89-2013,터널공사(침매공법) 안전보건작업지침,exclusive,field_control,photo_actionable,1,WP-C89-11,침매함 접합,침매함 접합,13,C-89-2013,present_in_base_ttl_same_guide
ci_unrelated_action_filter1,C-89-2013,터널공사(침매공법) 안전보건작업지침,exclusive,field_control,photo_actionable,2,WP-C89-08,진수,진수,10,C-89-2013,present_in_base_ttl_same_guide
ci_unrelated_action_filter1,C-89-2013,터널공사(침매공법) 안전보건작업지침,exclusive,field_control,photo_actionable,3,WP-C89-10,침매함 침설,침매함 침설,12,C-89-2013,present_in_base_ttl_same_guide
ci_unrelated_action_filter1,C-89-2013,터널공사(침매공법) 안전보건작업지침,exclusive,field_control,photo_actionable,4,WP-C89-09,예인작업,예인작업,11,C-89-2013,present_in_base_ttl_same_guide
ci_unrelated_action_filter1,C-89-2013,터널공사(침매공법) 안전보건작업지침,exclusive,field_control,photo_actionable,5,WP-C89-14,해상작업,해상작업,16,C-89-2013,present_in_base_ttl_same_guide
ci_unrelated_action_filter1,C-91-2015,초고층 건축물공사(화재예방) 안전보건작업지침,exclusive,field_control,photo_actionable,1,WP-C91-02,소방시설 설치 및 유지관리,소방시설 설치 및 유지관리,5.1,C-91-2015,present_in_base_ttl_same_guide
ci_unrelated_action_filter1,C-91-2015,초고층 건축물공사(화재예방) 안전보건작업지침,exclusive,field_control,photo_actionable,2,WP-C91-03,피난시설 설치 및 유지관리,피난시설 설치 및 유지관리,5.1,C-91-2015,present_in_base_ttl_same_guide
ci_unrelated_action_filter1,C-91-2015,초고층 건축물공사(화재예방) 안전보건작업지침,exclusive,field_control,photo_actionable,3,WP-C91-07,피난 유도 및 복구,피난 유도 및 복구,6,C-91-2015,present_in_base_ttl_same_guide
ci_unrelated_action_filter1,C-91-2015,초고층 건축물공사(화재예방) 안전보건작업지침,exclusive,field_control,photo_actionable,4,WP-C91-04,화기작업 안전관리,화기작업 안전관리,5.2,C-91-2015,present_in_base_ttl_same_guide
ci_unrelated_action_filter1,C-91-2015,초고층 건축물공사(화재예방) 안전보건작업지침,exclusive,field_control,photo_actionable,5,WP-C91-05,화재예방 교육 및 훈련,화재예방 교육 및 훈련,5.2,C-91-2015,present_in_base_ttl_same_guide
ci_unrelated_action_filter1,C-93-2013,우물통기초의 안전보건작업지침,exclusive,field_control,photo_actionable,1,WP-C93-04,기초면 고르기(준설 및 굴착),기초면 고르기(준설 및 굴착),7.2,C-93-2013,present_in_base_ttl_same_guide
ci_unrelated_action_filter1,C-93-2013,우물통기초의 안전보건작업지침,exclusive,field_control,photo_actionable,2,WP-C93-09,굴착 및 발파,굴착 및 발파,8.3,C-93-2013,present_in_base_ttl_same_guide
ci_unrelated_action_filter1,C-93-2013,우물통기초의 안전보건작업지침,exclusive,field_control,photo_actionable,3,WP-C93-06,속채움 및 캡콘크리트 타설,속채움 및 캡콘크리트 타설,7.4,C-93-2013,present_in_base_ttl_same_guide
ci_unrelated_action_filter1,C-93-2013,우물통기초의 안전보건작업지침,exclusive,field_control,photo_actionable,4,WP-C93-07,날끝(shoe) 거치,날끝(shoe) 거치,8.1,C-93-2013,present_in_base_ttl_same_guide
ci_unrelated_action_filter1,C-93-2013,우물통기초의 안전보건작업지침,exclusive,field_control,photo_actionable,5,WP-C93-10,양수 및 침하,양수 및 침하,8.4,C-93-2013,present_in_base_ttl_same_guide
ci_unrelated_action_filter1,C-94-2013,교량공사(라멘교) 안전보건작업지침,exclusive,field_control,photo_actionable,1,WP-C94-03,거푸집 설치(슬래브),거푸집 설치(슬래브),8.2,C-94-2013,present_in_base_ttl_same_guide
ci_unrelated_action_filter1,C-94-2013,교량공사(라멘교) 안전보건작업지침,exclusive,field_control,photo_actionable,2,WP-C94-01,기초공사(파일 항타),기초공사(파일 항타),7,C-94-2013,present_in_base_ttl_same_guide
ci_unrelated_action_filter1,C-94-2013,교량공사(라멘교) 안전보건작업지침,exclusive,field_control,photo_actionable,3,WP-C94-02,거푸집 설치(교대 및 교각),거푸집 설치(교대 및 교각),8.1,C-94-2013,present_in_base_ttl_same_guide
ci_unrelated_action_filter1,C-94-2013,교량공사(라멘교) 안전보건작업지침,exclusive,field_control,photo_actionable,4,WP-C94-04,철근 운반 및 조립,철근 운반 및 조립,9,C-94-2013,present_in_base_ttl_same_guide
ci_unrelated_action_filter1,C-94-2013,교량공사(라멘교) 안전보건작업지침,exclusive,field_control,photo_actionable,5,WP-C94-05,콘크리트 타설,콘크리트 타설,10,C-94-2013,present_in_base_ttl_same_guide
ci_unrelated_action_filter1,C-94-2013,교량공사(라멘교) 안전보건작업지침,exclusive,field_control,photo_actionable,6,WP-C94-07,거푸집 해체,거푸집 해체,12,C-94-2013,present_in_base_ttl_same_guide
ci_unrelated_action_filter1,C-96-2014,가설구조물의 설계변경 요청 내용 절차 등에 관한 작성지침,domain_specific,document_reference,photo_unmatchable,1,WP-C96-01,설계서·현장조건 사전검토,설계서·현장조건 사전검토,5.2,C-96-2014,present_in_base_ttl_same_guide
ci_unrelated_action_filter1,C-96-2014,가설구조물의 설계변경 요청 내용 절차 등에 관한 작성지침,domain_specific,document_reference,photo_unmatchable,2,WP-C96-03,설계변경 요청서 작성 및 제출,설계변경 요청서 작성 및 제출,6.2,C-96-2014,present_in_base_ttl_same_guide
ci_unrelated_action_filter1,C-96-2014,가설구조물의 설계변경 요청 내용 절차 등에 관한 작성지침,domain_specific,document_reference,photo_unmatchable,3,WP-C96-02,위험요인 도출 및 위험성 판단,위험요인 도출 및 위험성 판단,6.1,C-96-2014,present_in_base_ttl_same_guide
ci_unrelated_action_filter1,C-96-2014,가설구조물의 설계변경 요청 내용 절차 등에 관한 작성지침,domain_specific,document_reference,photo_unmatchable,4,WP-C96-05,계약금액 조정 및 설계변경금액 확정,계약금액 조정 및 설계변경금액 확정,6.3,C-96-2014,present_in_base_ttl_same_guide
ci_unrelated_action_filter1,C-96-2014,가설구조물의 설계변경 요청 내용 절차 등에 관한 작성지침,domain_specific,document_reference,photo_unmatchable,5,WP-C96-04,설계변경 승인·불승인 검토,설계변경 승인·불승인 검토,6.2,C-96-2014,present_in_base_ttl_same_guide
ci_unrelated_action_filter1,C-98-2014,철탑공사 안전보건 기술지침,exclusive,field_control,photo_actionable,1,WP-C98-06,철탑 승탑 작업,철탑 승탑 작업,7,C-98-2014,present_in_base_ttl_same_guide
ci_unrelated_action_filter1,C-98-2014,철탑공사 안전보건 기술지침,exclusive,field_control,photo_actionable,2,WP-C98-02,철탑 부지조성 공사,철탑 부지조성 공사,6,C-98-2014,present_in_base_ttl_same_guide
ci_unrelated_action_filter1,C-98-2014,철탑공사 안전보건 기술지침,exclusive,field_control,photo_actionable,3,WP-C98-03,철탑 기초 굴착공사,철탑 기초 굴착공사,6,C-98-2014,present_in_base_ttl_same_guide
ci_unrelated_action_filter1,C-98-2014,철탑공사 안전보건 기술지침,exclusive,field_control,photo_actionable,4,WP-C98-04,철탑 기초 콘크리트 타설,철탑 기초 콘크리트 타설,6,C-98-2014,present_in_base_ttl_same_guide
ci_unrelated_action_filter1,C-98-2014,철탑공사 안전보건 기술지침,exclusive,field_control,photo_actionable,5,WP-C98-05,철탑 조립 공사 (바디·커먼·암 조립),철탑 조립 공사 (바디·커먼·암 조립),7,C-98-2014,present_in_base_ttl_same_guide
ci_unrelated_action_filter1,C-98-2014,철탑공사 안전보건 기술지침,exclusive,field_control,photo_actionable,6,WP-C98-07,헬기 운반 및 조립 작업,헬기 운반 및 조립 작업,7,C-98-2014,present_in_base_ttl_same_guide
ci_unrelated_action_filter1,C-98-2014,철탑공사 안전보건 기술지침,exclusive,field_control,photo_actionable,7,WP-C98-09,전선 퍼기작업(연선작업),전선 퍼기작업(연선작업),8,C-98-2014,present_in_base_ttl_same_guide
ci_unrelated_action_filter1,C-98-2014,철탑공사 안전보건 기술지침,exclusive,field_control,photo_actionable,8,WP-C98-10,전선 당기기작업(긴선작업),전선 당기기작업(긴선작업),8,C-98-2014,present_in_base_ttl_same_guide
ci_unrelated_action_filter1,C-C-1-2025,인화성 액체 및 기체 잔류물이 있는 탱크의 청소 및 가스제거에 관한 기술지원규정,exclusive,field_control,photo_actionable,1,WP-CC1-08,탱크 청소 및 가스제거,탱크 청소 및 가스제거,6.2,C-C-1-2025,present_in_base_ttl_same_guide
ci_unrelated_action_filter1,C-C-1-2025,인화성 액체 및 기체 잔류물이 있는 탱크의 청소 및 가스제거에 관한 기술지원규정,exclusive,field_control,photo_actionable,2,WP-CC1-05,가스 확산 제어 및 배출,가스 확산 제어 및 배출,5.5,C-C-1-2025,present_in_base_ttl_same_guide
ci_unrelated_action_filter1,C-C-1-2025,인화성 액체 및 기체 잔류물이 있는 탱크의 청소 및 가스제거에 관한 기술지원규정,exclusive,field_control,photo_actionable,3,WP-CC1-06,가스농도 측정,가스농도 측정,5.6,C-C-1-2025,present_in_base_ttl_same_guide
ci_unrelated_action_filter1,C-C-1-2025,인화성 액체 및 기체 잔류물이 있는 탱크의 청소 및 가스제거에 관한 기술지원규정,exclusive,field_control,photo_actionable,4,WP-CC1-09,치환작업,치환작업,6.3,C-C-1-2025,present_in_base_ttl_same_guide
ci_unrelated_action_filter1,C-C-1-2025,인화성 액체 및 기체 잔류물이 있는 탱크의 청소 및 가스제거에 관한 기술지원규정,exclusive,field_control,photo_actionable,5,WP-CC1-30,소형 탱크 스팀 세척,소형 탱크 스팀 세척,8.2.1,C-C-1-2025,present_in_base_ttl_same_guide
ci_unrelated_action_filter1,C-C-1-2025,인화성 액체 및 기체 잔류물이 있는 탱크의 청소 및 가스제거에 관한 기술지원규정,exclusive,field_control,photo_actionable,6,WP-CC1-39,물 불활성화,물 불활성화,9.2,C-C-1-2025,present_in_base_ttl_same_guide
ci_unrelated_action_filter1,C-C-1-2025,인화성 액체 및 기체 잔류물이 있는 탱크의 청소 및 가스제거에 관한 기술지원규정,exclusive,field_control,photo_actionable,7,WP-CC1-40,이산화탄소 불활성화,이산화탄소 불활성화,9.3.1,C-C-1-2025,present_in_base_ttl_same_guide
ci_unrelated_action_filter1,C-C-1-2025,인화성 액체 및 기체 잔류물이 있는 탱크의 청소 및 가스제거에 관한 기술지원규정,exclusive,field_control,photo_actionable,8,WP-CC1-41,질소 불활성화,질소 불활성화,9.3.2,C-C-1-2025,present_in_base_ttl_same_guide
ci_unrelated_action_filter1,C-C-10-2026,통기설비 설치에 관한 기술지원규정,exclusive,field_control,photo_actionable,1,WP-CC10-03,정상운전 통기설비 설치,정상운전 통기설비 설치,6.1,C-C-10-2026,present_in_base_ttl_same_guide
ci_unrelated_action_filter1,C-C-10-2026,통기설비 설치에 관한 기술지원규정,exclusive,field_control,photo_actionable,2,WP-CC10-04,비상운전 통기설비 설치,비상운전 통기설비 설치,6.2,C-C-10-2026,present_in_base_ttl_same_guide
ci_unrelated_action_filter1,C-C-10-2026,통기설비 설치에 관한 기술지원규정,exclusive,field_control,photo_actionable,3,WP-CC10-05,통기관 크기 결정,통기관 크기 결정,6.3,C-C-10-2026,present_in_base_ttl_same_guide
ci_unrelated_action_filter1,C-C-11-2026,공정용 안전밸브에 관한 기술지원규정,exclusive,field_control,photo_actionable,1,WP-CC11-44,가스용 안전밸브 크기 계산 (비임계흐름),가스용 안전밸브 크기 계산 (비임계흐름),부록 2,C-C-11-2026,present_in_base_ttl_same_guide
ci_unrelated_action_filter1,C-C-11-2026,공정용 안전밸브에 관한 기술지원규정,exclusive,field_control,photo_actionable,2,WP-CC11-02,안전밸브 설정압력 작동 검사,안전밸브 설정압력 작동 검사,4,C-C-11-2026,present_in_base_ttl_same_guide
ci_unrelated_action_filter1,C-C-11-2026,공정용 안전밸브에 관한 기술지원규정,exclusive,field_control,photo_actionable,3,WP-CC11-22,오리피스 크기 산정 필요 자료 확인,오리피스 크기 산정 필요 자료 확인,8.1,C-C-11-2026,present_in_base_ttl_same_guide
ci_unrelated_action_filter1,C-C-11-2026,공정용 안전밸브에 관한 기술지원규정,exclusive,field_control,photo_actionable,4,WP-CC11-23,임계흐름 여부 판정 및 오리피스 면적 계산,임계흐름 여부 판정 및 오리피스 면적 계산,8.2,C-C-11-2026,present_in_base_ttl_same_guide
ci_unrelated_action_filter1,C-C-11-2026,공정용 안전밸브에 관한 기술지원규정,exclusive,field_control,photo_actionable,5,WP-CC11-25,초과압력 산정,초과압력 산정,9,C-C-11-2026,present_in_base_ttl_same_guide
ci_unrelated_action_filter1,C-C-11-2026,공정용 안전밸브에 관한 기술지원규정,exclusive,field_control,photo_actionable,6,WP-CC11-45,액체용 안전밸브 크기 계산,액체용 안전밸브 크기 계산,부록 3,C-C-11-2026,present_in_base_ttl_same_guide
ci_unrelated_action_filter1,C-C-11-2026,공정용 안전밸브에 관한 기술지원규정,exclusive,field_control,photo_actionable,7,WP-CC11-46,수증기용 안전밸브 크기 계산,수증기용 안전밸브 크기 계산,부록 4,C-C-11-2026,present_in_base_ttl_same_guide
ci_unrelated_action_filter1,C-C-11-2026,공정용 안전밸브에 관한 기술지원규정,exclusive,field_control,photo_actionable,8,WP-CC11-01,안전밸브 작동 검사 준비,안전밸브 작동 검사 준비,4,C-C-11-2026,present_in_base_ttl_same_guide
ci_unrelated_action_filter1,C-C-12-2026,공정배관계장도(P&ID) 작성에 관한 기술지원규정,exclusive,field_control,photo_actionable,1,WP-CC12-05,고유번호 부여 및 범례도 작성,고유번호 부여 및 범례도 작성,7,C-C-12-2026,present_in_base_ttl_same_guide
ci_unrelated_action_filter1,C-C-12-2026,공정배관계장도(P&ID) 작성에 관한 기술지원규정,exclusive,field_control,photo_actionable,2,WP-CC12-01,공정계통도(PFD) 기초 확인 및 P&ID 작성 준비,공정계통도(PFD) 기초 확인 및 P&ID 작성 준비,6.1,C-C-12-2026,present_in_base_ttl_same_guide
ci_unrelated_action_filter1,C-C-12-2026,공정배관계장도(P&ID) 작성에 관한 기술지원규정,exclusive,field_control,photo_actionable,3,WP-CC12-02,장치 및 동력기계 표시,장치 및 동력기계 표시,5.2,C-C-12-2026,present_in_base_ttl_same_guide
ci_unrelated_action_filter1,C-C-12-2026,공정배관계장도(P&ID) 작성에 관한 기술지원규정,exclusive,field_control,photo_actionable,4,WP-CC12-03,배관 표시,배관 표시,5.3,C-C-12-2026,present_in_base_ttl_same_guide
ci_unrelated_action_filter1,C-C-12-2026,공정배관계장도(P&ID) 작성에 관한 기술지원규정,exclusive,field_control,photo_actionable,5,WP-CC12-04,계측기기 표시,계측기기 표시,5.4,C-C-12-2026,present_in_base_ttl_same_guide
ci_unrelated_action_filter1,C-C-12-2026,공정배관계장도(P&ID) 작성에 관한 기술지원규정,exclusive,field_control,photo_actionable,6,WP-CC12-06,도면 관리 (원본·사본),도면 관리 (원본·사본),11.1,C-C-12-2026,present_in_base_ttl_same_guide
ci_unrelated_action_filter1,C-C-13-2026,열팽창용 안전밸브에 관한 기술지원규정,exclusive,field_control,photo_actionable,1,WP-CC13-03,배출용량 산정,배출용량 산정,6.1,C-C-13-2026,present_in_base_ttl_same_guide
ci_unrelated_action_filter1,C-C-13-2026,열팽창용 안전밸브에 관한 기술지원규정,exclusive,field_control,photo_actionable,2,WP-CC13-01,설치대상 판단,설치대상 판단,5.1,C-C-13-2026,present_in_base_ttl_same_guide
ci_unrelated_action_filter1,C-C-13-2026,열팽창용 안전밸브에 관한 기술지원규정,exclusive,field_control,photo_actionable,3,WP-CC13-02,설치위치 결정,설치위치 결정,5.3,C-C-13-2026,present_in_base_ttl_same_guide
ci_unrelated_action_filter1,C-C-13-2026,열팽창용 안전밸브에 관한 기술지원규정,exclusive,field_control,photo_actionable,4,WP-CC13-04,안전밸브 크기 선정,안전밸브 크기 선정,6.3.1,C-C-13-2026,present_in_base_ttl_same_guide
ci_unrelated_action_filter1,C-C-13-2026,열팽창용 안전밸브에 관한 기술지원규정,exclusive,field_control,photo_actionable,5,WP-CC13-05,설정압력 결정,설정압력 결정,7,C-C-13-2026,present_in_base_ttl_same_guide
ci_unrelated_action_filter1,C-C-13-2026,열팽창용 안전밸브에 관한 기술지원규정,exclusive,field_control,photo_actionable,6,WP-CC13-06,배압 조건별 안전밸브 선정,배압 조건별 안전밸브 선정,8,C-C-13-2026,present_in_base_ttl_same_guide
ci_unrelated_action_filter1,C-C-14-2026,공정흐름도(PFD) 작성에 관한 기술지원규정,exclusive,field_control,photo_actionable,1,WP-CC14-01,도면 배치 결정,도면 배치 결정,6.1,C-C-14-2026,present_in_base_ttl_same_guide
ci_unrelated_action_filter1,C-C-14-2026,공정흐름도(PFD) 작성에 관한 기술지원규정,exclusive,field_control,photo_actionable,2,WP-CC14-03,계기 및 제어장치 표시,계기 및 제어장치 표시,6.2.3,C-C-14-2026,present_in_base_ttl_same_guide
ci_unrelated_action_filter1,C-C-14-2026,공정흐름도(PFD) 작성에 관한 기술지원규정,exclusive,field_control,photo_actionable,3,WP-CC14-05,물질수지 및 열수지 작성,물질수지 및 열수지 작성,6.2.5,C-C-14-2026,present_in_base_ttl_same_guide
ci_unrelated_action_filter1,C-C-15-2026,배관재질 선정에 관한 기술지원규정,exclusive,field_control,photo_actionable,1,WP-CC15-01,재질사양 구성,재질사양 구성,4,C-C-15-2026,present_in_base_ttl_same_guide
ci_unrelated_action_filter1,C-C-15-2026,배관재질 선정에 관한 기술지원규정,exclusive,field_control,photo_actionable,2,WP-CC15-03,재질별 기준 적용,재질별 기준 적용,6,C-C-15-2026,present_in_base_ttl_same_guide
ci_unrelated_action_filter1,C-C-15-2026,배관재질 선정에 관한 기술지원규정,exclusive,field_control,photo_actionable,3,WP-CC15-04,플랜지 및 개스킷 선정,플랜지 및 개스킷 선정,7,C-C-15-2026,present_in_base_ttl_same_guide
ci_unrelated_action_filter1,C-C-16-2026,세안설비 등의 성능 및 설치에 관한 기술지원규정,exclusive,field_control,photo_actionable,1,WP-CC16-04,세안설비 설치,세안설비 설치,6.4,C-C-16-2026,present_in_base_ttl_same_guide
ci_unrelated_action_filter1,C-C-16-2026,세안설비 등의 성능 및 설치에 관한 기술지원규정,exclusive,field_control,photo_actionable,2,WP-CC16-05,세안설비 제작자 성능시험,세안설비 제작자 성능시험,6.3,C-C-16-2026,present_in_base_ttl_same_guide
ci_unrelated_action_filter1,C-C-17-2026,화학설비의 압력시험에 관한 기술지원규정,exclusive,field_control,photo_actionable,1,WP-CC17-01,시험 준비,시험 준비,5.1,C-C-17-2026,present_in_base_ttl_same_guide
ci_unrelated_action_filter1,C-C-17-2026,화학설비의 압력시험에 관한 기술지원규정,exclusive,field_control,photo_actionable,2,WP-CC17-04,시험 종료 및 원상복구,시험 종료 및 원상복구,5.3,C-C-17-2026,present_in_base_ttl_same_guide
ci_unrelated_action_filter1,C-C-17-2026,화학설비의 압력시험에 관한 기술지원규정,exclusive,field_control,photo_actionable,3,WP-CC17-02,수압시험 실시,수압시험 실시,5.2,C-C-17-2026,present_in_base_ttl_same_guide
ci_unrelated_action_filter1,C-C-17-2026,화학설비의 압력시험에 관한 기술지원규정,exclusive,field_control,photo_actionable,4,WP-CC17-03,기압시험 실시,기압시험 실시,5.2,C-C-17-2026,present_in_base_ttl_same_guide
ci_unrelated_action_filter1,C-C-18-2026,플레어시스템의 설계·설치 및 운전에 관한 기술지원규정,exclusive,field_control,photo_actionable,1,WP-CC18-10,플레어가스 회수시스템 설계·설치,플레어가스 회수시스템 설계·설치,5.5,C-C-18-2026,present_in_base_ttl_same_guide
ci_unrelated_action_filter1,C-C-18-2026,플레어시스템의 설계·설치 및 운전에 관한 기술지원규정,exclusive,field_control,photo_actionable,2,WP-CC18-40,배압 증가 시 문제해결,배압 증가 시 문제해결,8.4,C-C-18-2026,present_in_base_ttl_same_guide
ci_unrelated_action_filter1,C-C-18-2026,플레어시스템의 설계·설치 및 운전에 관한 기술지원규정,exclusive,field_control,photo_actionable,3,WP-CC18-38,플레어시스템 일상 점검 및 감시,플레어시스템 일상 점검 및 감시,8.4,C-C-18-2026,present_in_base_ttl_same_guide
ci_unrelated_action_filter1,C-C-18-2026,플레어시스템의 설계·설치 및 운전에 관한 기술지원규정,exclusive,field_control,photo_actionable,4,WP-CC18-07,플레어량 산출,플레어량 산출,5.1,C-C-18-2026,present_in_base_ttl_same_guide
ci_unrelated_action_filter1,C-C-18-2026,플레어시스템의 설계·설치 및 운전에 관한 기술지원규정,exclusive,field_control,photo_actionable,5,WP-CC18-18,플레어헤더 크기 결정절차,플레어헤더 크기 결정절차,6.3,C-C-18-2026,present_in_base_ttl_same_guide
ci_unrelated_action_filter1,C-C-18-2026,플레어시스템의 설계·설치 및 운전에 관한 기술지원규정,exclusive,field_control,photo_actionable,6,WP-CC18-19,등온흐름에서 플레어헤더 내 압력손실 산출,등온흐름에서 플레어헤더 내 압력손실 산출,6.4,C-C-18-2026,present_in_base_ttl_same_guide
ci_unrelated_action_filter1,C-C-18-2026,플레어시스템의 설계·설치 및 운전에 관한 기술지원규정,exclusive,field_control,photo_actionable,7,WP-CC18-20,단열흐름에서 플레어헤더 내 압력강하 계산,단열흐름에서 플레어헤더 내 압력강하 계산,6.4,C-C-18-2026,present_in_base_ttl_same_guide
ci_unrelated_action_filter1,C-C-18-2026,플레어시스템의 설계·설치 및 운전에 관한 기술지원규정,exclusive,field_control,photo_actionable,8,WP-CC18-28,플레어스택 지름 결정,플레어스택 지름 결정,7.1,C-C-18-2026,present_in_base_ttl_same_guide
ci_unrelated_action_filter1,C-C-19-2026,안전밸브와 파열판 직렬설치에 관한 기술지원규정,exclusive,field_control,photo_actionable,1,WP-CC19-01,압력용기와 안전밸브 사이에 파열판 설치,압력용기와 안전밸브 사이에 파열판 설치,5,C-C-19-2026,present_in_base_ttl_same_guide
ci_unrelated_action_filter1,C-C-19-2026,안전밸브와 파열판 직렬설치에 관한 기술지원규정,exclusive,field_control,photo_actionable,2,WP-CC19-02,안전밸브 배출구 쪽에 파열판 설치,안전밸브 배출구 쪽에 파열판 설치,6,C-C-19-2026,present_in_base_ttl_same_guide
ci_unrelated_action_filter1,C-C-19-2026,안전밸브와 파열판 직렬설치에 관한 기술지원규정,exclusive,field_control,photo_actionable,3,WP-CC19-04,안전장치 성능 검증 및 시험,안전장치 성능 검증 및 시험,8.1,C-C-19-2026,present_in_base_ttl_same_guide
ci_unrelated_action_filter1,C-C-19-2026,안전밸브와 파열판 직렬설치에 관한 기술지원규정,exclusive,field_control,photo_actionable,4,WP-CC19-03,파열판과 안전밸브 직렬 조합 설치,파열판과 안전밸브 직렬 조합 설치,7,C-C-19-2026,present_in_base_ttl_same_guide
ci_unrelated_action_filter1,C-C-19-2026,안전밸브와 파열판 직렬설치에 관한 기술지원규정,exclusive,field_control,photo_actionable,5,WP-CC19-05,안전장치 명판 표시 및 인증,안전장치 명판 표시 및 인증,8.2,C-C-19-2026,present_in_base_ttl_same_guide
ci_unrelated_action_filter1,C-C-2-2025,화학설비 정비·보수작업계획서 작성 등에 관한 기술지원규정,exclusive,management_program,photo_conditional_followup,1,WP-CC2-11,작업위험성평가 실시,작업위험성평가 실시,5.7,C-C-2-2025,present_in_base_ttl_same_guide
ci_unrelated_action_filter1,C-C-2-2025,화학설비 정비·보수작업계획서 작성 등에 관한 기술지원규정,exclusive,management_program,photo_conditional_followup,2,WP-CC2-12,수급업체 안전관리계획서 작성 및 승인,수급업체 안전관리계획서 작성 및 승인,5.8,C-C-2-2025,present_in_base_ttl_same_guide
ci_unrelated_action_filter1,C-C-2-2025,화학설비 정비·보수작업계획서 작성 등에 관한 기술지원규정,exclusive,management_program,photo_conditional_followup,3,WP-CC2-13,수급업체 반입품 검사 및 관리,수급업체 반입품 검사 및 관리,5.8,C-C-2-2025,present_in_base_ttl_same_guide
ci_unrelated_action_filter1,C-C-2-2025,화학설비 정비·보수작업계획서 작성 등에 관한 기술지원규정,exclusive,management_program,photo_conditional_followup,4,WP-CC2-14,수급업체 근로자 건강관리,수급업체 근로자 건강관리,5.8,C-C-2-2025,present_in_base_ttl_same_guide
ci_unrelated_action_filter1,C-C-2-2025,화학설비 정비·보수작업계획서 작성 등에 관한 기술지원규정,exclusive,management_program,photo_conditional_followup,5,WP-CC2-15,안전교육 실시,안전교육 실시,5.9,C-C-2-2025,present_in_base_ttl_same_guide
ci_unrelated_action_filter1,C-C-2-2025,화학설비 정비·보수작업계획서 작성 등에 관한 기술지원규정,exclusive,management_program,photo_conditional_followup,6,WP-CC2-16,안전작업허가서 발급 및 승인,안전작업허가서 발급 및 승인,5.10,C-C-2-2025,present_in_base_ttl_same_guide
ci_unrelated_action_filter1,C-C-2-2025,화학설비 정비·보수작업계획서 작성 등에 관한 기술지원규정,exclusive,management_program,photo_conditional_followup,7,WP-CC2-18,비계 및 중장비 사전 점검,비계 및 중장비 사전 점검,5.12,C-C-2-2025,present_in_base_ttl_same_guide
ci_unrelated_action_filter1,C-C-2-2025,화학설비 정비·보수작업계획서 작성 등에 관한 기술지원규정,exclusive,management_program,photo_conditional_followup,8,WP-CC2-22,체인블록 사용작업,체인블록 사용작업,6.2,C-C-2-2025,present_in_base_ttl_same_guide
ci_unrelated_action_filter1,C-C-21-2026,위험성평가 실시를 위한 우선순위 결정에 관한 기술지원규정,domain_specific,risk_method,photo_unmatchable,1,WP-CC21-02,빠른 안전평가 2단계 수행,빠른 안전평가 2단계 수행,5.1,C-C-21-2026,present_in_base_ttl_same_guide
ci_unrelated_action_filter1,C-C-21-2026,위험성평가 실시를 위한 우선순위 결정에 관한 기술지원규정,domain_specific,risk_method,photo_unmatchable,2,WP-CC21-04,사고 크기 및 발생 가능성 평가,사고 크기 및 발생 가능성 평가,5.4.1,C-C-21-2026,present_in_base_ttl_same_guide
ci_unrelated_action_filter1,C-C-21-2026,위험성평가 실시를 위한 우선순위 결정에 관한 기술지원규정,domain_specific,risk_method,photo_unmatchable,3,WP-CC21-05,우선순위 결정,우선순위 결정,5.4.2,C-C-21-2026,present_in_base_ttl_same_guide
ci_unrelated_action_filter1,C-C-21-2026,위험성평가 실시를 위한 우선순위 결정에 관한 기술지원규정,domain_specific,risk_method,photo_unmatchable,4,WP-CC21-01,빠른 안전평가 1단계 수행,빠른 안전평가 1단계 수행,5.1,C-C-21-2026,present_in_base_ttl_same_guide
ci_unrelated_action_filter1,C-C-21-2026,위험성평가 실시를 위한 우선순위 결정에 관한 기술지원규정,domain_specific,risk_method,photo_unmatchable,5,WP-CC21-03,위험 분류 평가,위험 분류 평가,5.2,C-C-21-2026,present_in_base_ttl_same_guide
ci_unrelated_action_filter1,C-C-22-2026,PVC 제조공정의 화재폭발 위험성평가 및 비상조치에 관한 기술지원규정,exclusive,risk_method,photo_unmatchable,1,WP-CC22-07,제품 이송(Pneumatic conveying) 및 저장공정,제품 이송(Pneumatic conveying) 및 저장공정,5.1.8,C-C-22-2026,present_in_base_ttl_same_guide
ci_unrelated_action_filter1,C-C-22-2026,PVC 제조공정의 화재폭발 위험성평가 및 비상조치에 관한 기술지원규정,exclusive,risk_method,photo_unmatchable,2,WP-CC22-06,원심분리 및 건조공정,원심분리 및 건조공정,5.1.7,C-C-22-2026,present_in_base_ttl_same_guide
ci_unrelated_action_filter1,C-C-22-2026,PVC 제조공정의 화재폭발 위험성평가 및 비상조치에 관한 기술지원규정,exclusive,risk_method,photo_unmatchable,3,WP-CC22-01,VCM 저장 및 R-VCM의 응축·저장공정,VCM 저장 및 R-VCM의 응축·저장공정,5.1.2,C-C-22-2026,present_in_base_ttl_same_guide
ci_unrelated_action_filter1,C-C-22-2026,PVC 제조공정의 화재폭발 위험성평가 및 비상조치에 관한 기술지원규정,exclusive,risk_method,photo_unmatchable,4,WP-CC22-02,용액(Solution) 준비공정,용액(Solution) 준비공정,5.1.3,C-C-22-2026,present_in_base_ttl_same_guide
ci_unrelated_action_filter1,C-C-22-2026,PVC 제조공정의 화재폭발 위험성평가 및 비상조치에 관한 기술지원규정,exclusive,risk_method,photo_unmatchable,5,WP-CC22-03,회분식 중합반응공정,회분식 중합반응공정,5.1.4,C-C-22-2026,present_in_base_ttl_same_guide
ci_unrelated_action_filter1,C-C-22-2026,PVC 제조공정의 화재폭발 위험성평가 및 비상조치에 관한 기술지원규정,exclusive,risk_method,photo_unmatchable,6,WP-CC22-04,슬러리의 탈기 및 폐수의 탈기공정,슬러리의 탈기 및 폐수의 탈기공정,5.1.5,C-C-22-2026,present_in_base_ttl_same_guide
ci_unrelated_action_filter1,C-C-22-2026,PVC 제조공정의 화재폭발 위험성평가 및 비상조치에 관한 기술지원규정,exclusive,risk_method,photo_unmatchable,7,WP-CC22-05,미반응 VCM의 회수(Recovery)공정,미반응 VCM의 회수(Recovery)공정,5.1.6,C-C-22-2026,present_in_base_ttl_same_guide
ci_unrelated_action_filter1,C-C-22-2026,PVC 제조공정의 화재폭발 위험성평가 및 비상조치에 관한 기술지원규정,exclusive,risk_method,photo_unmatchable,8,WP-CC22-08,비상전원 공급 절차,비상전원 공급 절차,7.1,C-C-22-2026,present_in_base_ttl_same_guide
ci_unrelated_action_filter1,C-C-23-2026,위험기반검사(RBI) 기법에 의한 설비의 신뢰성 향상에 관한 기술지원규정,exclusive,field_control,photo_actionable,1,WP-CC23-08,RBI 수행 전 단계 (1단계) - 시스템화,RBI 수행 전 단계 (1단계) - 시스템화,5.2.2,C-C-23-2026,present_in_base_ttl_same_guide
ci_unrelated_action_filter1,C-C-23-2026,위험기반검사(RBI) 기법에 의한 설비의 신뢰성 향상에 관한 기술지원규정,exclusive,field_control,photo_actionable,2,WP-CC23-01,위험도 산정,위험도 산정,4.1,C-C-23-2026,present_in_base_ttl_same_guide
ci_unrelated_action_filter1,C-C-23-2026,위험기반검사(RBI) 기법에 의한 설비의 신뢰성 향상에 관한 기술지원규정,exclusive,field_control,photo_actionable,3,WP-CC23-09,RBI 수행 전 단계 (1단계) - 자료 수집 및 분석,RBI 수행 전 단계 (1단계) - 자료 수집 및 분석,5.2.3,C-C-23-2026,present_in_base_ttl_same_guide
ci_unrelated_action_filter1,C-C-23-2026,위험기반검사(RBI) 기법에 의한 설비의 신뢰성 향상에 관한 기술지원규정,exclusive,field_control,photo_actionable,4,WP-CC23-19,검사계획 단계 (4단계) - 손상메커니즘 확인,검사계획 단계 (4단계) - 손상메커니즘 확인,5.5.3,C-C-23-2026,present_in_base_ttl_same_guide
ci_unrelated_action_filter1,C-C-23-2026,위험기반검사(RBI) 기법에 의한 설비의 신뢰성 향상에 관한 기술지원규정,exclusive,field_control,photo_actionable,5,WP-CC23-20,검사계획 단계 (4단계) - 검사부위 선정,검사계획 단계 (4단계) - 검사부위 선정,5.5.4,C-C-23-2026,present_in_base_ttl_same_guide
ci_unrelated_action_filter1,C-C-23-2026,위험기반검사(RBI) 기법에 의한 설비의 신뢰성 향상에 관한 기술지원규정,exclusive,field_control,photo_actionable,6,WP-CC23-21,검사계획 단계 (4단계) - 검사효율 및 검사기법 설정,검사계획 단계 (4단계) - 검사효율 및 검사기법 설정,5.5.5,C-C-23-2026,present_in_base_ttl_same_guide
ci_unrelated_action_filter1,C-C-23-2026,위험기반검사(RBI) 기법에 의한 설비의 신뢰성 향상에 관한 기술지원규정,exclusive,field_control,photo_actionable,7,WP-CC23-47,부식지도 작성,부식지도 작성,6,C-C-23-2026,present_in_base_ttl_same_guide
ci_unrelated_action_filter1,C-C-23-2026,위험기반검사(RBI) 기법에 의한 설비의 신뢰성 향상에 관한 기술지원규정,exclusive,field_control,photo_actionable,8,WP-CC23-04,검사계획 수립,검사계획 수립,4,C-C-23-2026,present_in_base_ttl_same_guide
ci_unrelated_action_filter1,C-C-24-2026,공정안전문화 향상에 관한 기술지원규정,domain_specific,measurement_analysis,photo_unmatchable,1,WP-CC24-14,안전문화 훈련 제공,안전문화 훈련 제공,7.1.1,C-C-24-2026,present_in_base_ttl_same_guide
ci_unrelated_action_filter1,C-C-24-2026,공정안전문화 향상에 관한 기술지원규정,domain_specific,measurement_analysis,photo_unmatchable,2,WP-CC24-15,경영층 지원 및 리더십 변화,경영층 지원 및 리더십 변화,7.1.2,C-C-24-2026,present_in_base_ttl_same_guide
ci_unrelated_action_filter1,C-C-24-2026,공정안전문화 향상에 관한 기술지원규정,domain_specific,measurement_analysis,photo_unmatchable,3,WP-CC24-19,주기적 감사 및 모니터링,주기적 감사 및 모니터링,7.3.1,C-C-24-2026,present_in_base_ttl_same_guide
ci_unrelated_action_filter1,C-C-24-2026,공정안전문화 향상에 관한 기술지원규정,domain_specific,measurement_analysis,photo_unmatchable,4,WP-CC24-20,경영자 검토 및 근원적 문제점 파악,경영자 검토 및 근원적 문제점 파악,7.3.3,C-C-24-2026,present_in_base_ttl_same_guide
ci_unrelated_action_filter1,C-C-25-2026,회분식공정의 인적오류 사고 방지에 관한 기술지원규정,domain_specific,field_control,photo_actionable,1,WP-CC25-04,적하 작업,적하 작업,6.2,C-C-25-2026,present_in_base_ttl_same_guide
ci_unrelated_action_filter1,C-C-25-2026,회분식공정의 인적오류 사고 방지에 관한 기술지원규정,domain_specific,field_control,photo_actionable,2,WP-CC25-03,원료 투입,원료 투입,6.1,C-C-25-2026,present_in_base_ttl_same_guide
ci_unrelated_action_filter1,C-C-25-2026,회분식공정의 인적오류 사고 방지에 관한 기술지원규정,domain_specific,field_control,photo_actionable,3,WP-CC25-05,시료 채취 작업,시료 채취 작업,6.3,C-C-25-2026,present_in_base_ttl_same_guide
ci_unrelated_action_filter1,C-C-25-2026,회분식공정의 인적오류 사고 방지에 관한 기술지원규정,domain_specific,field_control,photo_actionable,4,WP-CC25-08,환류(증류) 조작,환류(증류) 조작,6.5.6,C-C-25-2026,present_in_base_ttl_same_guide
ci_unrelated_action_filter1,C-C-26-2026,연료가스 배관의 사용전 작업의 위험관리에 관한 기술지원규정,exclusive,field_control,photo_actionable,1,WP-CC26-05,가스 블로우 작업(실내 배출 시),가스 블로우 작업(실내 배출 시),5.2,C-C-26-2026,present_in_base_ttl_same_guide
ci_unrelated_action_filter1,C-C-26-2026,연료가스 배관의 사용전 작업의 위험관리에 관한 기술지원규정,exclusive,field_control,photo_actionable,2,WP-CC26-02,배관 세척(블로잉),배관 세척(블로잉),5.1,C-C-26-2026,present_in_base_ttl_same_guide
ci_unrelated_action_filter1,C-C-26-2026,연료가스 배관의 사용전 작업의 위험관리에 관한 기술지원규정,exclusive,field_control,photo_actionable,3,WP-CC26-03,피지(불활성가스 치환),피지(불활성가스 치환),5.1,C-C-26-2026,present_in_base_ttl_same_guide
ci_unrelated_action_filter1,C-C-26-2026,연료가스 배관의 사용전 작업의 위험관리에 관한 기술지원규정,exclusive,field_control,photo_actionable,4,WP-CC26-01,기밀 및 압력시험,기밀 및 압력시험,5.1,C-C-26-2026,present_in_base_ttl_same_guide
ci_unrelated_action_filter1,C-C-27-2026,공정안전 성과지표 작성에 관한 기술지원규정,domain_specific,measurement_analysis,photo_unmatchable,1,WP-CC27-05,5단계: 데이터 수집 및 보고 자료 준비,5단계: 데이터 수집 및 보고 자료 준비,5.6,C-C-27-2026,present_in_base_ttl_same_guide
ci_unrelated_action_filter1,C-C-28-2026,산화성 액체 및 고체의 안전관리에 관한 기술지원규정,exclusive,field_control,photo_actionable,1,WP-CC28-04,저장시설 배치 및 혼재 방지 관리,저장시설 배치 및 혼재 방지 관리,5.4,C-C-28-2026,present_in_base_ttl_same_guide
ci_unrelated_action_filter1,C-C-28-2026,산화성 액체 및 고체의 안전관리에 관한 기술지원규정,exclusive,field_control,photo_actionable,2,WP-CC28-01,산화제 저장 준비 및 물질 식별,산화제 저장 준비 및 물질 식별,5.2,C-C-28-2026,present_in_base_ttl_same_guide
ci_unrelated_action_filter1,C-C-28-2026,산화성 액체 및 고체의 안전관리에 관한 기술지원규정,exclusive,field_control,photo_actionable,3,WP-CC28-02,산화성 액체 저장 및 취급,산화성 액체 저장 및 취급,5.1.1,C-C-28-2026,present_in_base_ttl_same_guide
ci_unrelated_action_filter1,C-C-28-2026,산화성 액체 및 고체의 안전관리에 관한 기술지원규정,exclusive,field_control,photo_actionable,4,WP-CC28-03,산화성 고체 저장 및 취급,산화성 고체 저장 및 취급,5.1.2,C-C-28-2026,present_in_base_ttl_same_guide
ci_unrelated_action_filter1,C-C-28-2026,산화성 액체 및 고체의 안전관리에 관한 기술지원규정,exclusive,field_control,photo_actionable,5,WP-CC28-07,소방설비 설치 및 유지관리,소방설비 설치 및 유지관리,6.5,C-C-28-2026,present_in_base_ttl_same_guide
ci_unrelated_action_filter1,C-C-28-2026,산화성 액체 및 고체의 안전관리에 관한 기술지원규정,exclusive,field_control,photo_actionable,6,WP-CC28-08,폐기물 처리 및 누출 대응,폐기물 처리 및 누출 대응,7,C-C-28-2026,present_in_base_ttl_same_guide
ci_unrelated_action_filter1,C-C-29-2026,경고표지를 이용한 화학물질 관리에 관한 기술지원규정,domain_specific,measurement_analysis,photo_actionable,1,WP-CC29-03,유출방지 및 관리,유출방지 및 관리,7.1,C-C-29-2026,present_in_base_ttl_same_guide
ci_unrelated_action_filter1,C-C-29-2026,경고표지를 이용한 화학물질 관리에 관한 기술지원규정,domain_specific,measurement_analysis,photo_actionable,2,WP-CC29-05,작업환경 측정,작업환경 측정,7.1,C-C-29-2026,present_in_base_ttl_same_guide
ci_unrelated_action_filter1,C-C-29-2026,경고표지를 이용한 화학물질 관리에 관한 기술지원규정,domain_specific,measurement_analysis,photo_actionable,3,WP-CC29-01,위험성 평가,위험성 평가,7.1,C-C-29-2026,present_in_base_ttl_same_guide
ci_unrelated_action_filter1,C-C-29-2026,경고표지를 이용한 화학물질 관리에 관한 기술지원규정,domain_specific,measurement_analysis,photo_actionable,4,WP-CC29-02,예방조치 결정,예방조치 결정,7.1,C-C-29-2026,present_in_base_ttl_same_guide
ci_unrelated_action_filter1,C-C-29-2026,경고표지를 이용한 화학물질 관리에 관한 기술지원규정,domain_specific,measurement_analysis,photo_actionable,5,WP-CC29-06,작업자 교육 및 훈련,작업자 교육 및 훈련,7.1,C-C-29-2026,present_in_base_ttl_same_guide
ci_unrelated_action_filter1,C-C-3-2025,물반응성 물질 및 인화성고체의 취급저장에 관한 기술지원규정,exclusive,field_control,photo_actionable,1,WP-CC3-26,알칼리금속류 화재 소화,알칼리금속류 화재 소화,6,C-C-3-2025,present_in_base_ttl_same_guide
ci_unrelated_action_filter1,C-C-3-2025,물반응성 물질 및 인화성고체의 취급저장에 관한 기술지원규정,exclusive,field_control,photo_actionable,2,WP-CC3-01,물반응성 물질 일반 저장·취급,물반응성 물질 일반 저장·취급,5.1,C-C-3-2025,present_in_base_ttl_same_guide
ci_unrelated_action_filter1,C-C-3-2025,물반응성 물질 및 인화성고체의 취급저장에 관한 기술지원규정,exclusive,field_control,photo_actionable,3,WP-CC3-03,나트륨 및 칼륨 취급·저장,나트륨 및 칼륨 취급·저장,5.3,C-C-3-2025,present_in_base_ttl_same_guide
ci_unrelated_action_filter1,C-C-3-2025,물반응성 물질 및 인화성고체의 취급저장에 관한 기술지원규정,exclusive,field_control,photo_actionable,4,WP-CC3-02,리튬 저장·취급,리튬 저장·취급,5.2,C-C-3-2025,present_in_base_ttl_same_guide
ci_unrelated_action_filter1,C-C-3-2025,물반응성 물질 및 인화성고체의 취급저장에 관한 기술지원규정,exclusive,field_control,photo_actionable,5,WP-CC3-27,알칼리토금속류 및 알루미늄 화재 소화,알칼리토금속류 및 알루미늄 화재 소화,6,C-C-3-2025,present_in_base_ttl_same_guide
ci_unrelated_action_filter1,C-C-3-2025,물반응성 물질 및 인화성고체의 취급저장에 관한 기술지원규정,exclusive,field_control,photo_actionable,6,WP-CC3-29,인화성 고체 저장·취급,인화성 고체 저장·취급,8,C-C-3-2025,present_in_base_ttl_same_guide
ci_unrelated_action_filter1,C-C-3-2025,물반응성 물질 및 인화성고체의 취급저장에 관한 기술지원규정,exclusive,field_control,photo_actionable,7,WP-CC3-30,인화성 고체 화재 소화,인화성 고체 화재 소화,9,C-C-3-2025,present_in_base_ttl_same_guide
ci_unrelated_action_filter1,C-C-30-2026,폭주반응 예방을 위한 열적 위험성평가에 관한 기술지원규정,exclusive,risk_method,photo_unmatchable,1,WP-CC30-06,기술적 예방조치 및 비상시 조치 설계,기술적 예방조치 및 비상시 조치 설계,6.2,C-C-30-2026,present_in_base_ttl_same_guide
ci_unrelated_action_filter1,C-C-30-2026,폭주반응 예방을 위한 열적 위험성평가에 관한 기술지원규정,exclusive,risk_method,photo_unmatchable,2,WP-CC30-04,열적위험성 평가 수행,열적위험성 평가 수행,5.3,C-C-30-2026,present_in_base_ttl_same_guide
ci_unrelated_action_filter1,C-C-30-2026,폭주반응 예방을 위한 열적 위험성평가에 관한 기술지원규정,exclusive,risk_method,photo_unmatchable,3,WP-CC30-05,폭주반응 제거 조치 적용,폭주반응 제거 조치 적용,6.1,C-C-30-2026,present_in_base_ttl_same_guide
ci_unrelated_action_filter1,C-C-31-2026,화학공정 설비의 운전 및 작업에 관한 안전관리 기술지원규정,exclusive,field_control,photo_actionable,1,WP-CC31-06,반응기 운전 관리,반응기 운전 관리,4.6,C-C-31-2026,present_in_base_ttl_same_guide
ci_unrelated_action_filter1,C-C-31-2026,화학공정 설비의 운전 및 작업에 관한 안전관리 기술지원규정,exclusive,field_control,photo_actionable,2,WP-CC31-08,공기압축기 운전,공기압축기 운전,4.8,C-C-31-2026,present_in_base_ttl_same_guide
ci_unrelated_action_filter1,C-C-31-2026,화학공정 설비의 운전 및 작업에 관한 안전관리 기술지원규정,exclusive,field_control,photo_actionable,3,WP-CC31-01,열교환기 조작 및 누설 관리,열교환기 조작 및 누설 관리,4.1,C-C-31-2026,present_in_base_ttl_same_guide
ci_unrelated_action_filter1,C-C-31-2026,화학공정 설비의 운전 및 작업에 관한 안전관리 기술지원규정,exclusive,field_control,photo_actionable,4,WP-CC31-02,배관 혼합위험 관리,배관 혼합위험 관리,4.2,C-C-31-2026,present_in_base_ttl_same_guide
ci_unrelated_action_filter1,C-C-31-2026,화학공정 설비의 운전 및 작업에 관한 안전관리 기술지원규정,exclusive,field_control,photo_actionable,5,WP-CC31-04,윤활유 탱크 관리,윤활유 탱크 관리,4.4,C-C-31-2026,present_in_base_ttl_same_guide
ci_unrelated_action_filter1,C-C-31-2026,화학공정 설비의 운전 및 작업에 관한 안전관리 기술지원규정,exclusive,field_control,photo_actionable,6,WP-CC31-05,감압증류 운전,감압증류 운전,4.5,C-C-31-2026,present_in_base_ttl_same_guide
ci_unrelated_action_filter1,C-C-31-2026,화학공정 설비의 운전 및 작업에 관한 안전관리 기술지원규정,exclusive,field_control,photo_actionable,7,WP-CC31-12,반응기 잔유물 제거,반응기 잔유물 제거,5.4,C-C-31-2026,present_in_base_ttl_same_guide
ci_unrelated_action_filter1,C-C-32-2026,화염방지기 설치 등에 관한 기술지원규정,exclusive,field_control,photo_actionable,1,WP-CC32-02,화염방지기 설치 위치 결정 및 설치,화염방지기 설치 위치 결정 및 설치,8,C-C-32-2026,present_in_base_ttl_same_guide
ci_unrelated_action_filter1,C-C-32-2026,화염방지기 설치 등에 관한 기술지원규정,exclusive,field_control,photo_actionable,2,WP-CC32-01,화염방지기 종류 및 폭발등급 선정,화염방지기 종류 및 폭발등급 선정,9.1,C-C-32-2026,present_in_base_ttl_same_guide
ci_unrelated_action_filter1,C-C-32-2026,화염방지기 설치 등에 관한 기술지원규정,exclusive,field_control,photo_actionable,3,WP-CC32-04,액봉식 화염방지기 액면 관리,액봉식 화염방지기 액면 관리,7.2,C-C-32-2026,present_in_base_ttl_same_guide
ci_unrelated_action_filter1,C-C-32-2026,화염방지기 설치 등에 관한 기술지원규정,exclusive,field_control,photo_actionable,4,WP-CC32-03,소염소자 정기 점검 및 청소,소염소자 정기 점검 및 청소,8,C-C-32-2026,present_in_base_ttl_same_guide
ci_unrelated_action_filter1,C-C-33-2026,건조설비 설치에 관한 기술지원규정,exclusive,field_control,photo_actionable,1,WP-CC33-01,건조설비 설계·제작,건조설비 설계·제작,5,C-C-33-2026,present_in_base_ttl_same_guide
ci_unrelated_action_filter1,C-C-33-2026,건조설비 설치에 관한 기술지원규정,exclusive,field_control,photo_actionable,2,WP-CC33-03,점화 전 가연성가스 제거,점화 전 가연성가스 제거,8,C-C-33-2026,present_in_base_ttl_same_guide
ci_unrelated_action_filter1,C-C-33-2026,건조설비 설치에 관한 기술지원규정,exclusive,field_control,photo_actionable,3,WP-CC33-02,덕트 제작·설치,덕트 제작·설치,6,C-C-33-2026,present_in_base_ttl_same_guide
ci_unrelated_action_filter1,C-C-33-2026,건조설비 설치에 관한 기술지원규정,exclusive,field_control,photo_actionable,4,WP-CC33-04,건조설비 운전 관리,건조설비 운전 관리,9,C-C-33-2026,present_in_base_ttl_same_guide
ci_unrelated_action_filter1,C-C-34-2026,사업장 소방대의 안전활동 기준에 관한 기술지원규정,domain_specific,field_control,photo_actionable,1,WP-CC34-05,진전된 화재의 옥외소화,진전된 화재의 옥외소화,5.2,C-C-34-2026,present_in_base_ttl_same_guide
ci_unrelated_action_filter1,C-C-34-2026,사업장 소방대의 안전활동 기준에 관한 기술지원규정,domain_specific,field_control,photo_actionable,2,WP-CC34-06,옥내소화활동,옥내소화활동,5.3,C-C-34-2026,present_in_base_ttl_same_guide
ci_unrelated_action_filter1,C-C-34-2026,사업장 소방대의 안전활동 기준에 관한 기술지원규정,domain_specific,field_control,photo_actionable,3,WP-CC34-04,초기소화활동,초기소화활동,5.1,C-C-34-2026,present_in_base_ttl_same_guide
ci_unrelated_action_filter1,C-C-34-2026,사업장 소방대의 안전활동 기준에 관한 기술지원규정,domain_specific,field_control,photo_actionable,4,WP-CC34-03,교육·훈련 실시,교육·훈련 실시,4.3,C-C-34-2026,present_in_base_ttl_same_guide
ci_unrelated_action_filter1,C-C-34-2026,사업장 소방대의 안전활동 기준에 관한 기술지원규정,domain_specific,field_control,photo_actionable,5,WP-CC34-07,소방장비 및 소방차 점검·정비,소방장비 및 소방차 점검·정비,4.5,C-C-34-2026,present_in_base_ttl_same_guide
ci_unrelated_action_filter1,C-C-35-2026,정유 및 석유화학 공정의 핵심성과지표 활용에 관한 기술지원규정,domain_specific,field_control,photo_actionable,1,WP-CC35-03,3급 지표 데이터 수집 및 분류,3급 지표 데이터 수집 및 분류,4.4,C-C-35-2026,present_in_base_ttl_same_guide
ci_unrelated_action_filter1,C-C-35-2026,정유 및 석유화학 공정의 핵심성과지표 활용에 관한 기술지원규정,domain_specific,field_control,photo_actionable,2,WP-CC35-04,4급 지표 평가,4급 지표 평가,4.5,C-C-35-2026,present_in_base_ttl_same_guide
ci_unrelated_action_filter1,C-C-35-2026,정유 및 석유화학 공정의 핵심성과지표 활용에 관한 기술지원규정,domain_specific,field_control,photo_actionable,3,WP-CC35-05,공정안전 성과지표 데이터 수집,공정안전 성과지표 데이터 수집,5.2,C-C-35-2026,present_in_base_ttl_same_guide
ci_unrelated_action_filter1,C-C-35-2026,정유 및 석유화학 공정의 핵심성과지표 활용에 관한 기술지원규정,domain_specific,field_control,photo_actionable,4,WP-CC35-06,공정안전 성과지표 위원회 운영,공정안전 성과지표 위원회 운영,5.3,C-C-35-2026,present_in_base_ttl_same_guide
ci_unrelated_action_filter1,C-C-35-2026,정유 및 석유화학 공정의 핵심성과지표 활용에 관한 기술지원규정,domain_specific,field_control,photo_actionable,5,WP-CC35-07,공정안전 성과지표 요소 개발 및 수정,공정안전 성과지표 요소 개발 및 수정,5.4,C-C-35-2026,present_in_base_ttl_same_guide
ci_unrelated_action_filter1,C-C-35-2026,정유 및 석유화학 공정의 핵심성과지표 활용에 관한 기술지원규정,domain_specific,field_control,photo_actionable,6,WP-CC35-01,1급 지표 판정,1급 지표 판정,4.2,C-C-35-2026,present_in_base_ttl_same_guide
ci_unrelated_action_filter1,C-C-35-2026,정유 및 석유화학 공정의 핵심성과지표 활용에 관한 기술지원규정,domain_specific,field_control,photo_actionable,7,WP-CC35-02,2급 지표 판정,2급 지표 판정,4.3,C-C-35-2026,present_in_base_ttl_same_guide
ci_unrelated_action_filter1,C-C-36-2026,위험성평가에서의 체크리스트(Checklist) 기법에 관한 기술지원규정,domain_specific,measurement_analysis,photo_unmatchable,1,WP-CC36-04,체크리스트 평가 및 기록,체크리스트 평가 및 기록,체크리스트의 평가 및 기록,C-C-36-2026,present_in_base_ttl_same_guide
ci_unrelated_action_filter1,C-C-36-2026,위험성평가에서의 체크리스트(Checklist) 기법에 관한 기술지원규정,domain_specific,measurement_analysis,photo_unmatchable,2,WP-CC36-03,평가기준 작성,평가기준 작성,평가기준 작성,C-C-36-2026,present_in_base_ttl_same_guide
ci_unrelated_action_filter1,C-C-36-2026,위험성평가에서의 체크리스트(Checklist) 기법에 관한 기술지원규정,domain_specific,measurement_analysis,photo_unmatchable,3,WP-CC36-06,조치계획 수립,조치계획 수립,위험성평가 결과 조치계획 작성,C-C-36-2026,present_in_base_ttl_same_guide
ci_unrelated_action_filter1,C-C-36-2026,위험성평가에서의 체크리스트(Checklist) 기법에 관한 기술지원규정,domain_specific,measurement_analysis,photo_unmatchable,4,WP-CC36-01,위험성평가 팀 구성,위험성평가 팀 구성,위험성평가 팀 구성,C-C-36-2026,present_in_base_ttl_same_guide
ci_unrelated_action_filter1,C-C-36-2026,위험성평가에서의 체크리스트(Checklist) 기법에 관한 기술지원규정,domain_specific,measurement_analysis,photo_unmatchable,5,WP-CC36-02,자료수집,자료수집,자료수집,C-C-36-2026,present_in_base_ttl_same_guide
ci_unrelated_action_filter1,C-C-37-2026,연속공정의 위험과 운전분석(HAZOP) 기법에 관한 기술지원규정,domain_specific,measurement_analysis,photo_unmatchable,1,WP-CC37-14,위험성평가 실시,위험성평가 실시,6.3,C-C-37-2026,present_in_base_ttl_same_guide
ci_unrelated_action_filter1,C-C-37-2026,연속공정의 위험과 운전분석(HAZOP) 기법에 관한 기술지원규정,domain_specific,measurement_analysis,photo_unmatchable,2,WP-CC37-04,위험성평가 회의 진행,위험성평가 회의 진행,5.4,C-C-37-2026,present_in_base_ttl_same_guide
ci_unrelated_action_filter1,C-C-37-2026,연속공정의 위험과 운전분석(HAZOP) 기법에 관한 기술지원규정,domain_specific,measurement_analysis,photo_unmatchable,3,WP-CC37-13,검토구간 선정 및 관련정보 작성,검토구간 선정 및 관련정보 작성,6.2,C-C-37-2026,present_in_base_ttl_same_guide
ci_unrelated_action_filter1,C-C-37-2026,연속공정의 위험과 운전분석(HAZOP) 기법에 관한 기술지원규정,domain_specific,measurement_analysis,photo_unmatchable,4,WP-CC37-15,위험성평가 결과 기록지 작성,위험성평가 결과 기록지 작성,6.4,C-C-37-2026,present_in_base_ttl_same_guide
ci_unrelated_action_filter1,C-C-37-2026,연속공정의 위험과 운전분석(HAZOP) 기법에 관한 기술지원규정,domain_specific,measurement_analysis,photo_unmatchable,5,WP-CC37-17,개선권고사항 작성,개선권고사항 작성,6.6,C-C-37-2026,present_in_base_ttl_same_guide
ci_unrelated_action_filter1,C-C-37-2026,연속공정의 위험과 운전분석(HAZOP) 기법에 관한 기술지원규정,domain_specific,measurement_analysis,photo_unmatchable,6,WP-CC37-27,개선권고사항 후속조치,개선권고사항 후속조치,8,C-C-37-2026,present_in_base_ttl_same_guide
ci_unrelated_action_filter1,C-C-38-2026,사고예상질문분석(WHAT-IF)에 관한 기술지원규정,domain_specific,measurement_analysis,photo_unmatchable,1,WP-CC38-06,조치계획 작성 및 후속조치,조치계획 작성 및 후속조치,10,C-C-38-2026,present_in_base_ttl_same_guide
ci_unrelated_action_filter1,C-C-38-2026,사고예상질문분석(WHAT-IF)에 관한 기술지원규정,domain_specific,measurement_analysis,photo_unmatchable,2,WP-CC38-02,서류검토 및 현장확인,서류검토 및 현장확인,8,C-C-38-2026,present_in_base_ttl_same_guide
ci_unrelated_action_filter1,C-C-38-2026,사고예상질문분석(WHAT-IF)에 관한 기술지원규정,domain_specific,measurement_analysis,photo_unmatchable,3,WP-CC38-03,검토구간(Node) 설정,검토구간(Node) 설정,7,C-C-38-2026,present_in_base_ttl_same_guide
ci_unrelated_action_filter1,C-C-38-2026,사고예상질문분석(WHAT-IF)에 관한 기술지원규정,domain_specific,measurement_analysis,photo_unmatchable,4,WP-CC38-04,사고예상질문과 답변을 통한 위험성평가 실시,사고예상질문과 답변을 통한 위험성평가 실시,8,C-C-38-2026,present_in_base_ttl_same_guide
ci_unrelated_action_filter1,C-C-38-2026,사고예상질문분석(WHAT-IF)에 관한 기술지원규정,domain_specific,measurement_analysis,photo_unmatchable,5,WP-CC38-05,공정정보리스트·도면목록 작성 및 평가결과 기입,공정정보리스트·도면목록 작성 및 평가결과 기입,8,C-C-38-2026,present_in_base_ttl_same_guide
ci_unrelated_action_filter1,C-C-39-2026,결함수 분석 기법에 관한 기술지원규정,domain_specific,measurement_analysis,photo_unmatchable,1,WP-CC39-04,정량화,정량화,9.3.3,C-C-39-2026,present_in_base_ttl_same_guide
ci_unrelated_action_filter1,C-C-39-2026,결함수 분석 기법에 관한 기술지원규정,domain_specific,measurement_analysis,photo_unmatchable,2,WP-CC39-03,결함수 분석 수행,결함수 분석 수행,9.1,C-C-39-2026,present_in_base_ttl_same_guide
ci_unrelated_action_filter1,C-C-39-2026,결함수 분석 기법에 관한 기술지원규정,domain_specific,measurement_analysis,photo_unmatchable,3,WP-CC39-07,후속조치 및 감사,후속조치 및 감사,10.2,C-C-39-2026,present_in_base_ttl_same_guide
ci_unrelated_action_filter1,C-C-39-2026,결함수 분석 기법에 관한 기술지원규정,domain_specific,measurement_analysis,photo_unmatchable,4,WP-CC39-01,팀 구성,팀 구성,7,C-C-39-2026,present_in_base_ttl_same_guide
ci_unrelated_action_filter1,C-C-39-2026,결함수 분석 기법에 관한 기술지원규정,domain_specific,measurement_analysis,photo_unmatchable,5,WP-CC39-02,필요 자료 수집,필요 자료 수집,8,C-C-39-2026,present_in_base_ttl_same_guide
ci_unrelated_action_filter1,C-C-39-2026,결함수 분석 기법에 관한 기술지원규정,domain_specific,measurement_analysis,photo_unmatchable,6,WP-CC39-06,보고서 작성 및 문서화,보고서 작성 및 문서화,10.1,C-C-39-2026,present_in_base_ttl_same_guide
ci_unrelated_action_filter1,C-C-4-2025,산화에틸렌 등의 취급설비의 안전에 관한 기술지원규정,exclusive,field_control,photo_actionable,1,WP-CC4-06,산화에틸렌 저장탱크 설치 및 위치 선정,산화에틸렌 저장탱크 설치 및 위치 선정,4.3.1.1,C-C-4-2025,present_in_base_ttl_same_guide
ci_unrelated_action_filter1,C-C-4-2025,산화에틸렌 등의 취급설비의 안전에 관한 기술지원규정,exclusive,field_control,photo_actionable,2,WP-CC4-16,고정식 살균설비 운전 및 방호,고정식 살균설비 운전 및 방호,4.5.2.2,C-C-4-2025,present_in_base_ttl_same_guide
ci_unrelated_action_filter1,C-C-4-2025,산화에틸렌 등의 취급설비의 안전에 관한 기술지원규정,exclusive,field_control,photo_actionable,3,WP-CC4-07,저장탱크 블랭킷 및 온도 관리,저장탱크 블랭킷 및 온도 관리,4.4.1.3,C-C-4-2025,present_in_base_ttl_same_guide
ci_unrelated_action_filter1,C-C-4-2025,산화에틸렌 등의 취급설비의 안전에 관한 기술지원규정,exclusive,field_control,photo_actionable,4,WP-CC4-10,기화기 설치 및 운전,기화기 설치 및 운전,4.4.2.3,C-C-4-2025,present_in_base_ttl_same_guide
ci_unrelated_action_filter1,C-C-4-2025,산화에틸렌 등의 취급설비의 안전에 관한 기술지원규정,exclusive,field_control,photo_actionable,5,WP-CC4-12,산화에틸렌 배관 설치 및 관리,산화에틸렌 배관 설치 및 관리,4.4.2.5,C-C-4-2025,present_in_base_ttl_same_guide
ci_unrelated_action_filter1,C-C-4-2025,산화에틸렌 등의 취급설비의 안전에 관한 기술지원규정,exclusive,field_control,photo_actionable,6,WP-CC4-13,산화에틸렌 펌프 설치 및 운전,산화에틸렌 펌프 설치 및 운전,4.4.2.6,C-C-4-2025,present_in_base_ttl_same_guide
ci_unrelated_action_filter1,C-C-4-2025,산화에틸렌 등의 취급설비의 안전에 관한 기술지원규정,exclusive,field_control,photo_actionable,7,WP-CC4-15,고정식 살균설비 설치,고정식 살균설비 설치,4.5.2.1,C-C-4-2025,present_in_base_ttl_same_guide
ci_unrelated_action_filter1,C-C-4-2025,산화에틸렌 등의 취급설비의 안전에 관한 기술지원규정,exclusive,field_control,photo_actionable,8,WP-CC4-17,이동식 살균설비 설치 및 운전,이동식 살균설비 설치 및 운전,4.5.2.3,C-C-4-2025,present_in_base_ttl_same_guide
ci_unrelated_action_filter1,C-C-40-2026,이상위험도 분석기법에 관한 기술지원규정,domain_specific,measurement_analysis,photo_unmatchable,1,WP-CC40-02,자료 준비,자료 준비,5.2,C-C-40-2026,present_in_base_ttl_same_guide
ci_unrelated_action_filter1,C-C-40-2026,이상위험도 분석기법에 관한 기술지원규정,domain_specific,measurement_analysis,photo_unmatchable,2,WP-CC40-04,고장형태에 따른 영향분석 (FMEA),고장형태에 따른 영향분석 (FMEA),6.2,C-C-40-2026,present_in_base_ttl_same_guide
ci_unrelated_action_filter1,C-C-40-2026,이상위험도 분석기법에 관한 기술지원규정,domain_specific,measurement_analysis,photo_unmatchable,3,WP-CC40-05,치명도 분석 (CA),치명도 분석 (CA),6.3,C-C-40-2026,present_in_base_ttl_same_guide
ci_unrelated_action_filter1,C-C-40-2026,이상위험도 분석기법에 관한 기술지원규정,domain_specific,measurement_analysis,photo_unmatchable,4,WP-CC40-06,이상위험도 분석보고서 작성,이상위험도 분석보고서 작성,7,C-C-40-2026,present_in_base_ttl_same_guide
ci_unrelated_action_filter1,C-C-41-2026,회분식 공정에 대한 위험과 운전분석(HAZOP) 기법에 관한 기술지원규정,domain_specific,measurement_analysis,photo_unmatchable,1,WP-CC41-18,위험성평가 진행,위험성평가 진행,7.5,C-C-41-2026,present_in_base_ttl_same_guide
ci_unrelated_action_filter1,C-C-41-2026,회분식 공정에 대한 위험과 운전분석(HAZOP) 기법에 관한 기술지원규정,domain_specific,measurement_analysis,photo_unmatchable,2,WP-CC41-16,설비운전상태 조합표 작성,설비운전상태 조합표 작성,7.3,C-C-41-2026,present_in_base_ttl_same_guide
ci_unrelated_action_filter1,C-C-41-2026,회분식 공정에 대한 위험과 운전분석(HAZOP) 기법에 관한 기술지원규정,domain_specific,measurement_analysis,photo_unmatchable,3,WP-CC41-17,단계·검토구간 조합표 작성,단계·검토구간 조합표 작성,7.4,C-C-41-2026,present_in_base_ttl_same_guide
ci_unrelated_action_filter1,C-C-41-2026,회분식 공정에 대한 위험과 운전분석(HAZOP) 기법에 관한 기술지원규정,domain_specific,measurement_analysis,photo_unmatchable,4,WP-CC41-38,원료 A 투입,원료 A 투입,부록,C-C-41-2026,present_in_base_ttl_same_guide
ci_unrelated_action_filter1,C-C-41-2026,회분식 공정에 대한 위험과 운전분석(HAZOP) 기법에 관한 기술지원규정,domain_specific,measurement_analysis,photo_unmatchable,5,WP-CC41-45,단계·검토구간 조합표 작성,단계·검토구간 조합표 작성,부록,C-C-41-2026,present_in_base_ttl_same_guide
ci_unrelated_action_filter1,C-C-41-2026,회분식 공정에 대한 위험과 운전분석(HAZOP) 기법에 관한 기술지원규정,domain_specific,measurement_analysis,photo_unmatchable,6,WP-CC41-46,이탈의 행렬표 작성,이탈의 행렬표 작성,부록,C-C-41-2026,present_in_base_ttl_same_guide
ci_unrelated_action_filter1,C-C-42-2026,사건수 분석 기법에 관한 기술지원규정,domain_specific,measurement_analysis,photo_unmatchable,1,WP-CC42-04,사고결과의 확인,사고결과의 확인,8,C-C-42-2026,present_in_base_ttl_same_guide
ci_unrelated_action_filter1,C-C-42-2026,사건수 분석 기법에 관한 기술지원규정,domain_specific,measurement_analysis,photo_unmatchable,2,WP-CC42-06,결과의 문서화,결과의 문서화,8,C-C-42-2026,present_in_base_ttl_same_guide
ci_unrelated_action_filter1,C-C-42-2026,사건수 분석 기법에 관한 기술지원규정,domain_specific,measurement_analysis,photo_unmatchable,3,WP-CC42-02,초기사건을 완화시킬 수 있는 안전요소 확인,초기사건을 완화시킬 수 있는 안전요소 확인,8,C-C-42-2026,present_in_base_ttl_same_guide
ci_unrelated_action_filter1,C-C-42-2026,사건수 분석 기법에 관한 기술지원규정,domain_specific,measurement_analysis,photo_unmatchable,4,WP-CC42-03,사건수 구성,사건수 구성,8,C-C-42-2026,present_in_base_ttl_same_guide
ci_unrelated_action_filter1,C-C-42-2026,사건수 분석 기법에 관한 기술지원규정,domain_specific,measurement_analysis,photo_unmatchable,5,WP-CC42-05,사고결과 상세 분석,사고결과 상세 분석,8,C-C-42-2026,present_in_base_ttl_same_guide
ci_unrelated_action_filter1,C-C-42-2026,사건수 분석 기법에 관한 기술지원규정,domain_specific,measurement_analysis,photo_unmatchable,6,WP-CC42-01,발생 가능한 초기사건의 선정,발생 가능한 초기사건의 선정,8,C-C-42-2026,present_in_base_ttl_same_guide
ci_unrelated_action_filter1,C-C-43-2026,사고피해영향 평가에 관한 기술지원규정,domain_specific,field_control,photo_actionable,1,WP-CC43-02,프로빗 계산식 선정 및 프로빗 값 계산,프로빗 계산식 선정 및 프로빗 값 계산,5.2,C-C-43-2026,present_in_base_ttl_same_guide
ci_unrelated_action_filter1,C-C-43-2026,사고피해영향 평가에 관한 기술지원규정,domain_specific,field_control,photo_actionable,2,WP-CC43-01,피해예측,피해예측,5.1,C-C-43-2026,present_in_base_ttl_same_guide
ci_unrelated_action_filter1,C-C-43-2026,사고피해영향 평가에 관한 기술지원규정,domain_specific,field_control,photo_actionable,3,WP-CC43-03,화재시 피해영향 산정,화재시 피해영향 산정,6,C-C-43-2026,present_in_base_ttl_same_guide
ci_unrelated_action_filter1,C-C-43-2026,사고피해영향 평가에 관한 기술지원규정,domain_specific,field_control,photo_actionable,4,WP-CC43-04,폭발시 영향 산정,폭발시 영향 산정,7,C-C-43-2026,present_in_base_ttl_same_guide
ci_unrelated_action_filter1,C-C-43-2026,사고피해영향 평가에 관한 기술지원규정,domain_specific,field_control,photo_actionable,5,WP-CC43-05,독성물질 누출시 영향 산정,독성물질 누출시 영향 산정,8,C-C-43-2026,present_in_base_ttl_same_guide
ci_unrelated_action_filter1,C-C-43-2026,사고피해영향 평가에 관한 기술지원규정,domain_specific,field_control,photo_actionable,6,WP-CC43-06,프로빗 값 백분율 환산 및 결과 해석,프로빗 값 백분율 환산 및 결과 해석,5.2,C-C-43-2026,present_in_base_ttl_same_guide
ci_unrelated_action_filter1,C-C-44-2026,회분식 공정의 안전운전에 관한 기술지원규정,exclusive,field_control,photo_actionable,1,WP-CC44-06,분쇄 작업,분쇄 작업,12,C-C-44-2026,present_in_base_ttl_same_guide
ci_unrelated_action_filter1,C-C-44-2026,회분식 공정의 안전운전에 관한 기술지원규정,exclusive,field_control,photo_actionable,2,WP-CC44-02,원료 반입·반출 및 저장,원료 반입·반출 및 저장,8.2,C-C-44-2026,present_in_base_ttl_same_guide
ci_unrelated_action_filter1,C-C-44-2026,회분식 공정의 안전운전에 관한 기술지원규정,exclusive,field_control,photo_actionable,3,WP-CC44-03,화학반응 작업,화학반응 작업,9.2,C-C-44-2026,present_in_base_ttl_same_guide
ci_unrelated_action_filter1,C-C-44-2026,회분식 공정의 안전운전에 관한 기술지원규정,exclusive,field_control,photo_actionable,4,WP-CC44-04,증류 작업,증류 작업,10.2,C-C-44-2026,present_in_base_ttl_same_guide
ci_unrelated_action_filter1,C-C-44-2026,회분식 공정의 안전운전에 관한 기술지원규정,exclusive,field_control,photo_actionable,5,WP-CC44-05,건조 작업,건조 작업,11.3,C-C-44-2026,present_in_base_ttl_same_guide
ci_unrelated_action_filter1,C-C-45-2026,작업자 실수분석 기법에 관한 기술지원규정,domain_specific,measurement_analysis,photo_unmatchable,1,WP-CC45-01,평가팀 구성 및 자료 수집,평가팀 구성 및 자료 수집,5,C-C-45-2026,present_in_base_ttl_same_guide
ci_unrelated_action_filter1,C-C-45-2026,작업자 실수분석 기법에 관한 기술지원규정,domain_specific,measurement_analysis,photo_unmatchable,2,WP-CC45-04,실수인자관리 평가,실수인자관리 평가,6.4,C-C-45-2026,present_in_base_ttl_same_guide
ci_unrelated_action_filter1,C-C-45-2026,작업자 실수분석 기법에 관한 기술지원규정,domain_specific,measurement_analysis,photo_unmatchable,3,WP-CC45-26,공정 준비,공정 준비,부록.4,C-C-45-2026,present_in_base_ttl_same_guide
ci_unrelated_action_filter1,C-C-45-2026,작업자 실수분석 기법에 관한 기술지원규정,domain_specific,measurement_analysis,photo_unmatchable,4,WP-CC45-28,탱커를 공정에 연결,탱커를 공정에 연결,부록.4,C-C-45-2026,present_in_base_ttl_same_guide
ci_unrelated_action_filter1,C-C-45-2026,작업자 실수분석 기법에 관한 기술지원규정,domain_specific,measurement_analysis,photo_unmatchable,5,WP-CC45-29,암모니아 이송,암모니아 이송,부록.4,C-C-45-2026,present_in_base_ttl_same_guide
ci_unrelated_action_filter1,C-C-46-2026,화학물질폭로영향지수(CEI) 산정에 관한 기술지원규정,domain_specific,risk_method,photo_unmatchable,1,WP-CC46-01,CEI 산정 준비자료 확보,CEI 산정 준비자료 확보,5.1,C-C-46-2026,present_in_base_ttl_same_guide
ci_unrelated_action_filter1,C-C-46-2026,화학물질폭로영향지수(CEI) 산정에 관한 기술지원규정,domain_specific,risk_method,photo_unmatchable,2,WP-CC46-02,누출 배관/설비 선정,누출 배관/설비 선정,5.2,C-C-46-2026,present_in_base_ttl_same_guide
ci_unrelated_action_filter1,C-C-46-2026,화학물질폭로영향지수(CEI) 산정에 관한 기술지원규정,domain_specific,risk_method,photo_unmatchable,3,WP-CC46-03,ERPG-2 결정,ERPG-2 결정,7,C-C-46-2026,present_in_base_ttl_same_guide
ci_unrelated_action_filter1,C-C-46-2026,화학물질폭로영향지수(CEI) 산정에 관한 기술지원규정,domain_specific,risk_method,photo_unmatchable,4,WP-CC46-06,CEI 계산,CEI 계산,9,C-C-46-2026,present_in_base_ttl_same_guide
ci_unrelated_action_filter1,C-C-46-2026,화학물질폭로영향지수(CEI) 산정에 관한 기술지원규정,domain_specific,risk_method,photo_unmatchable,5,WP-CC46-08,CEI 요약서 작성,CEI 요약서 작성,5.2,C-C-46-2026,present_in_base_ttl_same_guide
ci_unrelated_action_filter1,C-C-46-2026,화학물질폭로영향지수(CEI) 산정에 관한 기술지원규정,domain_specific,risk_method,photo_unmatchable,6,WP-CC46-28,예비검토 작업단계,예비검토 작업단계,부록 1,C-C-46-2026,present_in_base_ttl_same_guide
ci_unrelated_action_filter1,C-C-46-2026,화학물질폭로영향지수(CEI) 산정에 관한 기술지원규정,domain_specific,risk_method,photo_unmatchable,7,WP-CC46-29,화학물질폭로영향지수 재검토 제안서 작성,화학물질폭로영향지수 재검토 제안서 작성,부록 1,C-C-46-2026,present_in_base_ttl_same_guide
ci_unrelated_action_filter1,C-C-46-2026,화학물질폭로영향지수(CEI) 산정에 관한 기술지원규정,domain_specific,risk_method,photo_unmatchable,8,WP-CC46-04,누출시나리오별 누출량 계산,누출시나리오별 누출량 계산,6,C-C-46-2026,present_in_base_ttl_same_guide
ci_unrelated_action_filter1,C-C-47-2026,누출원 모델링에 관한 기술지원규정,domain_specific,field_control,photo_actionable,1,WP-CC47-04,배관 누출량 산정,배관 누출량 산정,8,C-C-47-2026,present_in_base_ttl_same_guide
ci_unrelated_action_filter1,C-C-47-2026,누출원 모델링에 관한 기술지원규정,domain_specific,field_control,photo_actionable,2,WP-CC47-01,누출 원인 및 누출 상태 파악,누출 원인 및 누출 상태 파악,5,C-C-47-2026,present_in_base_ttl_same_guide
ci_unrelated_action_filter1,C-C-47-2026,누출원 모델링에 관한 기술지원규정,domain_specific,field_control,photo_actionable,3,WP-CC47-02,누출원 면적 산정,누출원 면적 산정,6,C-C-47-2026,present_in_base_ttl_same_guide
ci_unrelated_action_filter1,C-C-47-2026,누출원 모델링에 관한 기술지원규정,domain_specific,field_control,photo_actionable,4,WP-CC47-03,화학설비 누출량 산정,화학설비 누출량 산정,7,C-C-47-2026,present_in_base_ttl_same_guide
ci_unrelated_action_filter1,C-C-48-2026,유해위험설비의 점검·정비·유지관리에 관한 기술지원규정,domain_specific,measurement_analysis,photo_unmatchable,1,WP-CC48-01,설비 분류 및 기기 목록 작성,설비 분류 및 기기 목록 작성,5.2,C-C-48-2026,present_in_base_ttl_same_guide
ci_unrelated_action_filter1,C-C-48-2026,유해위험설비의 점검·정비·유지관리에 관한 기술지원규정,domain_specific,measurement_analysis,photo_unmatchable,2,WP-CC48-09,정비결과 보고 및 보관,정비결과 보고 및 보관,8.4,C-C-48-2026,present_in_base_ttl_same_guide
ci_unrelated_action_filter1,C-C-48-2026,유해위험설비의 점검·정비·유지관리에 관한 기술지원규정,domain_specific,measurement_analysis,photo_unmatchable,3,WP-CC48-12,기기 이력관리 및 평가,기기 이력관리 및 평가,11.2,C-C-48-2026,present_in_base_ttl_same_guide
ci_unrelated_action_filter1,C-C-48-2026,유해위험설비의 점검·정비·유지관리에 관한 기술지원규정,domain_specific,measurement_analysis,photo_unmatchable,4,WP-CC48-03,점검주기 결정,점검주기 결정,5.5,C-C-48-2026,present_in_base_ttl_same_guide
ci_unrelated_action_filter1,C-C-48-2026,유해위험설비의 점검·정비·유지관리에 관한 기술지원규정,domain_specific,measurement_analysis,photo_unmatchable,5,WP-CC48-04,점검계획 수립 및 절차서 작성,점검계획 수립 및 절차서 작성,6.1,C-C-48-2026,present_in_base_ttl_same_guide
ci_unrelated_action_filter1,C-C-48-2026,유해위험설비의 점검·정비·유지관리에 관한 기술지원규정,domain_specific,measurement_analysis,photo_unmatchable,6,WP-CC48-05,점검 실시 및 결과보고,점검 실시 및 결과보고,6.3,C-C-48-2026,present_in_base_ttl_same_guide
ci_unrelated_action_filter1,C-C-48-2026,유해위험설비의 점검·정비·유지관리에 관한 기술지원규정,domain_specific,measurement_analysis,photo_unmatchable,7,WP-CC48-07,정비계획 수립,정비계획 수립,8.2,C-C-48-2026,present_in_base_ttl_same_guide
ci_unrelated_action_filter1,C-C-48-2026,유해위험설비의 점검·정비·유지관리에 관한 기술지원규정,domain_specific,measurement_analysis,photo_unmatchable,8,WP-CC48-08,정비작업 수행,정비작업 수행,8.3,C-C-48-2026,present_in_base_ttl_same_guide
ci_unrelated_action_filter1,C-C-49-2026,안전작업허가에 관한 기술지원규정,exclusive,measurement_analysis,photo_actionable,1,WP-CC49-18,화기작업 사전 안전조치,화기작업 사전 안전조치,7.1,C-C-49-2026,present_in_base_ttl_same_guide
ci_unrelated_action_filter1,C-C-49-2026,안전작업허가에 관한 기술지원규정,exclusive,measurement_analysis,photo_actionable,2,WP-CC49-01,안전작업허가 신청,안전작업허가 신청,5.2,C-C-49-2026,present_in_base_ttl_same_guide
ci_unrelated_action_filter1,C-C-49-2026,안전작업허가에 관한 기술지원규정,exclusive,measurement_analysis,photo_actionable,3,WP-CC49-06,허가서 회수 및 보존,허가서 회수 및 보존,5.5,C-C-49-2026,present_in_base_ttl_same_guide
ci_unrelated_action_filter1,C-C-49-2026,안전작업허가에 관한 기술지원규정,exclusive,measurement_analysis,photo_actionable,4,WP-CC49-09,작업허가 전 점검,작업허가 전 점검,6.1,C-C-49-2026,present_in_base_ttl_same_guide
ci_unrelated_action_filter1,C-C-49-2026,안전작업허가에 관한 기술지원규정,exclusive,measurement_analysis,photo_actionable,5,WP-CC49-19,일반위험작업 사전 안전조치,일반위험작업 사전 안전조치,7.2,C-C-49-2026,present_in_base_ttl_same_guide
ci_unrelated_action_filter1,C-C-49-2026,안전작업허가에 관한 기술지원규정,exclusive,measurement_analysis,photo_actionable,6,WP-CC49-21,밀폐공간 출입 사전 측정 및 허가,밀폐공간 출입 사전 측정 및 허가,7.3(1),C-C-49-2026,present_in_base_ttl_same_guide
ci_unrelated_action_filter1,C-C-49-2026,안전작업허가에 관한 기술지원규정,exclusive,measurement_analysis,photo_actionable,7,WP-CC49-22,밀폐공간내 작업 수행,밀폐공간내 작업 수행,7.3(1),C-C-49-2026,present_in_base_ttl_same_guide
ci_unrelated_action_filter1,C-C-49-2026,안전작업허가에 관한 기술지원규정,exclusive,measurement_analysis,photo_actionable,8,WP-CC49-37,일반위험작업 허가 신청,일반위험작업 허가 신청,별지 양식2,C-C-49-2026,present_in_base_ttl_same_guide
ci_unrelated_action_filter1,C-C-5-2025,안전밸브 분출압력 및 시트기밀 시험에 관한 기술지원규정,exclusive,field_control,photo_actionable,1,WP-CC5-06,표준압력계에 의한 육안시험,표준압력계에 의한 육안시험,4.4,C-C-5-2025,present_in_base_ttl_same_guide
ci_unrelated_action_filter1,C-C-5-2025,안전밸브 분출압력 및 시트기밀 시험에 관한 기술지원규정,exclusive,field_control,photo_actionable,2,WP-CC5-07,기록계방식 시험장치에 의한 분출압력시험,기록계방식 시험장치에 의한 분출압력시험,4.4,C-C-5-2025,present_in_base_ttl_same_guide
ci_unrelated_action_filter1,C-C-5-2025,안전밸브 분출압력 및 시트기밀 시험에 관한 기술지원규정,exclusive,field_control,photo_actionable,3,WP-CC5-33,개방형 본넛 안전밸브 기타 공기 시험,개방형 본넛 안전밸브 기타 공기 시험,6.5,C-C-5-2025,present_in_base_ttl_same_guide
ci_unrelated_action_filter1,C-C-5-2025,안전밸브 분출압력 및 시트기밀 시험에 관한 기술지원규정,exclusive,field_control,photo_actionable,4,WP-CC5-18,가압 및 승압,가압 및 승압,5.2.1,C-C-5-2025,present_in_base_ttl_same_guide
ci_unrelated_action_filter1,C-C-5-2025,안전밸브 분출압력 및 시트기밀 시험에 관한 기술지원규정,exclusive,field_control,photo_actionable,5,WP-CC5-29,증기 시험 - 안전밸브 부착 및 시험압력 인가,증기 시험 - 안전밸브 부착 및 시험압력 인가,6.3,C-C-5-2025,present_in_base_ttl_same_guide
ci_unrelated_action_filter1,C-C-5-2025,안전밸브 분출압력 및 시트기밀 시험에 관한 기술지원규정,exclusive,field_control,photo_actionable,6,WP-CC5-31,물 시험 - 안전밸브 부착 및 시험압력 인가,물 시험 - 안전밸브 부착 및 시험압력 인가,6.4,C-C-5-2025,present_in_base_ttl_same_guide
ci_unrelated_action_filter1,C-C-5-2025,안전밸브 분출압력 및 시트기밀 시험에 관한 기술지원규정,exclusive,field_control,photo_actionable,7,WP-CC5-46,시험결과 보고서 보관,시험결과 보고서 보관,8,C-C-5-2025,present_in_base_ttl_same_guide
ci_unrelated_action_filter1,C-C-5-2025,안전밸브 분출압력 및 시트기밀 시험에 관한 기술지원규정,exclusive,field_control,photo_actionable,8,WP-CC5-16,시험대상 안전밸브 분리,시험대상 안전밸브 분리,5.1.1,C-C-5-2025,present_in_base_ttl_same_guide
ci_unrelated_action_filter1,C-C-50-2026,도급업체의 안전관리계획 작성에 관한 기술지원규정,domain_specific,management_program,photo_conditional_followup,1,WP-CC50-02,도급업무 사전 안전교육 및 정보제공,도급업무 사전 안전교육 및 정보제공,5,C-C-50-2026,present_in_base_ttl_same_guide
ci_unrelated_action_filter1,C-C-50-2026,도급업체의 안전관리계획 작성에 관한 기술지원규정,domain_specific,management_program,photo_conditional_followup,2,WP-CC50-03,도급업무 수행 중 안전관리,도급업무 수행 중 안전관리,5,C-C-50-2026,present_in_base_ttl_same_guide
ci_unrelated_action_filter1,C-C-50-2026,도급업체의 안전관리계획 작성에 관한 기술지원규정,domain_specific,management_program,photo_conditional_followup,3,WP-CC50-04,안전관리계획서 작성·승인·보존,안전관리계획서 작성·승인·보존,7,C-C-50-2026,present_in_base_ttl_same_guide
ci_unrelated_action_filter1,C-C-50-2026,도급업체의 안전관리계획 작성에 관한 기술지원규정,domain_specific,management_program,photo_conditional_followup,4,WP-CC50-01,도급업체 선정 및 평가,도급업체 선정 및 평가,5,C-C-50-2026,present_in_base_ttl_same_guide
ci_unrelated_action_filter1,C-C-51-2026,공정안전에 관한 근로자 교육훈련 기술지원규정,domain_specific,field_control,photo_actionable,1,WP-CC51-03,공정안전 교육훈련 실시,공정안전 교육훈련 실시,8.3,C-C-51-2026,present_in_base_ttl_same_guide
ci_unrelated_action_filter1,C-C-51-2026,공정안전에 관한 근로자 교육훈련 기술지원규정,domain_specific,field_control,photo_actionable,2,WP-CC51-04,수급업체 근로자 및 일용근로자 교육훈련 실시,수급업체 근로자 및 일용근로자 교육훈련 실시,8.4,C-C-51-2026,present_in_base_ttl_same_guide
ci_unrelated_action_filter1,C-C-51-2026,공정안전에 관한 근로자 교육훈련 기술지원규정,domain_specific,field_control,photo_actionable,3,WP-CC51-05,교육훈련 평가 및 사후관리,교육훈련 평가 및 사후관리,9.1,C-C-51-2026,present_in_base_ttl_same_guide
ci_unrelated_action_filter1,C-C-52-2026,가동전 안점점검에 관한 기술지원규정,domain_specific,field_control,photo_actionable,1,WP-CC52-04,점검보고서 작성,점검보고서 작성,9,C-C-52-2026,present_in_base_ttl_same_guide
ci_unrelated_action_filter1,C-C-52-2026,가동전 안점점검에 관한 기술지원규정,domain_specific,field_control,photo_actionable,2,WP-CC52-03,가동전 점검 수행,가동전 점검 수행,7,C-C-52-2026,present_in_base_ttl_same_guide
ci_unrelated_action_filter1,C-C-52-2026,가동전 안점점검에 관한 기술지원규정,domain_specific,field_control,photo_actionable,3,WP-CC52-02,점검표 작성,점검표 작성,8,C-C-52-2026,present_in_base_ttl_same_guide
ci_unrelated_action_filter1,C-C-52-2026,가동전 안점점검에 관한 기술지원규정,domain_specific,field_control,photo_actionable,4,WP-CC52-05,점검결과 처리 및 개선,점검결과 처리 및 개선,10,C-C-52-2026,present_in_base_ttl_same_guide
ci_unrelated_action_filter1,C-C-53-2026,변경요소관리에 관한 기술지원규정,domain_specific,risk_method,photo_unmatchable,1,WP-CC53-01,변경관리 분류,변경관리 분류,6.1,C-C-53-2026,present_in_base_ttl_same_guide
ci_unrelated_action_filter1,C-C-53-2026,변경요소관리에 관한 기술지원규정,domain_specific,risk_method,photo_unmatchable,2,WP-CC53-03,정상변경 관리절차,정상변경 관리절차,6.2,C-C-53-2026,present_in_base_ttl_same_guide
ci_unrelated_action_filter1,C-C-53-2026,변경요소관리에 관한 기술지원규정,domain_specific,risk_method,photo_unmatchable,3,WP-CC53-04,비상변경관리 절차,비상변경관리 절차,6.3,C-C-53-2026,present_in_base_ttl_same_guide
ci_unrelated_action_filter1,C-C-53-2026,변경요소관리에 관한 기술지원규정,domain_specific,risk_method,photo_unmatchable,4,WP-CC53-02,변경발의 전 검토,변경발의 전 검토,8,C-C-53-2026,present_in_base_ttl_same_guide
ci_unrelated_action_filter1,C-C-53-2026,변경요소관리에 관한 기술지원규정,domain_specific,risk_method,photo_unmatchable,5,WP-CC53-06,변경관리위원회 1차 검토,변경관리위원회 1차 검토,10.1,C-C-53-2026,present_in_base_ttl_same_guide
ci_unrelated_action_filter1,C-C-53-2026,변경요소관리에 관한 기술지원규정,domain_specific,risk_method,photo_unmatchable,6,WP-CC53-08,변경관리위원회 2차 검토 및 승인,변경관리위원회 2차 검토 및 승인,10.3,C-C-53-2026,present_in_base_ttl_same_guide
ci_unrelated_action_filter1,C-C-53-2026,변경요소관리에 관한 기술지원규정,domain_specific,risk_method,photo_unmatchable,7,WP-CC53-05,임시변경 관리절차,임시변경 관리절차,6.4,C-C-53-2026,present_in_base_ttl_same_guide
ci_unrelated_action_filter1,C-C-53-2026,변경요소관리에 관한 기술지원규정,domain_specific,risk_method,photo_unmatchable,8,WP-CC53-07,전문가 검토,전문가 검토,10.2,C-C-53-2026,present_in_base_ttl_same_guide
ci_unrelated_action_filter1,C-C-54-2026,공정사고 조사계획 및 시행에 관한 기술지원규정,domain_specific,field_control,photo_actionable,1,WP-CC54-04,공정사고 조사보고서 작성 및 검토,공정사고 조사보고서 작성 및 검토,5.3,C-C-54-2026,present_in_base_ttl_same_guide
ci_unrelated_action_filter1,C-C-54-2026,공정사고 조사계획 및 시행에 관한 기술지원규정,domain_specific,field_control,photo_actionable,2,WP-CC54-01,공정사고 조사팀 구성,공정사고 조사팀 구성,5.1,C-C-54-2026,present_in_base_ttl_same_guide
ci_unrelated_action_filter1,C-C-54-2026,공정사고 조사계획 및 시행에 관한 기술지원규정,domain_specific,field_control,photo_actionable,3,WP-CC54-02,현장 보존 및 증거 수집,현장 보존 및 증거 수집,5.2,C-C-54-2026,present_in_base_ttl_same_guide
ci_unrelated_action_filter1,C-C-54-2026,공정사고 조사계획 및 시행에 관한 기술지원규정,domain_specific,field_control,photo_actionable,4,WP-CC54-05,사후조치 및 재발방지대책 시행,사후조치 및 재발방지대책 시행,5.4,C-C-54-2026,present_in_base_ttl_same_guide
ci_unrelated_action_filter1,C-C-54-2026,공정사고 조사계획 및 시행에 관한 기술지원규정,domain_specific,field_control,photo_actionable,5,WP-CC54-06,아차사고 관리 및 보고,아차사고 관리 및 보고,6.1,C-C-54-2026,present_in_base_ttl_same_guide
ci_unrelated_action_filter1,C-C-55-2026,비상조치계획 수립에 관한 기술지원규정,exclusive,field_control,photo_actionable,1,WP-CC55-03,비상조치계획 수립 및 검토,비상조치계획 수립 및 검토,6,C-C-55-2026,present_in_base_ttl_same_guide
ci_unrelated_action_filter1,C-C-55-2026,비상조치계획 수립에 관한 기술지원규정,exclusive,field_control,photo_actionable,2,WP-CC55-05,비상대피 실시,비상대피 실시,10.5,C-C-55-2026,present_in_base_ttl_same_guide
ci_unrelated_action_filter1,C-C-55-2026,비상조치계획 수립에 관한 기술지원규정,exclusive,field_control,photo_actionable,3,WP-CC55-06,비상사태 대응 및 통제,비상사태 대응 및 통제,14,C-C-55-2026,present_in_base_ttl_same_guide
ci_unrelated_action_filter1,C-C-56-2026,사고피해예측 기법에 관한 기술지원규정,domain_specific,field_control,photo_actionable,1,WP-CC56-03,확산 모델,확산 모델,4.3,C-C-56-2026,present_in_base_ttl_same_guide
ci_unrelated_action_filter1,C-C-56-2026,사고피해예측 기법에 관한 기술지원규정,domain_specific,field_control,photo_actionable,2,WP-CC56-12,피해예측 보고서 작성,피해예측 보고서 작성,8,C-C-56-2026,present_in_base_ttl_same_guide
ci_unrelated_action_filter1,C-C-56-2026,사고피해예측 기법에 관한 기술지원규정,domain_specific,field_control,photo_actionable,3,WP-CC56-47,BLEVE/화구 피해요인 분석,BLEVE/화구 피해요인 분석,부록 5.2,C-C-56-2026,present_in_base_ttl_same_guide
ci_unrelated_action_filter1,C-C-56-2026,사고피해예측 기법에 관한 기술지원규정,domain_specific,field_control,photo_actionable,4,WP-CC56-02,누출 모델 작성,누출 모델 작성,4.2,C-C-56-2026,present_in_base_ttl_same_guide
ci_unrelated_action_filter1,C-C-56-2026,사고피해예측 기법에 관한 기술지원규정,domain_specific,field_control,photo_actionable,5,WP-CC56-04,피해예측,피해예측,4.4,C-C-56-2026,present_in_base_ttl_same_guide
ci_unrelated_action_filter1,C-C-56-2026,사고피해예측 기법에 관한 기술지원규정,domain_specific,field_control,photo_actionable,6,WP-CC56-06,가벼운 가스 확산 피해예측,가벼운 가스 확산 피해예측,6.1.1,C-C-56-2026,present_in_base_ttl_same_guide
ci_unrelated_action_filter1,C-C-56-2026,사고피해예측 기법에 관한 기술지원규정,domain_specific,field_control,photo_actionable,7,WP-CC56-07,무거운 가스 확산 피해예측,무거운 가스 확산 피해예측,6.1.2,C-C-56-2026,present_in_base_ttl_same_guide
ci_unrelated_action_filter1,C-C-56-2026,사고피해예측 기법에 관한 기술지원규정,domain_specific,field_control,photo_actionable,8,WP-CC56-08,화재(액면/증기운/고압분출) 피해예측,화재(액면/증기운/고압분출) 피해예측,6.2,C-C-56-2026,present_in_base_ttl_same_guide
ci_unrelated_action_filter1,C-C-57-2026,중대산업사고 조사에 관한 기술지원규정,domain_specific,field_control,photo_actionable,1,WP-CC57-01,사고조사계획 수립,사고조사계획 수립,7,C-C-57-2026,present_in_base_ttl_same_guide
ci_unrelated_action_filter1,C-C-57-2026,중대산업사고 조사에 관한 기술지원규정,domain_specific,field_control,photo_actionable,2,WP-CC57-02,사고조사반 구성,사고조사반 구성,8,C-C-57-2026,present_in_base_ttl_same_guide
ci_unrelated_action_filter1,C-C-57-2026,중대산업사고 조사에 관한 기술지원규정,domain_specific,field_control,photo_actionable,3,WP-CC57-05,보고서 작성,보고서 작성,11,C-C-57-2026,present_in_base_ttl_same_guide
ci_unrelated_action_filter1,C-C-57-2026,중대산업사고 조사에 관한 기술지원규정,domain_specific,field_control,photo_actionable,4,WP-CC57-06,보고서 처리 및 교육,보고서 처리 및 교육,12,C-C-57-2026,present_in_base_ttl_same_guide
ci_unrelated_action_filter1,C-C-57-2026,중대산업사고 조사에 관한 기술지원규정,domain_specific,field_control,photo_actionable,5,WP-CC57-03,현장조사,현장조사,9,C-C-57-2026,present_in_base_ttl_same_guide
ci_unrelated_action_filter1,C-C-57-2026,중대산업사고 조사에 관한 기술지원규정,domain_specific,field_control,photo_actionable,6,WP-CC57-04,권고사항 준비,권고사항 준비,10,C-C-57-2026,present_in_base_ttl_same_guide
ci_unrelated_action_filter1,C-C-58-2026,최악 및 대안의 사고 시나리오 선정에 관한 기술지원규정,domain_specific,measurement_analysis,photo_unmatchable,1,WP-CC58-03,최악의 사고 시나리오 분석,최악의 사고 시나리오 분석,6,C-C-58-2026,present_in_base_ttl_same_guide
ci_unrelated_action_filter1,C-C-58-2026,최악 및 대안의 사고 시나리오 선정에 관한 기술지원규정,domain_specific,measurement_analysis,photo_unmatchable,2,WP-CC58-04,대안의 사고 시나리오 분석,대안의 사고 시나리오 분석,7,C-C-58-2026,present_in_base_ttl_same_guide
ci_unrelated_action_filter1,C-C-58-2026,최악 및 대안의 사고 시나리오 선정에 관한 기술지원규정,domain_specific,measurement_analysis,photo_unmatchable,3,WP-CC58-02,사고피해 결과분석 변수 결정,사고피해 결과분석 변수 결정,5,C-C-58-2026,present_in_base_ttl_same_guide
ci_unrelated_action_filter1,C-C-58-2026,최악 및 대안의 사고 시나리오 선정에 관한 기술지원규정,domain_specific,measurement_analysis,photo_unmatchable,4,WP-CC58-05,끝점거리 계산,끝점거리 계산,8,C-C-58-2026,present_in_base_ttl_same_guide
ci_unrelated_action_filter1,C-C-59-2026,안전운전절차서 작성에 관한 기술지원규정,domain_specific,management_program,photo_conditional_followup,1,WP-CC59-03,운전절차서 초안 작성,운전절차서 초안 작성,8,C-C-59-2026,present_in_base_ttl_same_guide
ci_unrelated_action_filter1,C-C-59-2026,안전운전절차서 작성에 관한 기술지원규정,domain_specific,management_program,photo_conditional_followup,2,WP-CC59-04,절차서 검토,절차서 검토,8,C-C-59-2026,present_in_base_ttl_same_guide
ci_unrelated_action_filter1,C-C-59-2026,안전운전절차서 작성에 관한 기술지원규정,domain_specific,management_program,photo_conditional_followup,3,WP-CC59-01,작성내용 목록 준비,작성내용 목록 준비,8,C-C-59-2026,present_in_base_ttl_same_guide
ci_unrelated_action_filter1,C-C-59-2026,안전운전절차서 작성에 관한 기술지원규정,domain_specific,management_program,photo_conditional_followup,4,WP-CC59-02,운전절차 분량 구분,운전절차 분량 구분,8,C-C-59-2026,present_in_base_ttl_same_guide
ci_unrelated_action_filter1,C-C-6-2025,상압저장탱크의 검사변경 및 보수에 관한 기술지원규정,exclusive,measurement_analysis,photo_unmatchable,1,WP-CC6-08,탱크 얼판 평가 및 두께 측정,탱크 얼판 평가 및 두께 측정,4.4,C-C-6-2025,present_in_base_ttl_same_guide
ci_unrelated_action_filter1,C-C-6-2025,상압저장탱크의 검사변경 및 보수에 관한 기술지원규정,exclusive,measurement_analysis,photo_unmatchable,2,WP-CC6-09,탱크 밑판 평가 및 잔여두께 결정,탱크 밑판 평가 및 잔여두께 결정,4.5,C-C-6-2025,present_in_base_ttl_same_guide
ci_unrelated_action_filter1,C-C-6-2025,상압저장탱크의 검사변경 및 보수에 관한 기술지원규정,exclusive,measurement_analysis,photo_unmatchable,3,WP-CC6-06,적합성평가 실시 및 항목 확인,적합성평가 실시 및 항목 확인,4.1,C-C-6-2025,present_in_base_ttl_same_guide
ci_unrelated_action_filter1,C-C-6-2025,상압저장탱크의 검사변경 및 보수에 관한 기술지원규정,exclusive,measurement_analysis,photo_unmatchable,4,WP-CC6-21,열관 두께측정,열관 두께측정,5.2.3,C-C-6-2025,present_in_base_ttl_same_guide
ci_unrelated_action_filter1,C-C-6-2025,상압저장탱크의 검사변경 및 보수에 관한 기술지원규정,exclusive,measurement_analysis,photo_unmatchable,5,WP-CC6-31,탱크 열관의 노즐 보수,탱크 열관의 노즐 보수,7.3,C-C-6-2025,present_in_base_ttl_same_guide
ci_unrelated_action_filter1,C-C-6-2025,상압저장탱크의 검사변경 및 보수에 관한 기술지원규정,exclusive,measurement_analysis,photo_unmatchable,6,WP-CC6-33,지붕의 보수,지붕의 보수,7.5,C-C-6-2025,present_in_base_ttl_same_guide
ci_unrelated_action_filter1,C-C-6-2025,상압저장탱크의 검사변경 및 보수에 관한 기술지원규정,exclusive,measurement_analysis,photo_unmatchable,7,WP-CC6-41,수압시험,수압시험,10,C-C-6-2025,present_in_base_ttl_same_guide
ci_unrelated_action_filter1,C-C-6-2025,상압저장탱크의 검사변경 및 보수에 관한 기술지원규정,exclusive,measurement_analysis,photo_unmatchable,8,WP-CC6-07,탱크 지붕 평가,탱크 지붕 평가,4.3,C-C-6-2025,present_in_base_ttl_same_guide
ci_unrelated_action_filter1,C-C-60-2026,화학공장의 피해최소화대책 수립에 관한 기술지원규정,domain_specific,risk_method,photo_unmatchable,1,WP-CC60-02,사고시나리오 구체화 (누출위치·누출공·누출시간 결정),사고시나리오 구체화 (누출위치·누출공·누출시간 결정),6,C-C-60-2026,present_in_base_ttl_same_guide
ci_unrelated_action_filter1,C-C-60-2026,화학공장의 피해최소화대책 수립에 관한 기술지원규정,domain_specific,risk_method,photo_unmatchable,2,WP-CC60-04,초기 대응 및 진압 전략 수립,초기 대응 및 진압 전략 수립,7.1,C-C-60-2026,present_in_base_ttl_same_guide
ci_unrelated_action_filter1,C-C-60-2026,화학공장의 피해최소화대책 수립에 관한 기술지원규정,domain_specific,risk_method,photo_unmatchable,3,WP-CC60-06,물리적 보호 설비 설치,물리적 보호 설비 설치,7.4.4,C-C-60-2026,present_in_base_ttl_same_guide
ci_unrelated_action_filter1,C-C-60-2026,화학공장의 피해최소화대책 수립에 관한 기술지원규정,domain_specific,risk_method,photo_unmatchable,4,WP-CC60-05,인명피해 최소화 및 대피 전략 수립,인명피해 최소화 및 대피 전략 수립,7.4.3,C-C-60-2026,present_in_base_ttl_same_guide
ci_unrelated_action_filter1,C-C-61-2026,공정안전성 분석(K-PSR) 기법에 관한 기술지원규정,domain_specific,measurement_analysis,photo_unmatchable,1,WP-CC61-27,연속식 공정 K-PSR 누출 위험 분석,연속식 공정 K-PSR 누출 위험 분석,부록 1,C-C-61-2026,present_in_base_ttl_same_guide
ci_unrelated_action_filter1,C-C-61-2026,공정안전성 분석(K-PSR) 기법에 관한 기술지원규정,domain_specific,measurement_analysis,photo_unmatchable,2,WP-CC61-05,위험성 평가 수행,위험성 평가 수행,5.1,C-C-61-2026,present_in_base_ttl_same_guide
ci_unrelated_action_filter1,C-C-61-2026,공정안전성 분석(K-PSR) 기법에 관한 기술지원규정,domain_specific,measurement_analysis,photo_unmatchable,3,WP-CC61-28,연속식 공정 K-PSR 화재·폭발 위험 분석,연속식 공정 K-PSR 화재·폭발 위험 분석,부록 1,C-C-61-2026,present_in_base_ttl_same_guide
ci_unrelated_action_filter1,C-C-61-2026,공정안전성 분석(K-PSR) 기법에 관한 기술지원규정,domain_specific,measurement_analysis,photo_unmatchable,4,WP-CC61-29,연속식 공정 K-PSR 상해 위험 분석,연속식 공정 K-PSR 상해 위험 분석,부록 1,C-C-61-2026,present_in_base_ttl_same_guide
ci_unrelated_action_filter1,C-C-61-2026,공정안전성 분석(K-PSR) 기법에 관한 기술지원규정,domain_specific,measurement_analysis,photo_unmatchable,5,WP-CC61-31,회분식 공정 K-PSR 화재·폭발 위험 분석,회분식 공정 K-PSR 화재·폭발 위험 분석,부록 2,C-C-61-2026,present_in_base_ttl_same_guide
ci_unrelated_action_filter1,C-C-61-2026,공정안전성 분석(K-PSR) 기법에 관한 기술지원규정,domain_specific,measurement_analysis,photo_unmatchable,6,WP-CC61-32,회분식 공정 K-PSR 상해 위험 분석,회분식 공정 K-PSR 상해 위험 분석,부록 2,C-C-61-2026,present_in_base_ttl_same_guide
ci_unrelated_action_filter1,C-C-61-2026,공정안전성 분석(K-PSR) 기법에 관한 기술지원규정,domain_specific,measurement_analysis,photo_unmatchable,7,WP-CC61-06,개선권고사항 도출,개선권고사항 도출,5.2,C-C-61-2026,present_in_base_ttl_same_guide
ci_unrelated_action_filter1,C-C-61-2026,공정안전성 분석(K-PSR) 기법에 관한 기술지원규정,domain_specific,measurement_analysis,photo_unmatchable,8,WP-CC61-08,개선권고사항 후속조치,개선권고사항 후속조치,5.4,C-C-61-2026,present_in_base_ttl_same_guide
ci_unrelated_action_filter1,C-C-62-2026,방호계층분석(LOPA)기법에 관한 기술지원규정,domain_specific,measurement_analysis,photo_unmatchable,1,WP-CC62-40,독립방호계층(IPL) 평가,독립방호계층(IPL) 평가,부록,C-C-62-2026,present_in_base_ttl_same_guide
ci_unrelated_action_filter1,C-C-62-2026,방호계층분석(LOPA)기법에 관한 기술지원규정,domain_specific,measurement_analysis,photo_unmatchable,2,WP-CC62-42,안전계장시스템(SIS) 평가 및 SIF 추가,안전계장시스템(SIS) 평가 및 SIF 추가,부록,C-C-62-2026,present_in_base_ttl_same_guide
ci_unrelated_action_filter1,C-C-62-2026,방호계층분석(LOPA)기법에 관한 기술지원규정,domain_specific,measurement_analysis,photo_unmatchable,3,WP-CC62-05,5단계: 시나리오 위험의 수학적 평가,5단계: 시나리오 위험의 수학적 평가,6.2,C-C-62-2026,present_in_base_ttl_same_guide
ci_unrelated_action_filter1,C-C-62-2026,방호계층분석(LOPA)기법에 관한 기술지원규정,domain_specific,measurement_analysis,photo_unmatchable,4,WP-CC62-37,기본공정제어시스템(BPCS) 평가,기본공정제어시스템(BPCS) 평가,부록,C-C-62-2026,present_in_base_ttl_same_guide
ci_unrelated_action_filter1,C-C-62-2026,방호계층분석(LOPA)기법에 관한 기술지원규정,domain_specific,measurement_analysis,photo_unmatchable,5,WP-CC62-41,중간사고빈도 계산,중간사고빈도 계산,부록,C-C-62-2026,present_in_base_ttl_same_guide
ci_unrelated_action_filter1,C-C-62-2026,방호계층분석(LOPA)기법에 관한 기술지원규정,domain_specific,measurement_analysis,photo_unmatchable,6,WP-CC62-02,2단계: 사고 시나리오 선택,2단계: 사고 시나리오 선택,6.2,C-C-62-2026,present_in_base_ttl_same_guide
ci_unrelated_action_filter1,C-C-62-2026,방호계층분석(LOPA)기법에 관한 기술지원규정,domain_specific,measurement_analysis,photo_unmatchable,7,WP-CC62-03,3단계: 초기사고 확인 및 초기사고빈도 설정,3단계: 초기사고 확인 및 초기사고빈도 설정,6.2,C-C-62-2026,present_in_base_ttl_same_guide
ci_unrelated_action_filter1,C-C-62-2026,방호계층분석(LOPA)기법에 관한 기술지원규정,domain_specific,measurement_analysis,photo_unmatchable,8,WP-CC62-04,4단계: 독립방호계층 규명 및 작동요구시 고장확률 평가,4단계: 독립방호계층 규명 및 작동요구시 고장확률 평가,6.2,C-C-62-2026,present_in_base_ttl_same_guide
ci_unrelated_action_filter1,C-C-63-2026,체크리스트를 활용한 공정안전지침에 관한 기술지원규정,exclusive,field_control,photo_actionable,1,WP-CC63-03,설비 안전성 평가,설비 안전성 평가,6,C-C-63-2026,present_in_base_ttl_same_guide
ci_unrelated_action_filter1,C-C-63-2026,체크리스트를 활용한 공정안전지침에 관한 기술지원규정,exclusive,field_control,photo_actionable,2,WP-CC63-04,배관 안전성 평가,배관 안전성 평가,7,C-C-63-2026,present_in_base_ttl_same_guide
ci_unrelated_action_filter1,C-C-63-2026,체크리스트를 활용한 공정안전지침에 관한 기술지원규정,exclusive,field_control,photo_actionable,3,WP-CC63-01,화학물질 위험성 평가,화학물질 위험성 평가,4,C-C-63-2026,present_in_base_ttl_same_guide
ci_unrelated_action_filter1,C-C-63-2026,체크리스트를 활용한 공정안전지침에 관한 기술지원규정,exclusive,field_control,photo_actionable,4,WP-CC63-02,반응 위험성 평가,반응 위험성 평가,5,C-C-63-2026,present_in_base_ttl_same_guide
ci_unrelated_action_filter1,C-C-63-2026,체크리스트를 활용한 공정안전지침에 관한 기술지원규정,exclusive,field_control,photo_actionable,5,WP-CC63-06,운전 안전성 평가,운전 안전성 평가,9,C-C-63-2026,present_in_base_ttl_same_guide
ci_unrelated_action_filter1,C-C-64-2026,노후설비의 관리에 관한 기술지원규정,domain_specific,risk_method,photo_unmatchable,1,WP-CC64-04,전기 및 제어 시스템 유지보수 관리,전기 및 제어 시스템 유지보수 관리,7.3.1,C-C-64-2026,present_in_base_ttl_same_guide
ci_unrelated_action_filter1,C-C-64-2026,노후설비의 관리에 관한 기술지원규정,domain_specific,risk_method,photo_unmatchable,2,WP-CC64-01,부식 예방 및 모니터링,부식 예방 및 모니터링,5.3.5,C-C-64-2026,present_in_base_ttl_same_guide
ci_unrelated_action_filter1,C-C-64-2026,노후설비의 관리에 관한 기술지원규정,domain_specific,risk_method,photo_unmatchable,3,WP-CC64-03,노후설비 안전보건관리시스템 구축 및 평가,노후설비 안전보건관리시스템 구축 및 평가,6.1,C-C-64-2026,present_in_base_ttl_same_guide
ci_unrelated_action_filter1,C-C-65-2026,반도체 제조공정의 안전작업에 관한 기술지원규정,exclusive,field_control,photo_actionable,1,WP-CC65-02,특수재료가스 용기 관리 및 교체,특수재료가스 용기 관리 및 교체,5.2,C-C-65-2026,present_in_base_ttl_same_guide
ci_unrelated_action_filter1,C-C-65-2026,반도체 제조공정의 안전작업에 관한 기술지원규정,exclusive,field_control,photo_actionable,2,WP-CC65-03,반도체 공정 설비 운영,반도체 공정 설비 운영,4.3,C-C-65-2026,present_in_base_ttl_same_guide
ci_unrelated_action_filter1,C-C-65-2026,반도체 제조공정의 안전작업에 관한 기술지원규정,exclusive,field_control,photo_actionable,3,WP-CC65-04,산·알칼리 및 유기용제 취급,산·알칼리 및 유기용제 취급,5.1,C-C-65-2026,present_in_base_ttl_same_guide
ci_unrelated_action_filter1,C-C-65-2026,반도체 제조공정의 안전작업에 관한 기술지원규정,exclusive,field_control,photo_actionable,4,WP-CC65-06,진공펌프 오일 교환 및 폐유 처리,진공펌프 오일 교환 및 폐유 처리,6.3,C-C-65-2026,present_in_base_ttl_same_guide
ci_unrelated_action_filter1,C-C-66-2026,화학설비 고장율 산출기준에 관한 기술지원규정,domain_specific,field_control,photo_actionable,1,WP-CC66-03,자료원 확인,자료원 확인,6,C-C-66-2026,present_in_base_ttl_same_guide
ci_unrelated_action_filter1,C-C-66-2026,화학설비 고장율 산출기준에 관한 기술지원규정,domain_specific,field_control,photo_actionable,2,WP-CC66-07,고장율 및 이용불능도 계산,고장율 및 이용불능도 계산,6,C-C-66-2026,present_in_base_ttl_same_guide
ci_unrelated_action_filter1,C-C-66-2026,화학설비 고장율 산출기준에 관한 기술지원규정,domain_specific,field_control,photo_actionable,3,WP-CC66-01,대상공정 선정,대상공정 선정,6,C-C-66-2026,present_in_base_ttl_same_guide
ci_unrelated_action_filter1,C-C-66-2026,화학설비 고장율 산출기준에 관한 기술지원규정,domain_specific,field_control,photo_actionable,4,WP-CC66-05,자료 분석,자료 분석,6,C-C-66-2026,present_in_base_ttl_same_guide
ci_unrelated_action_filter1,C-C-66-2026,화학설비 고장율 산출기준에 관한 기술지원규정,domain_specific,field_control,photo_actionable,5,WP-CC66-06,계산 자료 산출,계산 자료 산출,6,C-C-66-2026,present_in_base_ttl_same_guide
ci_unrelated_action_filter1,C-C-67-2026,작업위험성평가에 관한 기술지원규정,domain_specific,risk_method,photo_unmatchable,1,WP-CC67-31,작업위험성평가 자체감사,작업위험성평가 자체감사,6.2,C-C-67-2026,present_in_base_ttl_same_guide
ci_unrelated_action_filter1,C-C-67-2026,작업위험성평가에 관한 기술지원규정,domain_specific,risk_method,photo_unmatchable,2,WP-CC67-47,VAM 하역 작업 준비,VAM 하역 작업 준비,붙임 5,C-C-67-2026,present_in_base_ttl_same_guide
ci_unrelated_action_filter1,C-C-67-2026,작업위험성평가에 관한 기술지원규정,domain_specific,risk_method,photo_unmatchable,3,WP-CC67-49,VAM 하역 작업,VAM 하역 작업,붙임 5,C-C-67-2026,present_in_base_ttl_same_guide
ci_unrelated_action_filter1,C-C-67-2026,작업위험성평가에 관한 기술지원규정,domain_specific,risk_method,photo_unmatchable,4,WP-CC67-50,이송완료 후 조치 및 기록,이송완료 후 조치 및 기록,붙임 5,C-C-67-2026,present_in_base_ttl_same_guide
ci_unrelated_action_filter1,C-C-67-2026,작업위험성평가에 관한 기술지원규정,domain_specific,risk_method,photo_unmatchable,5,WP-CC67-07,중요작업(Critical job) 선정,중요작업(Critical job) 선정,5.4,C-C-67-2026,present_in_base_ttl_same_guide
ci_unrelated_action_filter1,C-C-67-2026,작업위험성평가에 관한 기술지원규정,domain_specific,risk_method,photo_unmatchable,6,WP-CC67-21,JSA 작업단계 구분,JSA 작업단계 구분,5.5,C-C-67-2026,present_in_base_ttl_same_guide
ci_unrelated_action_filter1,C-C-67-2026,작업위험성평가에 관한 기술지원규정,domain_specific,risk_method,photo_unmatchable,7,WP-CC67-22,JSA 유해위험요인 파악,JSA 유해위험요인 파악,5.5,C-C-67-2026,present_in_base_ttl_same_guide
ci_unrelated_action_filter1,C-C-67-2026,작업위험성평가에 관한 기술지원규정,domain_specific,risk_method,photo_unmatchable,8,WP-CC67-23,JSA 안전작업절차 수립,JSA 안전작업절차 수립,5.5,C-C-67-2026,present_in_base_ttl_same_guide
ci_unrelated_action_filter1,C-C-68-2026,화학공장의 도급업체 자율안전관리에 관한 기술지원규정,domain_specific,field_control,photo_actionable,1,WP-CC68-02,안전규칙교육,안전규칙교육,5.(2),C-C-68-2026,present_in_base_ttl_same_guide
ci_unrelated_action_filter1,C-C-68-2026,화학공장의 도급업체 자율안전관리에 관한 기술지원규정,domain_specific,field_control,photo_actionable,2,WP-CC68-01,현장 도착 및 입·출입 관리,현장 도착 및 입·출입 관리,5.(1),C-C-68-2026,present_in_base_ttl_same_guide
ci_unrelated_action_filter1,C-C-68-2026,화학공장의 도급업체 자율안전관리에 관한 기술지원규정,domain_specific,field_control,photo_actionable,3,WP-CC68-03,현장 유해·위험요인 정보 전달 및 확인,현장 유해·위험요인 정보 전달 및 확인,5.(3),C-C-68-2026,present_in_base_ttl_same_guide
ci_unrelated_action_filter1,C-C-68-2026,화학공장의 도급업체 자율안전관리에 관한 기술지원규정,domain_specific,field_control,photo_actionable,4,WP-CC68-04,현장 연락창구 지명,현장 연락창구 지명,5.(5),C-C-68-2026,present_in_base_ttl_same_guide
ci_unrelated_action_filter1,C-C-68-2026,화학공장의 도급업체 자율안전관리에 관한 기술지원규정,domain_specific,field_control,photo_actionable,5,WP-CC68-05,현장 안전관리 확인 및 감독,현장 안전관리 확인 및 감독,6,C-C-68-2026,present_in_base_ttl_same_guide
ci_unrelated_action_filter1,C-C-68-2026,화학공장의 도급업체 자율안전관리에 관한 기술지원규정,domain_specific,field_control,photo_actionable,6,WP-CC68-06,사고 보고체계 운영,사고 보고체계 운영,6.(3),C-C-68-2026,present_in_base_ttl_same_guide
ci_unrelated_action_filter1,C-C-68-2026,화학공장의 도급업체 자율안전관리에 관한 기술지원규정,domain_specific,field_control,photo_actionable,7,WP-CC68-07,자율안전관리 지원수준 자체평가,자율안전관리 지원수준 자체평가,7.(2),C-C-68-2026,present_in_base_ttl_same_guide
ci_unrelated_action_filter1,C-C-68-2026,화학공장의 도급업체 자율안전관리에 관한 기술지원규정,domain_specific,field_control,photo_actionable,8,WP-CC68-08,실행지침 및 실행계획표 작성,실행지침 및 실행계획표 작성,7.(3),C-C-68-2026,present_in_base_ttl_same_guide
ci_unrelated_action_filter1,C-C-69-2026,소규모 화학공장의 비상조치계획 수립에 관한 기술지원규정,exclusive,field_control,photo_actionable,1,WP-CC69-05,비상대피 계획 수립,비상대피 계획 수립,7,C-C-69-2026,present_in_base_ttl_same_guide
ci_unrelated_action_filter1,C-C-69-2026,소규모 화학공장의 비상조치계획 수립에 관한 기술지원규정,exclusive,field_control,photo_actionable,2,WP-CC69-08,비상훈련 실시 및 주민 홍보,비상훈련 실시 및 주민 홍보,10,C-C-69-2026,present_in_base_ttl_same_guide
ci_unrelated_action_filter1,C-C-69-2026,소규모 화학공장의 비상조치계획 수립에 관한 기술지원규정,exclusive,field_control,photo_actionable,3,WP-CC69-02,비상조치계획 수립,비상조치계획 수립,5,C-C-69-2026,present_in_base_ttl_same_guide
ci_unrelated_action_filter1,C-C-69-2026,소규모 화학공장의 비상조치계획 수립에 관한 기술지원규정,exclusive,field_control,photo_actionable,4,WP-CC69-03,직원 경보시스템 구축,직원 경보시스템 구축,5,C-C-69-2026,present_in_base_ttl_same_guide
ci_unrelated_action_filter1,C-C-69-2026,소규모 화학공장의 비상조치계획 수립에 관한 기술지원규정,exclusive,field_control,photo_actionable,5,WP-CC69-04,비상조치계획 검토,비상조치계획 검토,6,C-C-69-2026,present_in_base_ttl_same_guide
ci_unrelated_action_filter1,C-C-69-2026,소규모 화학공장의 비상조치계획 수립에 관한 기술지원규정,exclusive,field_control,photo_actionable,6,WP-CC69-07,비상통제센터 설치 및 운영,비상통제센터 설치 및 운영,9,C-C-69-2026,present_in_base_ttl_same_guide
ci_unrelated_action_filter1,C-C-7-2026,정량적 위험성평가에 관한 기술지원규정,domain_specific,risk_method,photo_unmatchable,1,WP-CC7-05,위험성 분석(Risk Analysis),위험성 분석(Risk Analysis),5,C-C-7-2026,present_in_base_ttl_same_guide
ci_unrelated_action_filter1,C-C-7-2026,정량적 위험성평가에 관한 기술지원규정,domain_specific,risk_method,photo_unmatchable,2,WP-CC7-15,위험성 분석 및 평가,위험성 분석 및 평가,6.4,C-C-7-2026,present_in_base_ttl_same_guide
ci_unrelated_action_filter1,C-C-7-2026,정량적 위험성평가에 관한 기술지원규정,domain_specific,risk_method,photo_unmatchable,3,WP-CC7-11,화재 모델링(Fire Modeling),화재 모델링(Fire Modeling),6.2,C-C-7-2026,present_in_base_ttl_same_guide
ci_unrelated_action_filter1,C-C-7-2026,정량적 위험성평가에 관한 기술지원규정,domain_specific,risk_method,photo_unmatchable,4,WP-CC7-12,폭발 모델링(Explosion Modeling),폭발 모델링(Explosion Modeling),6.2,C-C-7-2026,present_in_base_ttl_same_guide
ci_unrelated_action_filter1,C-C-7-2026,정량적 위험성평가에 관한 기술지원규정,domain_specific,risk_method,photo_unmatchable,5,WP-CC7-01,"사고 위험요인 확인(Hazard Identification, HAZID)","사고 위험요인 확인(Hazard Identification, HAZID)",5,C-C-7-2026,present_in_base_ttl_same_guide
ci_unrelated_action_filter1,C-C-7-2026,정량적 위험성평가에 관한 기술지원규정,domain_specific,risk_method,photo_unmatchable,6,WP-CC7-02,사고 시나리오(MAE) 발굴 및 선정,사고 시나리오(MAE) 발굴 및 선정,5,C-C-7-2026,present_in_base_ttl_same_guide
ci_unrelated_action_filter1,C-C-7-2026,정량적 위험성평가에 관한 기술지원규정,domain_specific,risk_method,photo_unmatchable,7,WP-CC7-03,피해결과 분석(Consequence Analysis),피해결과 분석(Consequence Analysis),5,C-C-7-2026,present_in_base_ttl_same_guide
ci_unrelated_action_filter1,C-C-7-2026,정량적 위험성평가에 관한 기술지원규정,domain_specific,risk_method,photo_unmatchable,8,WP-CC7-04,사고빈도 분석(Frequency Analysis),사고빈도 분석(Frequency Analysis),5,C-C-7-2026,present_in_base_ttl_same_guide
ci_unrelated_action_filter1,C-C-70-2025,유해위험공간의 안전에 관한 기술지원규정,exclusive,measurement_analysis,photo_unmatchable,1,WP-CC70-02,유해위험공간 출입 관리,유해위험공간 출입 관리,5.1,C-C-70-2025,present_in_base_ttl_same_guide
ci_unrelated_action_filter1,C-C-70-2025,유해위험공간의 안전에 관한 기술지원규정,exclusive,measurement_analysis,photo_unmatchable,2,WP-CC70-06,비상대응 및 긴급 구조활동,비상대응 및 긴급 구조활동,6,C-C-70-2025,present_in_base_ttl_same_guide
ci_unrelated_action_filter1,C-C-70-2025,유해위험공간의 안전에 관한 기술지원규정,exclusive,measurement_analysis,photo_unmatchable,3,WP-CC70-04,가스감지 및 경보설비 설치·관리,가스감지 및 경보설비 설치·관리,5.2.2,C-C-70-2025,present_in_base_ttl_same_guide
ci_unrelated_action_filter1,C-C-70-2025,유해위험공간의 안전에 관한 기술지원규정,exclusive,measurement_analysis,photo_unmatchable,4,WP-CC70-01,유해위험공간 판정 및 평가,유해위험공간 판정 및 평가,4.5,C-C-70-2025,present_in_base_ttl_same_guide
ci_unrelated_action_filter1,C-C-70-2025,유해위험공간의 안전에 관한 기술지원규정,exclusive,measurement_analysis,photo_unmatchable,5,WP-CC70-03,환기시스템 설치 및 운영,환기시스템 설치 및 운영,5.2.1,C-C-70-2025,present_in_base_ttl_same_guide
ci_unrelated_action_filter1,C-C-70-2025,유해위험공간의 안전에 관한 기술지원규정,exclusive,measurement_analysis,photo_unmatchable,6,WP-CC70-05,가스계 소화설비 구역 작업,가스계 소화설비 구역 작업,5.3,C-C-70-2025,present_in_base_ttl_same_guide
ci_unrelated_action_filter1,C-C-71-2026,사고의 근본원인 분석(Root Cause Analysis) 기법에 관한 기술지원규정,domain_specific,measurement_analysis,photo_unmatchable,1,WP-CC71-02,사고 진행내용 기록 및 사고흐름도 작성,사고 진행내용 기록 및 사고흐름도 작성,4.2,C-C-71-2026,present_in_base_ttl_same_guide
ci_unrelated_action_filter1,C-C-71-2026,사고의 근본원인 분석(Root Cause Analysis) 기법에 관한 기술지원규정,domain_specific,measurement_analysis,photo_unmatchable,2,WP-CC71-04,개선조치 수립 및 시행,개선조치 수립 및 시행,6,C-C-71-2026,present_in_base_ttl_same_guide
ci_unrelated_action_filter1,C-C-71-2026,사고의 근본원인 분석(Root Cause Analysis) 기법에 관한 기술지원규정,domain_specific,measurement_analysis,photo_unmatchable,3,WP-CC71-01,기인물 파악 및 자료수집,기인물 파악 및 자료수집,4.1,C-C-71-2026,present_in_base_ttl_same_guide
ci_unrelated_action_filter1,C-C-71-2026,사고의 근본원인 분석(Root Cause Analysis) 기법에 관한 기술지원규정,domain_specific,measurement_analysis,photo_unmatchable,4,WP-CC71-03,사고원인 분석 및 근본원인 규명,사고원인 분석 및 근본원인 규명,5,C-C-71-2026,present_in_base_ttl_same_guide
ci_unrelated_action_filter1,C-C-72-2026,화학물질 취급 사업장에서의 보안 취약성 평가에 관한 기술지원규정,exclusive,field_control,photo_actionable,1,WP-CC72-18,보안시설 설치 (보안조명·CCTV·침입감지),보안시설 설치 (보안조명·CCTV·침입감지),6,C-C-72-2026,present_in_base_ttl_same_guide
ci_unrelated_action_filter1,C-C-72-2026,화학물질 취급 사업장에서의 보안 취약성 평가에 관한 기술지원규정,exclusive,field_control,photo_actionable,2,WP-CC72-01,테러이용 화학물질의 확인,테러이용 화학물질의 확인,4.1,C-C-72-2026,present_in_base_ttl_same_guide
ci_unrelated_action_filter1,C-C-72-2026,화학물질 취급 사업장에서의 보안 취약성 평가에 관한 기술지원규정,exclusive,field_control,photo_actionable,3,WP-CC72-02,보안 우선순위의 검토,보안 우선순위의 검토,4.2,C-C-72-2026,present_in_base_ttl_same_guide
ci_unrelated_action_filter1,C-C-72-2026,화학물질 취급 사업장에서의 보안 취약성 평가에 관한 기술지원규정,exclusive,field_control,photo_actionable,4,WP-CC72-03,SVA팀 구성,SVA팀 구성,4.4,C-C-72-2026,present_in_base_ttl_same_guide
ci_unrelated_action_filter1,C-C-72-2026,화학물질 취급 사업장에서의 보안 취약성 평가에 관한 기술지원규정,exclusive,field_control,photo_actionable,5,WP-CC72-08,SVA팀 구성 및 사전협의,SVA팀 구성 및 사전협의,5.1,C-C-72-2026,present_in_base_ttl_same_guide
ci_unrelated_action_filter1,C-C-72-2026,화학물질 취급 사업장에서의 보안 취약성 평가에 관한 기술지원규정,exclusive,field_control,photo_actionable,6,WP-CC72-09,보안관련 정보수집,보안관련 정보수집,5.2.2,C-C-72-2026,present_in_base_ttl_same_guide
ci_unrelated_action_filter1,C-C-72-2026,화학물질 취급 사업장에서의 보안 취약성 평가에 관한 기술지원규정,exclusive,field_control,photo_actionable,7,WP-CC72-10,SVA 현장 방문 및 결과서 작성,SVA 현장 방문 및 결과서 작성,5.1,C-C-72-2026,present_in_base_ttl_same_guide
ci_unrelated_action_filter1,C-C-72-2026,화학물질 취급 사업장에서의 보안 취약성 평가에 관한 기술지원규정,exclusive,field_control,photo_actionable,8,WP-CC72-11,완료회의 및 권고사항 도출,완료회의 및 권고사항 도출,5.1,C-C-72-2026,present_in_base_ttl_same_guide
ci_unrelated_action_filter1,C-C-73-2026,정기적인 공정위험성평가에 관한 기술지원규정,domain_specific,risk_method,photo_unmatchable,1,WP-CC73-13,정기적 평가 일정 및 자원 관리,정기적 평가 일정 및 자원 관리,6.1.1,C-C-73-2026,present_in_base_ttl_same_guide
ci_unrelated_action_filter1,C-C-73-2026,정기적인 공정위험성평가에 관한 기술지원규정,domain_specific,risk_method,photo_unmatchable,2,WP-CC73-14,정기적 평가를 위한 필요한 정보 수집,정기적 평가를 위한 필요한 정보 수집,6.1.2,C-C-73-2026,present_in_base_ttl_same_guide
ci_unrelated_action_filter1,C-C-73-2026,정기적인 공정위험성평가에 관한 기술지원규정,domain_specific,risk_method,photo_unmatchable,3,WP-CC73-25,부분 재실시(Retrofit) 수행,부분 재실시(Retrofit) 수행,6.2.3,C-C-73-2026,present_in_base_ttl_same_guide
ci_unrelated_action_filter1,C-C-73-2026,정기적인 공정위험성평가에 관한 기술지원규정,domain_specific,risk_method,photo_unmatchable,4,WP-CC73-28,이전 공정위험성평가에 대한 품질 평가,이전 공정위험성평가에 대한 품질 평가,6.2.5,C-C-73-2026,present_in_base_ttl_same_guide
ci_unrelated_action_filter1,C-C-73-2026,정기적인 공정위험성평가에 관한 기술지원규정,domain_specific,risk_method,photo_unmatchable,5,WP-CC73-11,정기적 평가 범위 결정,정기적 평가 범위 결정,6.1.1,C-C-73-2026,present_in_base_ttl_same_guide
ci_unrelated_action_filter1,C-C-73-2026,정기적인 공정위험성평가에 관한 기술지원규정,domain_specific,risk_method,photo_unmatchable,6,WP-CC73-23,정기적 평가 방법 선정,정기적 평가 방법 선정,6.2.2,C-C-73-2026,present_in_base_ttl_same_guide
ci_unrelated_action_filter1,C-C-73-2026,정기적인 공정위험성평가에 관한 기술지원규정,domain_specific,risk_method,photo_unmatchable,7,WP-CC73-36,정기적 평가 문서화 – 신규 보고서 작성,정기적 평가 문서화 – 신규 보고서 작성,7,C-C-73-2026,present_in_base_ttl_same_guide
ci_unrelated_action_filter1,C-C-73-2026,정기적인 공정위험성평가에 관한 기술지원규정,domain_specific,risk_method,photo_unmatchable,8,WP-CC73-37,정기적 평가 문서화 – 기본 보고서 작성,정기적 평가 문서화 – 기본 보고서 작성,7,C-C-73-2026,present_in_base_ttl_same_guide
ci_unrelated_action_filter1,C-C-74-2026,사고시나리오에 따른 비상대응계획 작성에 관한 기술지원규정,exclusive,risk_method,photo_unmatchable,1,WP-CC74-17,영향범위 파악,영향범위 파악,5.3,C-C-74-2026,present_in_base_ttl_same_guide
ci_unrelated_action_filter1,C-C-74-2026,사고시나리오에 따른 비상대응계획 작성에 관한 기술지원규정,exclusive,risk_method,photo_unmatchable,2,WP-CC74-06,전사 비상대응계획 작성,전사 비상대응계획 작성,4.1.1,C-C-74-2026,present_in_base_ttl_same_guide
ci_unrelated_action_filter1,C-C-74-2026,사고시나리오에 따른 비상대응계획 작성에 관한 기술지원규정,exclusive,risk_method,photo_unmatchable,3,WP-CC74-09,폭발 시 비상대응계획 검토,폭발 시 비상대응계획 검토,4.2.2.2,C-C-74-2026,present_in_base_ttl_same_guide
ci_unrelated_action_filter1,C-C-74-2026,사고시나리오에 따른 비상대응계획 작성에 관한 기술지원규정,exclusive,risk_method,photo_unmatchable,4,WP-CC74-07,단위공장별 비상대응계획 작성,단위공장별 비상대응계획 작성,4.1.2,C-C-74-2026,present_in_base_ttl_same_guide
ci_unrelated_action_filter1,C-C-74-2026,사고시나리오에 따른 비상대응계획 작성에 관한 기술지원규정,exclusive,risk_method,photo_unmatchable,5,WP-CC74-08,화재 시 비상대응계획 검토,화재 시 비상대응계획 검토,4.2.2.1,C-C-74-2026,present_in_base_ttl_same_guide
ci_unrelated_action_filter1,C-C-74-2026,사고시나리오에 따른 비상대응계획 작성에 관한 기술지원규정,exclusive,risk_method,photo_unmatchable,6,WP-CC74-10,누출 시 비상대응계획 검토,누출 시 비상대응계획 검토,4.2.2.3,C-C-74-2026,present_in_base_ttl_same_guide
ci_unrelated_action_filter1,C-C-74-2026,사고시나리오에 따른 비상대응계획 작성에 관한 기술지원규정,exclusive,risk_method,photo_unmatchable,7,WP-CC74-16,사고시나리오 선정 및 기본정보 작성,사고시나리오 선정 및 기본정보 작성,5.1,C-C-74-2026,present_in_base_ttl_same_guide
ci_unrelated_action_filter1,C-C-74-2026,사고시나리오에 따른 비상대응계획 작성에 관한 기술지원규정,exclusive,risk_method,photo_unmatchable,8,WP-CC74-18,비상연락망 작성,비상연락망 작성,5.4,C-C-74-2026,present_in_base_ttl_same_guide
ci_unrelated_action_filter1,C-C-75-2026,화학설비의 부식 위험성평가에 관한 기술지원규정,domain_specific,risk_method,photo_unmatchable,1,WP-CC75-10,부식 검토구간에 대한 위험성평가 (LOF 평가),부식 검토구간에 대한 위험성평가 (LOF 평가),4.6.1,C-C-75-2026,present_in_base_ttl_same_guide
ci_unrelated_action_filter1,C-C-75-2026,화학설비의 부식 위험성평가에 관한 기술지원규정,domain_specific,risk_method,photo_unmatchable,2,WP-CC75-11,부식 위험지도 작성,부식 위험지도 작성,4.7,C-C-75-2026,present_in_base_ttl_same_guide
ci_unrelated_action_filter1,C-C-75-2026,화학설비의 부식 위험성평가에 관한 기술지원규정,domain_specific,risk_method,photo_unmatchable,3,WP-CC75-15,SCC(응력부식균열) 9종 손상메커니즘 LOF 평가,SCC(응력부식균열) 9종 손상메커니즘 LOF 평가,부록 1,C-C-75-2026,present_in_base_ttl_same_guide
ci_unrelated_action_filter1,C-C-75-2026,화학설비의 부식 위험성평가에 관한 기술지원규정,domain_specific,risk_method,photo_unmatchable,4,WP-CC75-09,부식 검토문서 작성,부식 검토문서 작성,4.5,C-C-75-2026,present_in_base_ttl_same_guide
ci_unrelated_action_filter1,C-C-75-2026,화학설비의 부식 위험성평가에 관한 기술지원규정,domain_specific,risk_method,photo_unmatchable,5,WP-CC75-16,고온수소침식(HTHA) LOF 평가,고온수소침식(HTHA) LOF 평가,부록 1,C-C-75-2026,present_in_base_ttl_same_guide
ci_unrelated_action_filter1,C-C-75-2026,화학설비의 부식 위험성평가에 관한 기술지원규정,domain_specific,risk_method,photo_unmatchable,6,WP-CC75-18,취성(Embrittlement) LOF 평가,취성(Embrittlement) LOF 평가,부록 1,C-C-75-2026,present_in_base_ttl_same_guide
ci_unrelated_action_filter1,C-C-75-2026,화학설비의 부식 위험성평가에 관한 기술지원규정,domain_specific,risk_method,photo_unmatchable,7,WP-CC75-22,기타 손상메커니즘 LOF 평가,기타 손상메커니즘 LOF 평가,부록 1,C-C-75-2026,present_in_base_ttl_same_guide
ci_unrelated_action_filter1,C-C-75-2026,화학설비의 부식 위험성평가에 관한 기술지원규정,domain_specific,risk_method,photo_unmatchable,8,WP-CC75-44,LOF(고장발생 가능성) 평가,LOF(고장발생 가능성) 평가,부록 2,C-C-75-2026,present_in_base_ttl_same_guide
ci_unrelated_action_filter1,C-C-76-2026,화학설비의 건전성 모니터링에 관한 기술지원규정,domain_specific,field_control,photo_actionable,1,WP-CC76-04,IOW 개발,IOW 개발,4,C-C-76-2026,present_in_base_ttl_same_guide
ci_unrelated_action_filter1,C-C-76-2026,화학설비의 건전성 모니터링에 관한 기술지원규정,domain_specific,field_control,photo_actionable,2,WP-CC76-02,IOW 평가대상 선정,IOW 평가대상 선정,5.3,C-C-76-2026,present_in_base_ttl_same_guide
ci_unrelated_action_filter1,C-C-76-2026,화학설비의 건전성 모니터링에 관한 기술지원규정,domain_specific,field_control,photo_actionable,3,WP-CC76-03,부식 검토,부식 검토,5.4,C-C-76-2026,present_in_base_ttl_same_guide
ci_unrelated_action_filter1,C-C-76-2026,화학설비의 건전성 모니터링에 관한 기술지원규정,domain_specific,field_control,photo_actionable,4,WP-CC76-05,IOW 시스템 구축,IOW 시스템 구축,5.5,C-C-76-2026,present_in_base_ttl_same_guide
ci_unrelated_action_filter1,C-C-77-2026,PSM 시스템의 효과적인 운전 규범에 관한 기술지원규정,domain_specific,field_control,photo_actionable,1,WP-CC77-10,운전 활동 통제 - 절차 준수 및 비일상 작업 관리,운전 활동 통제 - 절차 준수 및 비일상 작업 관리,5.5,C-C-77-2026,present_in_base_ttl_same_guide
ci_unrelated_action_filter1,C-C-77-2026,PSM 시스템의 효과적인 운전 규범에 관한 기술지원규정,domain_specific,field_control,photo_actionable,2,WP-CC77-13,안전 운전 한계 관리 및 접근 제어,안전 운전 한계 관리 및 접근 제어,5.5,C-C-77-2026,present_in_base_ttl_same_guide
ci_unrelated_action_filter1,C-C-77-2026,PSM 시스템의 효과적인 운전 규범에 관한 기술지원규정,domain_specific,field_control,photo_actionable,3,WP-CC77-11,교육훈련 및 역량 검증,교육훈련 및 역량 검증,5.5,C-C-77-2026,present_in_base_ttl_same_guide
ci_unrelated_action_filter1,C-C-77-2026,PSM 시스템의 효과적인 운전 규범에 관한 기술지원규정,domain_specific,field_control,photo_actionable,4,WP-CC77-16,성과 모니터링 및 지속적 개선,성과 모니터링 및 지속적 개선,5.8,C-C-77-2026,present_in_base_ttl_same_guide
ci_unrelated_action_filter1,C-C-77-2026,PSM 시스템의 효과적인 운전 규범에 관한 기술지원규정,domain_specific,field_control,photo_actionable,5,WP-CC77-35,알람 관리,알람 관리,6.2,C-C-77-2026,present_in_base_ttl_same_guide
ci_unrelated_action_filter1,C-C-78-2026,정유시설의 안전 운영에 관한 일반적인 위험관리에 대한 기술지원규정,exclusive,field_control,photo_actionable,1,WP-CC78-09,후단 처리공정(휘발유제조·탈황·중질유분해),후단 처리공정(휘발유제조·탈황·중질유분해),4.1,C-C-78-2026,present_in_base_ttl_same_guide
ci_unrelated_action_filter1,C-C-78-2026,정유시설의 안전 운영에 관한 일반적인 위험관리에 대한 기술지원규정,exclusive,field_control,photo_actionable,2,WP-CC78-07,상압증류공정(CDU),상압증류공정(CDU),4.1,C-C-78-2026,present_in_base_ttl_same_guide
ci_unrelated_action_filter1,C-C-78-2026,정유시설의 안전 운영에 관한 일반적인 위험관리에 대한 기술지원규정,exclusive,field_control,photo_actionable,3,WP-CC78-08,감압증류공정(VDU),감압증류공정(VDU),4.1,C-C-78-2026,present_in_base_ttl_same_guide
ci_unrelated_action_filter1,C-C-78-2026,정유시설의 안전 운영에 관한 일반적인 위험관리에 대한 기술지원규정,exclusive,field_control,photo_actionable,4,WP-CC78-11,환경설비 운영(폐수·폐가스·폐기물 처리),환경설비 운영(폐수·폐가스·폐기물 처리),4.1,C-C-78-2026,present_in_base_ttl_same_guide
ci_unrelated_action_filter1,C-C-78-2026,정유시설의 안전 운영에 관한 일반적인 위험관리에 대한 기술지원규정,exclusive,field_control,photo_actionable,5,WP-CC78-12,공정 배출 및 플레어 시스템 운영,공정 배출 및 플레어 시스템 운영,4.1,C-C-78-2026,present_in_base_ttl_same_guide
ci_unrelated_action_filter1,C-C-78-2026,정유시설의 안전 운영에 관한 일반적인 위험관리에 대한 기술지원규정,exclusive,field_control,photo_actionable,6,WP-CC78-44,탈염기 운전 및 모니터링,탈염기 운전 및 모니터링,9.2,C-C-78-2026,present_in_base_ttl_same_guide
ci_unrelated_action_filter1,C-C-78-2026,정유시설의 안전 운영에 관한 일반적인 위험관리에 대한 기술지원규정,exclusive,field_control,photo_actionable,7,WP-CC78-45,가열로 운전 및 온도 관리,가열로 운전 및 온도 관리,9.3,C-C-78-2026,present_in_base_ttl_same_guide
ci_unrelated_action_filter1,C-C-79-2026,화학설비의 부식 관리문서 개발에 관한 기술지원규정,domain_specific,field_control,photo_actionable,1,WP-CC79-06,재질 및 부식 검토,재질 및 부식 검토,4.7,C-C-79-2026,present_in_base_ttl_same_guide
ci_unrelated_action_filter1,C-C-79-2026,화학설비의 부식 관리문서 개발에 관한 기술지원규정,domain_specific,field_control,photo_actionable,2,WP-CC79-08,부식 위험지도 작성,부식 위험지도 작성,4.9,C-C-79-2026,present_in_base_ttl_same_guide
ci_unrelated_action_filter1,C-C-79-2026,화학설비의 부식 관리문서 개발에 관한 기술지원규정,domain_specific,field_control,photo_actionable,3,WP-CC79-02,필요 데이터 수집,필요 데이터 수집,4.3,C-C-79-2026,present_in_base_ttl_same_guide
ci_unrelated_action_filter1,C-C-79-2026,화학설비의 부식 관리문서 개발에 관한 기술지원규정,domain_specific,field_control,photo_actionable,4,WP-CC79-05,부식 검토구간 작성,부식 검토구간 작성,4.6,C-C-79-2026,present_in_base_ttl_same_guide
ci_unrelated_action_filter1,C-C-79-2026,화학설비의 부식 관리문서 개발에 관한 기술지원규정,domain_specific,field_control,photo_actionable,5,WP-CC79-07,부식 위험성평가,부식 위험성평가,4.8,C-C-79-2026,present_in_base_ttl_same_guide
ci_unrelated_action_filter1,C-C-79-2026,화학설비의 부식 관리문서 개발에 관한 기술지원규정,domain_specific,field_control,photo_actionable,6,WP-CC79-09,개별 설비별 부식 설명서 작성,개별 설비별 부식 설명서 작성,4.10,C-C-79-2026,present_in_base_ttl_same_guide
ci_unrelated_action_filter1,C-C-79-2026,화학설비의 부식 관리문서 개발에 관한 기술지원규정,domain_specific,field_control,photo_actionable,7,WP-CC79-04,잠재적 손상메커니즘 종류 및 설명 작성,잠재적 손상메커니즘 종류 및 설명 작성,4.5,C-C-79-2026,present_in_base_ttl_same_guide
ci_unrelated_action_filter1,C-C-79-2026,화학설비의 부식 관리문서 개발에 관한 기술지원규정,domain_specific,field_control,photo_actionable,8,WP-CC79-10,건전성 모니터링(IOW) 개발,건전성 모니터링(IOW) 개발,4.11,C-C-79-2026,present_in_base_ttl_same_guide
ci_unrelated_action_filter1,C-C-8-2026,플랜지 및 개스킷 등의 접합부에 관한 기술지원규정,domain_specific,field_control,photo_actionable,1,WP-CC8-01,개스킷 해체 및 유체 제거,개스킷 해체 및 유체 제거,8,C-C-8-2026,present_in_base_ttl_same_guide
ci_unrelated_action_filter1,C-C-8-2026,플랜지 및 개스킷 등의 접합부에 관한 기술지원규정,domain_specific,field_control,photo_actionable,2,WP-CC8-03,개스킷 조립 및 설치,개스킷 조립 및 설치,8,C-C-8-2026,present_in_base_ttl_same_guide
ci_unrelated_action_filter1,C-C-8-2026,플랜지 및 개스킷 등의 접합부에 관한 기술지원규정,domain_specific,field_control,photo_actionable,3,WP-CC8-02,플랜지면 점검 및 이물질 제거,플랜지면 점검 및 이물질 제거,8,C-C-8-2026,present_in_base_ttl_same_guide
ci_unrelated_action_filter1,C-C-8-2026,플랜지 및 개스킷 등의 접합부에 관한 기술지원규정,domain_specific,field_control,photo_actionable,4,WP-CC8-04,운전 중 누출 관리,운전 중 누출 관리,8,C-C-8-2026,present_in_base_ttl_same_guide
ci_unrelated_action_filter1,C-C-80-2026,사업장 인수합병을 위한 공정안전평가에 관한 기술지원규정,general,field_control,photo_actionable,1,WP-CC80-07,사전 검토,사전 검토,5.1,C-C-80-2026,present_in_base_ttl_same_guide
ci_unrelated_action_filter1,C-C-80-2026,사업장 인수합병을 위한 공정안전평가에 관한 기술지원규정,general,field_control,photo_actionable,2,WP-CC80-01,매수 전(前) 안전보건평가,매수 전(前) 안전보건평가,4.1,C-C-80-2026,present_in_base_ttl_same_guide
ci_unrelated_action_filter1,C-C-80-2026,사업장 인수합병을 위한 공정안전평가에 관한 기술지원규정,general,field_control,photo_actionable,3,WP-CC80-04,안전보건시스템 통합계획,안전보건시스템 통합계획,4.1,C-C-80-2026,present_in_base_ttl_same_guide
ci_unrelated_action_filter1,C-C-80-2026,사업장 인수합병을 위한 공정안전평가에 관한 기술지원규정,general,field_control,photo_actionable,4,WP-CC80-08,체크리스트 검토 실시,체크리스트 검토 실시,5.2,C-C-80-2026,present_in_base_ttl_same_guide
ci_unrelated_action_filter1,C-C-80-2026,사업장 인수합병을 위한 공정안전평가에 관한 기술지원규정,general,field_control,photo_actionable,5,WP-CC80-09,인터넷 및 인트라넷 자료 활용,인터넷 및 인트라넷 자료 활용,5.3,C-C-80-2026,present_in_base_ttl_same_guide
ci_unrelated_action_filter1,C-C-80-2026,사업장 인수합병을 위한 공정안전평가에 관한 기술지원규정,general,field_control,photo_actionable,6,WP-CC80-11,기업실사를 위한 방문 및 문서 검토,기업실사를 위한 방문 및 문서 검토,5.4,C-C-80-2026,present_in_base_ttl_same_guide
ci_unrelated_action_filter1,C-C-80-2026,사업장 인수합병을 위한 공정안전평가에 관한 기술지원규정,general,field_control,photo_actionable,7,WP-CC80-12,제3자 기업실사(VDD) 보고서 검토,제3자 기업실사(VDD) 보고서 검토,5.5,C-C-80-2026,present_in_base_ttl_same_guide
ci_unrelated_action_filter1,C-C-80-2026,사업장 인수합병을 위한 공정안전평가에 관한 기술지원규정,general,field_control,photo_actionable,8,WP-CC80-24,제4단계 : 대상 사업장과 기대하는 목표치 차이 평가,제4단계 : 대상 사업장과 기대하는 목표치 차이 평가,6,C-C-80-2026,present_in_base_ttl_same_guide
ci_unrelated_action_filter1,C-C-81-2026,상대위험순위결정(Dow and Mond Indices)기법에 관한 기술지원규정,domain_specific,measurement_analysis,photo_unmatchable,1,WP-CC81-17,화재폭발지수 결정,화재폭발지수 결정,7,C-C-81-2026,present_in_base_ttl_same_guide
ci_unrelated_action_filter1,C-C-81-2026,상대위험순위결정(Dow and Mond Indices)기법에 관한 기술지원규정,domain_specific,measurement_analysis,photo_unmatchable,2,WP-CC81-19,손실지수 결정,손실지수 결정,9,C-C-81-2026,present_in_base_ttl_same_guide
ci_unrelated_action_filter1,C-C-81-2026,상대위험순위결정(Dow and Mond Indices)기법에 관한 기술지원규정,domain_specific,measurement_analysis,photo_unmatchable,3,WP-CC81-06,물질계수(MF) 결정,물질계수(MF) 결정,5.(1),C-C-81-2026,present_in_base_ttl_same_guide
ci_unrelated_action_filter1,C-C-81-2026,상대위험순위결정(Dow and Mond Indices)기법에 관한 기술지원규정,domain_specific,measurement_analysis,photo_unmatchable,4,WP-CC81-20,기본 최대예상자산손실 결정,기본 최대예상자산손실 결정,10,C-C-81-2026,present_in_base_ttl_same_guide
ci_unrelated_action_filter1,C-C-81-2026,상대위험순위결정(Dow and Mond Indices)기법에 관한 기술지원규정,domain_specific,measurement_analysis,photo_unmatchable,5,WP-CC81-23,화재방지 신뢰지수(C₃) 결정,화재방지 신뢰지수(C₃) 결정,11,C-C-81-2026,present_in_base_ttl_same_guide
ci_unrelated_action_filter1,C-C-82-2026,열매유 보일러에 관한 기술지원규정,exclusive,field_control,photo_actionable,1,WP-CC82-20,열매유 보일러실 방화구획 및 누출방지,열매유 보일러실 방화구획 및 누출방지,8,C-C-82-2026,present_in_base_ttl_same_guide
ci_unrelated_action_filter1,C-C-82-2026,열매유 보일러에 관한 기술지원규정,exclusive,field_control,photo_actionable,2,WP-CC82-02,열매유 회수 - 순환펌프 또는 질소 이용 회수,열매유 회수 - 순환펌프 또는 질소 이용 회수,6.4,C-C-82-2026,present_in_base_ttl_same_guide
ci_unrelated_action_filter1,C-C-82-2026,열매유 보일러에 관한 기술지원규정,exclusive,field_control,photo_actionable,3,WP-CC82-08,열매유 보일러 일반 설계,열매유 보일러 일반 설계,7.1,C-C-82-2026,present_in_base_ttl_same_guide
ci_unrelated_action_filter1,C-C-82-2026,열매유 보일러에 관한 기술지원규정,exclusive,field_control,photo_actionable,4,WP-CC82-09,열매유 보일러 구성 설계,열매유 보일러 구성 설계,7.2,C-C-82-2026,present_in_base_ttl_same_guide
ci_unrelated_action_filter1,C-C-82-2026,열매유 보일러에 관한 기술지원규정,exclusive,field_control,photo_actionable,5,WP-CC82-10,팽창탱크 및 지장탱크 설치,팽창탱크 및 지장탱크 설치,7.3,C-C-82-2026,present_in_base_ttl_same_guide
ci_unrelated_action_filter1,C-C-82-2026,열매유 보일러에 관한 기술지원규정,exclusive,field_control,photo_actionable,6,WP-CC82-19,열매유 보일러 옥외 배치 및 이격거리 확보,열매유 보일러 옥외 배치 및 이격거리 확보,8,C-C-82-2026,present_in_base_ttl_same_guide
ci_unrelated_action_filter1,C-C-82-2026,열매유 보일러에 관한 기술지원규정,exclusive,field_control,photo_actionable,7,WP-CC82-21,안전밸브 설치 및 관리,안전밸브 설치 및 관리,9.1,C-C-82-2026,present_in_base_ttl_same_guide
ci_unrelated_action_filter1,C-C-82-2026,열매유 보일러에 관한 기술지원규정,exclusive,field_control,photo_actionable,8,WP-CC82-22,열매유 보일러 화재·누출 시 비상조치,열매유 보일러 화재·누출 시 비상조치,9.3,C-C-82-2026,present_in_base_ttl_same_guide
ci_unrelated_action_filter1,C-C-83-2026,가스폭발 예방을 위한 폭연방출구 설치에 관한 기술지원규정,exclusive,field_control,photo_actionable,1,WP-CC83-32,그래프에 의한 Factor A 결정,그래프에 의한 Factor A 결정,부록 2,C-C-83-2026,present_in_base_ttl_same_guide
ci_unrelated_action_filter1,C-C-83-2026,가스폭발 예방을 위한 폭연방출구 설치에 관한 기술지원규정,exclusive,field_control,photo_actionable,2,WP-CC83-35,최종 방출구 면적 산출,최종 방출구 면적 산출,부록 2,C-C-83-2026,present_in_base_ttl_same_guide
ci_unrelated_action_filter1,C-C-83-2026,가스폭발 예방을 위한 폭연방출구 설치에 관한 기술지원규정,exclusive,field_control,photo_actionable,3,WP-CC83-01,폭연 방출구 설계,폭연 방출구 설계,5.3.1,C-C-83-2026,present_in_base_ttl_same_guide
ci_unrelated_action_filter1,C-C-83-2026,가스폭발 예방을 위한 폭연방출구 설치에 관한 기술지원규정,exclusive,field_control,photo_actionable,4,WP-CC83-02,방출구 뚜껑 제작 및 설치,방출구 뚜껑 제작 및 설치,5.5,C-C-83-2026,present_in_base_ttl_same_guide
ci_unrelated_action_filter1,C-C-83-2026,가스폭발 예방을 위한 폭연방출구 설치에 관한 기술지원규정,exclusive,field_control,photo_actionable,5,WP-CC83-03,방출용 덕트 설치,방출용 덕트 설치,5.7,C-C-83-2026,present_in_base_ttl_same_guide
ci_unrelated_action_filter1,C-C-83-2026,가스폭발 예방을 위한 폭연방출구 설치에 관한 기술지원규정,exclusive,field_control,photo_actionable,6,WP-CC83-04,방호관(Deflector) 설치,방호관(Deflector) 설치,5.6,C-C-83-2026,present_in_base_ttl_same_guide
ci_unrelated_action_filter1,C-C-83-2026,가스폭발 예방을 위한 폭연방출구 설치에 관한 기술지원규정,exclusive,field_control,photo_actionable,7,WP-CC83-05,배관등 방출구 설치,배관등 방출구 설치,7.2,C-C-83-2026,present_in_base_ttl_same_guide
ci_unrelated_action_filter1,C-C-83-2026,가스폭발 예방을 위한 폭연방출구 설치에 관한 기술지원규정,exclusive,field_control,photo_actionable,8,WP-CC83-06,방출구 유지관리 및 검사,방출구 유지관리 및 검사,5.5,C-C-83-2026,present_in_base_ttl_same_guide
ci_unrelated_action_filter1,C-C-84-2026,연소소각법에 의한 휘발성유기화합물(VOC) 처리설비에 관한 기술지원규정,exclusive,field_control,photo_actionable,1,WP-CC84-09,소각설비 비상 정지 및 비상배출 절차,소각설비 비상 정지 및 비상배출 절차,4.14,C-C-84-2026,present_in_base_ttl_same_guide
ci_unrelated_action_filter1,C-C-84-2026,연소소각법에 의한 휘발성유기화합물(VOC) 처리설비에 관한 기술지원규정,exclusive,field_control,photo_actionable,2,WP-CC84-10,RCO 촉매 유지보수 및 성능시험 절차,RCO 촉매 유지보수 및 성능시험 절차,4.18,C-C-84-2026,present_in_base_ttl_same_guide
ci_unrelated_action_filter1,C-C-84-2026,연소소각법에 의한 휘발성유기화합물(VOC) 처리설비에 관한 기술지원규정,exclusive,field_control,photo_actionable,3,WP-CC84-08,버너 점화 절차,버너 점화 절차,4.13,C-C-84-2026,present_in_base_ttl_same_guide
ci_unrelated_action_filter1,C-C-85-2026,불활성가스 치환에 관한 기술지원규정,exclusive,field_control,photo_actionable,1,WP-CC85-01,진공 치환,진공 치환,6.1,C-C-85-2026,present_in_base_ttl_same_guide
ci_unrelated_action_filter1,C-C-85-2026,불활성가스 치환에 관한 기술지원규정,exclusive,field_control,photo_actionable,2,WP-CC85-02,압력 치환,압력 치환,7.1,C-C-85-2026,present_in_base_ttl_same_guide
ci_unrelated_action_filter1,C-C-85-2026,불활성가스 치환에 관한 기술지원규정,exclusive,field_control,photo_actionable,3,WP-CC85-03,스위프 치환,스위프 치환,8.1,C-C-85-2026,present_in_base_ttl_same_guide
ci_unrelated_action_filter1,C-C-85-2026,불활성가스 치환에 관한 기술지원규정,exclusive,field_control,photo_actionable,4,WP-CC85-04,사이펀 치환,사이펀 치환,9.1,C-C-85-2026,present_in_base_ttl_same_guide
ci_unrelated_action_filter1,C-C-86-2026,공정안전보고서 등의 통합서식 작성방법에 관한 기술지원규정,general,management_program,photo_conditional_followup,1,WP-CC86-10,공정도면정보 작성,공정도면정보 작성,3.3,C-C-86-2026,present_in_base_ttl_same_guide
ci_unrelated_action_filter1,C-C-86-2026,공정안전보고서 등의 통합서식 작성방법에 관한 기술지원규정,general,management_program,photo_conditional_followup,2,WP-CC86-08,공정시설정보 작성,공정시설정보 작성,3.1,C-C-86-2026,present_in_base_ttl_same_guide
ci_unrelated_action_filter1,C-C-86-2026,공정안전보고서 등의 통합서식 작성방법에 관한 기술지원규정,general,management_program,photo_conditional_followup,3,WP-CC86-12,전기관련 정보 작성,전기관련 정보 작성,3.5,C-C-86-2026,present_in_base_ttl_same_guide
ci_unrelated_action_filter1,C-C-86-2026,공정안전보고서 등의 통합서식 작성방법에 관한 기술지원규정,general,management_program,photo_conditional_followup,4,WP-CC86-23,장외평가정보 작성,장외평가정보 작성,7,C-C-86-2026,present_in_base_ttl_same_guide
ci_unrelated_action_filter1,C-C-86-2026,공정안전보고서 등의 통합서식 작성방법에 관한 기술지원규정,general,management_program,photo_conditional_followup,5,WP-CC86-24,비상대응계획 수립,비상대응계획 수립,8,C-C-86-2026,present_in_base_ttl_same_guide
ci_unrelated_action_filter1,C-C-86-2026,공정안전보고서 등의 통합서식 작성방법에 관한 기술지원규정,general,management_program,photo_conditional_followup,6,WP-CC86-37,세척·세안시설 및 국소배기장치 설치계획 수립,세척·세안시설 및 국소배기장치 설치계획 수립,별지 제21호 서식,C-C-86-2026,present_in_base_ttl_same_guide
ci_unrelated_action_filter1,C-C-87-2026,가스누출감지경보기 설치 및 유지보수에 관한 기술지원규정,exclusive,field_control,photo_actionable,1,WP-CC87-09,감지기 설치 위치 선정 및 환경 검토,감지기 설치 위치 선정 및 환경 검토,6.1,C-C-87-2026,present_in_base_ttl_same_guide
ci_unrelated_action_filter1,C-C-87-2026,가스누출감지경보기 설치 및 유지보수에 관한 기술지원규정,exclusive,field_control,photo_actionable,2,WP-CC87-11,폭발위험지역 감지기 설치,폭발위험지역 감지기 설치,6.1,C-C-87-2026,present_in_base_ttl_same_guide
ci_unrelated_action_filter1,C-C-87-2026,가스누출감지경보기 설치 및 유지보수에 관한 기술지원규정,exclusive,field_control,photo_actionable,3,WP-CC87-12,전원공급 장치 설치,전원공급 장치 설치,6.1,C-C-87-2026,present_in_base_ttl_same_guide
ci_unrelated_action_filter1,C-C-87-2026,가스누출감지경보기 설치 및 유지보수에 관한 기술지원규정,exclusive,field_control,photo_actionable,4,WP-CC87-23,교정 실시,교정 실시,8.1,C-C-87-2026,present_in_base_ttl_same_guide
ci_unrelated_action_filter1,C-C-87-2026,가스누출감지경보기 설치 및 유지보수에 관한 기술지원규정,exclusive,field_control,photo_actionable,5,WP-CC87-25,정기 유지보수,정기 유지보수,8.3,C-C-87-2026,present_in_base_ttl_same_guide
ci_unrelated_action_filter1,C-C-87-2026,가스누출감지경보기 설치 및 유지보수에 관한 기술지원규정,exclusive,field_control,photo_actionable,6,WP-CC87-38,응답성능(감도) 점검,응답성능(감도) 점검,부록 4-2,C-C-87-2026,present_in_base_ttl_same_guide
ci_unrelated_action_filter1,C-C-87-2026,가스누출감지경보기 설치 및 유지보수에 관한 기술지원규정,exclusive,field_control,photo_actionable,7,WP-CC87-39,휴대용 가스감지기 점검,휴대용 가스감지기 점검,부록 4-3,C-C-87-2026,present_in_base_ttl_same_guide
ci_unrelated_action_filter1,C-C-87-2026,가스누출감지경보기 설치 및 유지보수에 관한 기술지원규정,exclusive,field_control,photo_actionable,8,WP-CC87-40,고정용 감지기 점검,고정용 감지기 점검,부록 4-4,C-C-87-2026,present_in_base_ttl_same_guide
ci_unrelated_action_filter1,C-C-88-2026,방유제 설치에 관한 기술지원규정,exclusive,field_control,photo_actionable,1,WP-CC88-03,방유제 구조물 시공,방유제 구조물 시공,8,C-C-88-2026,present_in_base_ttl_same_guide
ci_unrelated_action_filter1,C-C-88-2026,방유제 설치에 관한 기술지원규정,exclusive,field_control,photo_actionable,2,WP-CC88-02,방유제 설계 및 유효용량 산정,방유제 설계 및 유효용량 산정,6,C-C-88-2026,present_in_base_ttl_same_guide
ci_unrelated_action_filter1,C-C-88-2026,방유제 설치에 관한 기술지원규정,exclusive,field_control,photo_actionable,3,WP-CC88-01,저장탱크 배치 계획,저장탱크 배치 계획,5,C-C-88-2026,present_in_base_ttl_same_guide
ci_unrelated_action_filter1,C-C-88-2026,방유제 설치에 관한 기술지원규정,exclusive,field_control,photo_actionable,4,WP-CC88-05,배수설비 및 내부설비 설치,배수설비 및 내부설비 설치,10,C-C-88-2026,present_in_base_ttl_same_guide
ci_unrelated_action_filter1,C-C-88-2026,방유제 설치에 관한 기술지원규정,exclusive,field_control,photo_actionable,5,WP-CC88-04,관통 배관 설치,관통 배관 설치,9,C-C-88-2026,present_in_base_ttl_same_guide
ci_unrelated_action_filter1,C-C-89-2026,내화구조에 관한 기술지원규정,exclusive,field_control,photo_actionable,1,WP-CC89-01,내화구조 대상 선정 및 범위 결정,내화구조 대상 선정 및 범위 결정,5,C-C-89-2026,present_in_base_ttl_same_guide
ci_unrelated_action_filter1,C-C-89-2026,내화구조에 관한 기술지원규정,exclusive,field_control,photo_actionable,2,WP-CC89-03,내화구조 시공,내화구조 시공,6.2,C-C-89-2026,present_in_base_ttl_same_guide
ci_unrelated_action_filter1,C-C-89-2026,내화구조에 관한 기술지원규정,exclusive,field_control,photo_actionable,3,WP-CC89-05,내화구조 정기점검 및 보수,내화구조 정기점검 및 보수,6.3,C-C-89-2026,present_in_base_ttl_same_guide
ci_unrelated_action_filter1,C-C-89-2026,내화구조에 관한 기술지원규정,exclusive,field_control,photo_actionable,4,WP-CC89-02,내화재료 선정 및 내화시간 결정,내화재료 선정 및 내화시간 결정,6.1,C-C-89-2026,present_in_base_ttl_same_guide
ci_unrelated_action_filter1,C-C-89-2026,내화구조에 관한 기술지원규정,exclusive,field_control,photo_actionable,5,WP-CC89-04,시공 후 품질검사,시공 후 품질검사,6.2,C-C-89-2026,present_in_base_ttl_same_guide
ci_unrelated_action_filter1,C-C-9-2026,긴급차단밸브의 설치에 관한 기술지원규정,exclusive,field_control,photo_actionable,1,WP-CC9-01,긴급차단밸브 설치대상 결정,긴급차단밸브 설치대상 결정,6,C-C-9-2026,present_in_base_ttl_same_guide
ci_unrelated_action_filter1,C-C-9-2026,긴급차단밸브의 설치에 관한 기술지원규정,exclusive,field_control,photo_actionable,2,WP-CC9-03,긴급차단밸브 설치위치 결정 및 설치,긴급차단밸브 설치위치 결정 및 설치,7,C-C-9-2026,present_in_base_ttl_same_guide
ci_unrelated_action_filter1,C-C-9-2026,긴급차단밸브의 설치에 관한 기술지원규정,exclusive,field_control,photo_actionable,3,WP-CC9-02,긴급차단밸브 구조·기능 확인 및 선정,긴급차단밸브 구조·기능 확인 및 선정,5,C-C-9-2026,present_in_base_ttl_same_guide
ci_unrelated_action_filter1,C-C-9-2026,긴급차단밸브의 설치에 관한 기술지원규정,exclusive,field_control,photo_actionable,4,WP-CC9-04,긴급차단밸브 시험 및 점검,긴급차단밸브 시험 및 점검,8,C-C-9-2026,present_in_base_ttl_same_guide
ci_unrelated_action_filter1,C-C-90-2026,안전밸브 등의 배출용량 산정 및 설치 등에 관한 기술지원규정,exclusive,field_control,photo_actionable,1,WP-CC90-10,안전밸브 등 설치대상 확인,안전밸브 등 설치대상 확인,5.1,C-C-90-2026,present_in_base_ttl_same_guide
ci_unrelated_action_filter1,C-C-90-2026,안전밸브 등의 배출용량 산정 및 설치 등에 관한 기술지원규정,exclusive,field_control,photo_actionable,2,WP-CC90-42,안전밸브 토출배관 설치,안전밸브 토출배관 설치,8.2,C-C-90-2026,present_in_base_ttl_same_guide
ci_unrelated_action_filter1,C-C-90-2026,안전밸브 등의 배출용량 산정 및 설치 등에 관한 기술지원규정,exclusive,field_control,photo_actionable,3,WP-CC90-12,설정압력 결정,설정압력 결정,5.3,C-C-90-2026,present_in_base_ttl_same_guide
ci_unrelated_action_filter1,C-C-90-2026,안전밸브 등의 배출용량 산정 및 설치 등에 관한 기술지원규정,exclusive,field_control,photo_actionable,4,WP-CC90-13,축적압력 확인,축적압력 확인,5.4,C-C-90-2026,present_in_base_ttl_same_guide
ci_unrelated_action_filter1,C-C-90-2026,안전밸브 등의 배출용량 산정 및 설치 등에 관한 기술지원규정,exclusive,field_control,photo_actionable,5,WP-CC90-41,안전밸브 인입배관 설치,안전밸브 인입배관 설치,8.2,C-C-90-2026,present_in_base_ttl_same_guide
ci_unrelated_action_filter1,C-C-90-2026,안전밸브 등의 배출용량 산정 및 설치 등에 관한 기술지원규정,exclusive,field_control,photo_actionable,6,WP-CC90-44,차단밸브 설치 및 잠금 관리,차단밸브 설치 및 잠금 관리,8.3,C-C-90-2026,present_in_base_ttl_same_guide
ci_unrelated_action_filter1,C-C-90-2026,안전밸브 등의 배출용량 산정 및 설치 등에 관한 기술지원규정,exclusive,field_control,photo_actionable,7,WP-CC90-11,파열관 설치 필요성 판단,파열관 설치 필요성 판단,5.2,C-C-90-2026,present_in_base_ttl_same_guide
ci_unrelated_action_filter1,C-C-90-2026,안전밸브 등의 배출용량 산정 및 설치 등에 관한 기술지원규정,exclusive,field_control,photo_actionable,8,WP-CC90-18,액체부피 팽창(Hydraulic expansion) 소요분출량 산정,액체부피 팽창(Hydraulic expansion) 소요분출량 산정,6.11,C-C-90-2026,present_in_base_ttl_same_guide
ci_unrelated_action_filter1,C-C-91-2026,화학설비 배관 등의 비파괴검사 및 열처리에 관한 기술지원규정,exclusive,field_control,photo_actionable,1,WP-CC91-08,비파괴검사 방법 선정 및 실시,비파괴검사 방법 선정 및 실시,4.1,C-C-91-2026,present_in_base_ttl_same_guide
ci_unrelated_action_filter1,C-C-91-2026,화학설비 배관 등의 비파괴검사 및 열처리에 관한 기술지원규정,exclusive,field_control,photo_actionable,2,WP-CC91-26,국부 화염 가열 (Local flame heating treatment),국부 화염 가열 (Local flame heating treatment),7.1.3,C-C-91-2026,present_in_base_ttl_same_guide
ci_unrelated_action_filter1,C-C-91-2026,화학설비 배관 등의 비파괴검사 및 열처리에 관한 기술지원규정,exclusive,field_control,photo_actionable,3,WP-CC91-27,전기저항 가열 (Electric resistance heating treatment),전기저항 가열 (Electric resistance heating treatment),7.1.3,C-C-91-2026,present_in_base_ttl_same_guide
ci_unrelated_action_filter1,C-C-91-2026,화학설비 배관 등의 비파괴검사 및 열처리에 관한 기술지원규정,exclusive,field_control,photo_actionable,4,WP-CC91-31,국부 열처리,국부 열처리,7.6,C-C-91-2026,present_in_base_ttl_same_guide
ci_unrelated_action_filter1,C-C-91-2026,화학설비 배관 등의 비파괴검사 및 열처리에 관한 기술지원규정,exclusive,field_control,photo_actionable,5,WP-CC91-07,비파괴검사율 선정,비파괴검사율 선정,4.3,C-C-91-2026,present_in_base_ttl_same_guide
ci_unrelated_action_filter1,C-C-91-2026,화학설비 배관 등의 비파괴검사 및 열처리에 관한 기술지원규정,exclusive,field_control,photo_actionable,6,WP-CC91-12,방사선투과시험(RT),방사선투과시험(RT),5.1,C-C-91-2026,present_in_base_ttl_same_guide
ci_unrelated_action_filter1,C-C-91-2026,화학설비 배관 등의 비파괴검사 및 열처리에 관한 기술지원규정,exclusive,field_control,photo_actionable,7,WP-CC91-16,비파괴검사 재시험,비파괴검사 재시험,5.5,C-C-91-2026,present_in_base_ttl_same_guide
ci_unrelated_action_filter1,C-C-91-2026,화학설비 배관 등의 비파괴검사 및 열처리에 관한 기술지원규정,exclusive,field_control,photo_actionable,8,WP-CC91-25,노내 열처리 (Furnace heat treatment),노내 열처리 (Furnace heat treatment),7.1.3,C-C-91-2026,present_in_base_ttl_same_guide
ci_unrelated_action_filter1,C-C-92-2026,자체감사에 관한 기술지원규정,exclusive,document_reference,photo_unmatchable,1,WP-CC92-06,공정안전보고서 자체감사 시행,공정안전보고서 자체감사 시행,7.1,C-C-92-2026,present_in_base_ttl_same_guide
ci_unrelated_action_filter1,C-C-92-2026,자체감사에 관한 기술지원규정,exclusive,document_reference,photo_unmatchable,2,WP-CC92-01,감사계획 수립,감사계획 수립,5.1,C-C-92-2026,present_in_base_ttl_same_guide
ci_unrelated_action_filter1,C-C-92-2026,자체감사에 관한 기술지원규정,exclusive,document_reference,photo_unmatchable,3,WP-CC92-07,확인 면제용 자체감사 시행,확인 면제용 자체감사 시행,7.2,C-C-92-2026,present_in_base_ttl_same_guide
ci_unrelated_action_filter1,C-C-92-2026,자체감사에 관한 기술지원규정,exclusive,document_reference,photo_unmatchable,4,WP-CC92-15,직책별 면담 실시,직책별 면담 실시,별지 서식1,C-C-92-2026,present_in_base_ttl_same_guide
ci_unrelated_action_filter1,C-C-92-2026,자체감사에 관한 기술지원규정,exclusive,document_reference,photo_unmatchable,5,WP-CC92-16,자체감사 결과 종합의견 작성,자체감사 결과 종합의견 작성,별지 서식1,C-C-92-2026,present_in_base_ttl_same_guide
ci_unrelated_action_filter1,C-C-92-2026,자체감사에 관한 기술지원규정,exclusive,document_reference,photo_unmatchable,6,WP-CC92-44,설치과정 공정안전자료 감사,설치과정 공정안전자료 감사,별지 서식3,C-C-92-2026,present_in_base_ttl_same_guide
ci_unrelated_action_filter1,C-C-92-2026,자체감사에 관한 기술지원규정,exclusive,document_reference,photo_unmatchable,7,WP-CC92-02,감사점검표 작성,감사점검표 작성,5.2,C-C-92-2026,present_in_base_ttl_same_guide
ci_unrelated_action_filter1,C-C-92-2026,자체감사에 관한 기술지원규정,exclusive,document_reference,photo_unmatchable,8,WP-CC92-03,감사팀 구성,감사팀 구성,6,C-C-92-2026,present_in_base_ttl_same_guide
ci_unrelated_action_filter1,C-C-93-2026,상압저장탱크의 형식선정 및 설계에 관한 기술지원규정,exclusive,field_control,photo_actionable,1,WP-CC93-07,실링 설치,실링 설치,7,C-C-93-2026,present_in_base_ttl_same_guide
ci_unrelated_action_filter1,C-C-93-2026,상압저장탱크의 형식선정 및 설계에 관한 기술지원규정,exclusive,field_control,photo_actionable,2,WP-CC93-11,통기설비 설치,통기설비 설치,11.1,C-C-93-2026,present_in_base_ttl_same_guide
ci_unrelated_action_filter1,C-C-93-2026,상압저장탱크의 형식선정 및 설계에 관한 기술지원규정,exclusive,field_control,photo_actionable,3,WP-CC93-02,설계압력 결정,설계압력 결정,6.1,C-C-93-2026,present_in_base_ttl_same_guide
ci_unrelated_action_filter1,C-C-94-2026,파열판의 설치 및 교환 등에 관한 기술지원규정,exclusive,field_control,photo_actionable,1,WP-CC94-02,파열판 플랜지 및 배관 선정,파열판 플랜지 및 배관 선정,6,C-C-94-2026,present_in_base_ttl_same_guide
ci_unrelated_action_filter1,C-C-94-2026,파열판의 설치 및 교환 등에 관한 기술지원규정,exclusive,field_control,photo_actionable,2,WP-CC94-04,파열판 점검 및 교환,파열판 점검 및 교환,10,C-C-94-2026,present_in_base_ttl_same_guide
ci_unrelated_action_filter1,C-C-94-2026,파열판의 설치 및 교환 등에 관한 기술지원규정,exclusive,field_control,photo_actionable,3,WP-CC94-01,파열판 크기 산정,파열판 크기 산정,5,C-C-94-2026,present_in_base_ttl_same_guide
ci_unrelated_action_filter1,C-C-94-2026,파열판의 설치 및 교환 등에 관한 기술지원규정,exclusive,field_control,photo_actionable,4,WP-CC94-03,파열판 설치,파열판 설치,7,C-C-94-2026,present_in_base_ttl_same_guide
ci_unrelated_action_filter1,D-1-2021,미압 배관 등에서의 폭연 방산구 설치에 관한 기술지침,exclusive,field_control,photo_actionable,1,WP-D1-01,폭연 방산구 설계,폭연 방산구 설계,4,D-1-2021,present_in_base_ttl_same_guide
ci_unrelated_action_filter1,D-1-2021,미압 배관 등에서의 폭연 방산구 설치에 관한 기술지침,exclusive,field_control,photo_actionable,2,WP-D1-32,배관·덕트 복수 폭연 방산구 설치,배관·덕트 복수 폭연 방산구 설치,7,D-1-2021,present_in_base_ttl_same_guide
ci_unrelated_action_filter1,D-1-2021,미압 배관 등에서의 폭연 방산구 설치에 관한 기술지침,exclusive,field_control,photo_actionable,3,WP-D1-02,폭연 방산구 설치,폭연 방산구 설치,4,D-1-2021,present_in_base_ttl_same_guide
ci_unrelated_action_filter1,D-1-2021,미압 배관 등에서의 폭연 방산구 설치에 관한 기술지침,exclusive,field_control,photo_actionable,4,WP-D1-14,파이어 볼 위험지역 산정,파이어 볼 위험지역 산정,5.6,D-1-2021,present_in_base_ttl_same_guide
ci_unrelated_action_filter1,D-1-2021,미압 배관 등에서의 폭연 방산구 설치에 관한 기술지침,exclusive,field_control,photo_actionable,5,WP-D1-15,가벼운 폭연 방산구 최소 면적 계산,가벼운 폭연 방산구 최소 면적 계산,6.2,D-1-2021,present_in_base_ttl_same_guide
ci_unrelated_action_filter1,D-1-2021,미압 배관 등에서의 폭연 방산구 설치에 관한 기술지침,exclusive,field_control,photo_actionable,6,WP-D1-19,분할 방산구 면적 계산,분할 방산구 면적 계산,6.4,D-1-2021,present_in_base_ttl_same_guide
ci_unrelated_action_filter1,D-1-2021,미압 배관 등에서의 폭연 방산구 설치에 관한 기술지침,exclusive,field_control,photo_actionable,7,WP-D1-25,배관 연결 밀폐공간 방산 설계,배관 연결 밀폐공간 방산 설계,6.10,D-1-2021,present_in_base_ttl_same_guide
ci_unrelated_action_filter1,D-1-2021,미압 배관 등에서의 폭연 방산구 설치에 관한 기술지침,exclusive,field_control,photo_actionable,8,WP-D1-33,상시 개방 방산구 설치,상시 개방 방산구 설치,8,D-1-2021,present_in_base_ttl_same_guide
ci_unrelated_action_filter1,D-12-2012,분진폭발방지에 관한 기술지침,exclusive,field_control,photo_actionable,1,WP-D12-03,점화원 관리 및 접지,점화원 관리 및 접지,8,D-12-2012,present_in_base_ttl_same_guide
ci_unrelated_action_filter1,D-12-2012,분진폭발방지에 관한 기술지침,exclusive,field_control,photo_actionable,2,WP-D12-05,폭발 방호장치 설치,폭발 방호장치 설치,11,D-12-2012,present_in_base_ttl_same_guide
ci_unrelated_action_filter1,D-12-2012,분진폭발방지에 관한 기술지침,exclusive,field_control,photo_actionable,3,WP-D12-01,분진제거 및 설비 밀폐,분진제거 및 설비 밀폐,4,D-12-2012,present_in_base_ttl_same_guide
ci_unrelated_action_filter1,D-12-2012,분진폭발방지에 관한 기술지침,exclusive,field_control,photo_actionable,4,WP-D12-02,제진설비 설치 및 운영,제진설비 설치 및 운영,7,D-12-2012,present_in_base_ttl_same_guide
ci_unrelated_action_filter1,D-12-2012,분진폭발방지에 관한 기술지침,exclusive,field_control,photo_actionable,5,WP-D12-04,불활성가스 봉입,불활성가스 봉입,10,D-12-2012,present_in_base_ttl_same_guide
ci_unrelated_action_filter1,D-13-2012,염소저장설비에 관한 기술지침,exclusive,field_control,photo_actionable,1,WP-D13-06,방유제 및 부대설비 설치,방유제 및 부대설비 설치,4.13,D-13-2012,present_in_base_ttl_same_guide
ci_unrelated_action_filter1,D-13-2012,염소저장설비에 관한 기술지침,exclusive,field_control,photo_actionable,2,WP-D13-03,배관 설치,배관 설치,4.7,D-13-2012,present_in_base_ttl_same_guide
ci_unrelated_action_filter1,D-13-2012,염소저장설비에 관한 기술지침,exclusive,field_control,photo_actionable,3,WP-D13-09,염소 이송 (펌프 방식),염소 이송 (펌프 방식),4.15,D-13-2012,present_in_base_ttl_same_guide
ci_unrelated_action_filter1,D-13-2012,염소저장설비에 관한 기술지침,exclusive,field_control,photo_actionable,4,WP-D13-10,세정설비 설치 및 운영,세정설비 설치 및 운영,4.17,D-13-2012,present_in_base_ttl_same_guide
ci_unrelated_action_filter1,D-13-2012,염소저장설비에 관한 기술지침,exclusive,field_control,photo_actionable,5,WP-D13-01,저장탱크 설계 및 재질 선정,저장탱크 설계 및 재질 선정,4.1,D-13-2012,present_in_base_ttl_same_guide
ci_unrelated_action_filter1,D-13-2012,염소저장설비에 관한 기술지침,exclusive,field_control,photo_actionable,6,WP-D13-02,저장설비 제작 및 검사,저장설비 제작 및 검사,4.4,D-13-2012,present_in_base_ttl_same_guide
ci_unrelated_action_filter1,D-13-2012,염소저장설비에 관한 기술지침,exclusive,field_control,photo_actionable,7,WP-D13-04,안전장치 설치,안전장치 설치,4.8,D-13-2012,present_in_base_ttl_same_guide
ci_unrelated_action_filter1,D-13-2012,염소저장설비에 관한 기술지침,exclusive,field_control,photo_actionable,8,WP-D13-08,염소 이송 (가스밀봉 방식),염소 이송 (가스밀봉 방식),4.15,D-13-2012,present_in_base_ttl_same_guide
ci_unrelated_action_filter1,D-16-2012,폭발억제장치의 설치 기술지침,exclusive,field_control,photo_actionable,1,WP-D16-01,폭발억제장치 설계,폭발억제장치 설계,5,D-16-2012,present_in_base_ttl_same_guide
ci_unrelated_action_filter1,D-16-2012,폭발억제장치의 설치 기술지침,exclusive,field_control,photo_actionable,2,WP-D16-03,전원장치 및 감시회로 설치,전원장치 및 감시회로 설치,6,D-16-2012,present_in_base_ttl_same_guide
ci_unrelated_action_filter1,D-16-2012,폭발억제장치의 설치 기술지침,exclusive,field_control,photo_actionable,3,WP-D16-05,보수작업,보수작업,7,D-16-2012,present_in_base_ttl_same_guide
ci_unrelated_action_filter1,D-2-2012,활성탄  흡착설비의 안전설치에 관한 기술지침,exclusive,field_control,photo_actionable,1,WP-D2-03,흡착 운전,흡착 운전,4.4,D-2-2012,present_in_base_ttl_same_guide
ci_unrelated_action_filter1,D-2-2012,활성탄  흡착설비의 안전설치에 관한 기술지침,exclusive,field_control,photo_actionable,2,WP-D2-02,탄소 안정화(Pre-conditioning),탄소 안정화(Pre-conditioning),4.6.1,D-2-2012,present_in_base_ttl_same_guide
ci_unrelated_action_filter1,D-2-2012,활성탄  흡착설비의 안전설치에 관한 기술지침,exclusive,field_control,photo_actionable,3,WP-D2-01,흡착설비 설치,흡착설비 설치,4.1,D-2-2012,present_in_base_ttl_same_guide
ci_unrelated_action_filter1,D-2-2012,활성탄  흡착설비의 안전설치에 관한 기술지침,exclusive,field_control,photo_actionable,4,WP-D2-04,탈착(Desorption),탈착(Desorption),4.5,D-2-2012,present_in_base_ttl_same_guide
ci_unrelated_action_filter1,D-2-2012,활성탄  흡착설비의 안전설치에 관한 기술지침,exclusive,field_control,photo_actionable,5,WP-D2-05,국소과열점 검출 및 완화,국소과열점 검출 및 완화,5,D-2-2012,present_in_base_ttl_same_guide
ci_unrelated_action_filter1,D-20-2017,위험물질 저장취급 화학설비의 고무라이닝에 관한 기술지침,exclusive,field_control,photo_actionable,1,WP-D20-01,화학설비 구조 설계 및 제작,화학설비 구조 설계 및 제작,4,D-20-2017,present_in_base_ttl_same_guide
ci_unrelated_action_filter1,D-20-2017,위험물질 저장취급 화학설비의 고무라이닝에 관한 기술지침,exclusive,field_control,photo_actionable,2,WP-D20-07,경화,경화,13,D-20-2017,present_in_base_ttl_same_guide
ci_unrelated_action_filter1,D-20-2017,위험물질 저장취급 화학설비의 고무라이닝에 관한 기술지침,exclusive,field_control,photo_actionable,3,WP-D20-02,화학설비 시험,화학설비 시험,5,D-20-2017,present_in_base_ttl_same_guide
ci_unrelated_action_filter1,D-20-2017,위험물질 저장취급 화학설비의 고무라이닝에 관한 기술지침,exclusive,field_control,photo_actionable,4,WP-D20-04,라이닝 재료 선정,라이닝 재료 선정,8,D-20-2017,present_in_base_ttl_same_guide
ci_unrelated_action_filter1,D-20-2017,위험물질 저장취급 화학설비의 고무라이닝에 관한 기술지침,exclusive,field_control,photo_actionable,5,WP-D20-05,표면처리,표면처리,11,D-20-2017,present_in_base_ttl_same_guide
ci_unrelated_action_filter1,D-20-2017,위험물질 저장취급 화학설비의 고무라이닝에 관한 기술지침,exclusive,field_control,photo_actionable,6,WP-D20-08,제품 시험,제품 시험,14,D-20-2017,present_in_base_ttl_same_guide
ci_unrelated_action_filter1,D-21-2012,옥외저장탱크의 포 소화설비 설계지침,exclusive,field_control,photo_actionable,1,WP-D21-01,포 소화설비 설계 계획 수립,포 소화설비 설계 계획 수립,2,D-21-2012,present_in_base_ttl_same_guide
ci_unrelated_action_filter1,D-21-2012,옥외저장탱크의 포 소화설비 설계지침,exclusive,field_control,photo_actionable,2,WP-D21-02,고정포 방출구 설치,고정포 방출구 설치,4.2,D-21-2012,present_in_base_ttl_same_guide
ci_unrelated_action_filter1,D-22-2012,가연성가스 및 증기혼합물의 폭발한계 산정에 관한 기술지침,domain_specific,field_control,photo_actionable,1,WP-D22-01,가스 등 혼합물의 폭발하한계 산정,가스 등 혼합물의 폭발하한계 산정,4.1,D-22-2012,present_in_base_ttl_same_guide
ci_unrelated_action_filter1,D-22-2012,가연성가스 및 증기혼합물의 폭발한계 산정에 관한 기술지침,domain_specific,field_control,photo_actionable,2,WP-D22-03,가스 등 혼합물의 폭발상한계 산정,가스 등 혼합물의 폭발상한계 산정,5.1,D-22-2012,present_in_base_ttl_same_guide
ci_unrelated_action_filter1,D-24-2012,화학설비의 안전설계 일반기준에 관한 기술지침,exclusive,field_control,photo_actionable,1,WP-D24-05,단순화(Simplification) 설계,단순화(Simplification) 설계,8,D-24-2012,present_in_base_ttl_same_guide
ci_unrelated_action_filter1,D-28-2012,소규모사업장에서의 화재·폭발사고 방지를 위한 기술지침,exclusive,field_control,photo_actionable,1,WP-D28-07,폭발 및 피해확산방지,폭발 및 피해확산방지,6,D-28-2012,present_in_base_ttl_same_guide
ci_unrelated_action_filter1,D-28-2012,소규모사업장에서의 화재·폭발사고 방지를 위한 기술지침,exclusive,field_control,photo_actionable,2,WP-D28-01,화재 국한 대책,화재 국한 대책,4.1,D-28-2012,present_in_base_ttl_same_guide
ci_unrelated_action_filter1,D-28-2012,소규모사업장에서의 화재·폭발사고 방지를 위한 기술지침,exclusive,field_control,photo_actionable,3,WP-D28-02,소화 대책,소화 대책,4.2,D-28-2012,present_in_base_ttl_same_guide
ci_unrelated_action_filter1,D-28-2012,소규모사업장에서의 화재·폭발사고 방지를 위한 기술지침,exclusive,field_control,photo_actionable,4,WP-D28-04,폭발분위기 형성 방지,폭발분위기 형성 방지,5.1,D-28-2012,present_in_base_ttl_same_guide
ci_unrelated_action_filter1,D-28-2012,소규모사업장에서의 화재·폭발사고 방지를 위한 기술지침,exclusive,field_control,photo_actionable,5,WP-D28-05,착화원 관리,착화원 관리,5.3,D-28-2012,present_in_base_ttl_same_guide
ci_unrelated_action_filter1,D-3-2012,유지공장의 용제추출공정 안전설계 및 운전에 관한 기술지침,exclusive,field_control,photo_actionable,1,WP-D3-05,정지 및 퍼지 중 보수,정지 및 퍼지 중 보수,4.2.2,D-3-2012,present_in_base_ttl_same_guide
ci_unrelated_action_filter1,D-3-2012,유지공장의 용제추출공정 안전설계 및 운전에 관한 기술지침,exclusive,field_control,photo_actionable,2,WP-D3-34,공정 설비 통기 및 비상통기 설치,공정 설비 통기 및 비상통기 설치,7.8.1,D-3-2012,present_in_base_ttl_same_guide
ci_unrelated_action_filter1,D-3-2012,유지공장의 용제추출공정 안전설계 및 운전에 관한 기술지침,exclusive,field_control,photo_actionable,3,WP-D3-01,운전 및 유지관리,운전 및 유지관리,4.1.1,D-3-2012,present_in_base_ttl_same_guide
ci_unrelated_action_filter1,D-3-2012,유지공장의 용제추출공정 안전설계 및 운전에 관한 기술지침,exclusive,field_control,photo_actionable,4,WP-D3-07,용제 이송,용제 이송,4.3.1,D-3-2012,present_in_base_ttl_same_guide
ci_unrelated_action_filter1,D-3-2012,유지공장의 용제추출공정 안전설계 및 운전에 관한 기술지침,exclusive,field_control,photo_actionable,5,WP-D3-08,벌크 용제 하역,벌크 용제 하역,5.5,D-3-2012,present_in_base_ttl_same_guide
ci_unrelated_action_filter1,D-3-2012,유지공장의 용제추출공정 안전설계 및 운전에 관한 기술지침,exclusive,field_control,photo_actionable,6,WP-D3-09,준비 공정,준비 공정,6,D-3-2012,present_in_base_ttl_same_guide
ci_unrelated_action_filter1,D-3-2012,유지공장의 용제추출공정 안전설계 및 운전에 관한 기술지침,exclusive,field_control,photo_actionable,7,WP-D3-33,전기 설비 설치 및 정전기 방지,전기 설비 설치 및 정전기 방지,7.5,D-3-2012,present_in_base_ttl_same_guide
ci_unrelated_action_filter1,D-3-2012,유지공장의 용제추출공정 안전설계 및 운전에 관한 기술지침,exclusive,field_control,photo_actionable,8,WP-D3-35,고체 이송 및 분쇄 공정,고체 이송 및 분쇄 공정,7.8.2,D-3-2012,present_in_base_ttl_same_guide
ci_unrelated_action_filter1,D-30-2012,고열로부터 압력용기 보호에 관한 기술지침,exclusive,field_control,photo_actionable,1,WP-D30-03,물분무 설비 설치,물분무 설비 설치,7,D-30-2012,present_in_base_ttl_same_guide
ci_unrelated_action_filter1,D-30-2012,고열로부터 압력용기 보호에 관한 기술지침,exclusive,field_control,photo_actionable,2,WP-D30-04,내부 감압,내부 감압,8,D-30-2012,present_in_base_ttl_same_guide
ci_unrelated_action_filter1,D-32-2012,제어실의 위치선정 및 설계에 관한 기술지침,exclusive,field_control,photo_actionable,1,WP-D32-02,제어실 구조 설계 (공통),제어실 구조 설계 (공통),4.2,D-32-2012,present_in_base_ttl_same_guide
ci_unrelated_action_filter1,D-32-2012,제어실의 위치선정 및 설계에 관한 기술지침,exclusive,field_control,photo_actionable,2,WP-D32-01,제어실 위치 선정,제어실 위치 선정,4.1,D-32-2012,present_in_base_ttl_same_guide
ci_unrelated_action_filter1,D-32-2012,제어실의 위치선정 및 설계에 관한 기술지침,exclusive,field_control,photo_actionable,3,WP-D32-03,화재 보호대책 적용,화재 보호대책 적용,6,D-32-2012,present_in_base_ttl_same_guide
ci_unrelated_action_filter1,D-32-2012,제어실의 위치선정 및 설계에 관한 기술지침,exclusive,field_control,photo_actionable,4,WP-D32-04,개방계 증기운폭발 보호대책 적용,개방계 증기운폭발 보호대책 적용,7.2,D-32-2012,present_in_base_ttl_same_guide
ci_unrelated_action_filter1,D-33-2012,가스 및 증기상의 화재폭발위험성이 있는 설비의 설계에 관한 기술지침,exclusive,field_control,photo_actionable,1,WP-D33-02,폭발범위 회피 검토,폭발범위 회피 검토,7.2,D-33-2012,present_in_base_ttl_same_guide
ci_unrelated_action_filter1,D-33-2012,가스 및 증기상의 화재폭발위험성이 있는 설비의 설계에 관한 기술지침,exclusive,field_control,photo_actionable,2,WP-D33-04,폭발압력 방출 설비 검토,폭발압력 방출 설비 검토,7.4,D-33-2012,present_in_base_ttl_same_guide
ci_unrelated_action_filter1,D-33-2012,가스 및 증기상의 화재폭발위험성이 있는 설비의 설계에 관한 기술지침,exclusive,field_control,photo_actionable,3,WP-D33-05,점화원 제거 검토,점화원 제거 검토,7.5,D-33-2012,present_in_base_ttl_same_guide
ci_unrelated_action_filter1,D-33-2012,가스 및 증기상의 화재폭발위험성이 있는 설비의 설계에 관한 기술지침,exclusive,field_control,photo_actionable,4,WP-D33-06,폭발억제장치 설치 검토,폭발억제장치 설치 검토,7.6,D-33-2012,present_in_base_ttl_same_guide
ci_unrelated_action_filter1,D-34-2013,무수암모니아 저장에 관한 기술지침,exclusive,field_control,photo_actionable,1,WP-D34-03,배관 설치,배관 설치,4.7,D-34-2013,present_in_base_ttl_same_guide
ci_unrelated_action_filter1,D-34-2013,무수암모니아 저장에 관한 기술지침,exclusive,field_control,photo_actionable,2,WP-D34-04,저장탱크 주입 전 준비 및 운전,저장탱크 주입 전 준비 및 운전,4.15,D-34-2013,present_in_base_ttl_same_guide
ci_unrelated_action_filter1,D-34-2013,무수암모니아 저장에 관한 기술지침,exclusive,field_control,photo_actionable,3,WP-D34-05,암모니아 이송,암모니아 이송,4.10,D-34-2013,present_in_base_ttl_same_guide
ci_unrelated_action_filter1,D-37-2012,화학설비 등의 공정설계에 관한 기술지침,exclusive,field_control,photo_actionable,1,WP-D37-06,공정용기 설계·제작 규격 확인,공정용기 설계·제작 규격 확인,4,D-37-2012,present_in_base_ttl_same_guide
ci_unrelated_action_filter1,D-37-2012,화학설비 등의 공정설계에 관한 기술지침,exclusive,field_control,photo_actionable,2,WP-D37-08,설계온도 결정,설계온도 결정,5.2,D-37-2012,present_in_base_ttl_same_guide
ci_unrelated_action_filter1,D-37-2012,화학설비 등의 공정설계에 관한 기술지침,exclusive,field_control,photo_actionable,3,WP-D37-11,증류장치 설계,증류장치 설계,6.2,D-37-2012,present_in_base_ttl_same_guide
ci_unrelated_action_filter1,D-37-2012,화학설비 등의 공정설계에 관한 기술지침,exclusive,field_control,photo_actionable,4,WP-D37-29,가열로 설계조건 결정,가열로 설계조건 결정,11,D-37-2012,present_in_base_ttl_same_guide
ci_unrelated_action_filter1,D-37-2012,화학설비 등의 공정설계에 관한 기술지침,exclusive,field_control,photo_actionable,5,WP-D37-40,배관 설계 (압력·온도·유속 결정),배관 설계 (압력·온도·유속 결정),21,D-37-2012,present_in_base_ttl_same_guide
ci_unrelated_action_filter1,D-37-2012,화학설비 등의 공정설계에 관한 기술지침,exclusive,field_control,photo_actionable,6,WP-D37-07,설계압력 결정,설계압력 결정,5.1,D-37-2012,present_in_base_ttl_same_guide
ci_unrelated_action_filter1,D-37-2012,화학설비 등의 공정설계에 관한 기술지침,exclusive,field_control,photo_actionable,7,WP-D37-09,부식여유 결정,부식여유 결정,5.3,D-37-2012,present_in_base_ttl_same_guide
ci_unrelated_action_filter1,D-37-2012,화학설비 등의 공정설계에 관한 기술지침,exclusive,field_control,photo_actionable,8,WP-D37-10,고정층 반응기 크기 결정,고정층 반응기 크기 결정,6.1,D-37-2012,present_in_base_ttl_same_guide
ci_unrelated_action_filter1,D-38-2012,진한황산 및 발연황산 저장탱크의 공정설계에 관한 기술지침,exclusive,field_control,photo_actionable,1,WP-D38-01,설계 기준 수립 및 재질 선정,설계 기준 수립 및 재질 선정,4,D-38-2012,present_in_base_ttl_same_guide
ci_unrelated_action_filter1,D-38-2012,진한황산 및 발연황산 저장탱크의 공정설계에 관한 기술지침,exclusive,field_control,photo_actionable,2,WP-D38-06,방유제 설치,방유제 설치,7,D-38-2012,present_in_base_ttl_same_guide
ci_unrelated_action_filter1,D-4-2012,배관이나 덕트로 연결된 설비사이의 폭발격리시스템 설치에 관한 기술지침,exclusive,field_control,photo_actionable,1,WP-D4-01,폭발격리시스템 설계,폭발격리시스템 설계,4.1.1,D-4-2012,present_in_base_ttl_same_guide
ci_unrelated_action_filter1,D-4-2012,배관이나 덕트로 연결된 설비사이의 폭발격리시스템 설치에 관한 기술지침,exclusive,field_control,photo_actionable,2,WP-D4-02,자동 고속작동 밸브시스템 설치,자동 고속작동 밸브시스템 설치,4.1.6,D-4-2012,present_in_base_ttl_same_guide
ci_unrelated_action_filter1,D-4-2012,배관이나 덕트로 연결된 설비사이의 폭발격리시스템 설치에 관한 기술지침,exclusive,field_control,photo_actionable,3,WP-D4-03,화염분출기 설치 및 시험,화염분출기 설치 및 시험,4.2,D-4-2012,present_in_base_ttl_same_guide
ci_unrelated_action_filter1,D-4-2012,배관이나 덕트로 연결된 설비사이의 폭발격리시스템 설치에 관한 기술지침,exclusive,field_control,photo_actionable,4,WP-D4-04,화염방지기 설치 및 시험,화염방지기 설치 및 시험,4.3,D-4-2012,present_in_base_ttl_same_guide
ci_unrelated_action_filter1,D-4-2012,배관이나 덕트로 연결된 설비사이의 폭발격리시스템 설치에 관한 기술지침,exclusive,field_control,photo_actionable,5,WP-D4-05,로터리 밸브 설치,로터리 밸브 설치,4.4,D-4-2012,present_in_base_ttl_same_guide
ci_unrelated_action_filter1,D-4-2012,배관이나 덕트로 연결된 설비사이의 폭발격리시스템 설치에 관한 기술지침,exclusive,field_control,photo_actionable,6,WP-D4-07,폭발격리시스템 검사 및 유지보수,폭발격리시스템 검사 및 유지보수,4.1.9,D-4-2012,present_in_base_ttl_same_guide
ci_unrelated_action_filter1,D-42-2021,수소 벤트스택 및 벤트배관의 공정설계에 관한 기술지침,exclusive,field_control,photo_actionable,1,WP-D42-04,벤트스택 높이 결정,벤트스택 높이 결정,4.4,D-42-2021,present_in_base_ttl_same_guide
ci_unrelated_action_filter1,D-42-2021,수소 벤트스택 및 벤트배관의 공정설계에 관한 기술지침,exclusive,field_control,photo_actionable,2,WP-D42-05,정전기 방지링 설치,정전기 방지링 설치,4.5,D-42-2021,present_in_base_ttl_same_guide
ci_unrelated_action_filter1,D-42-2021,수소 벤트스택 및 벤트배관의 공정설계에 관한 기술지침,exclusive,field_control,photo_actionable,3,WP-D42-01,벤트스택 설계 일반사항 검토,벤트스택 설계 일반사항 검토,4.1,D-42-2021,present_in_base_ttl_same_guide
ci_unrelated_action_filter1,D-42-2021,수소 벤트스택 및 벤트배관의 공정설계에 관한 기술지침,exclusive,field_control,photo_actionable,4,WP-D42-02,설계압력 및 온도 결정,설계압력 및 온도 결정,4.2,D-42-2021,present_in_base_ttl_same_guide
ci_unrelated_action_filter1,D-42-2021,수소 벤트스택 및 벤트배관의 공정설계에 관한 기술지침,exclusive,field_control,photo_actionable,5,WP-D42-03,벤트스택 지름 결정,벤트스택 지름 결정,4.3,D-42-2021,present_in_base_ttl_same_guide
ci_unrelated_action_filter1,D-42-2021,수소 벤트스택 및 벤트배관의 공정설계에 관한 기술지침,exclusive,field_control,photo_actionable,6,WP-D42-07,배관 이음 및 제작,배관 이음 및 제작,6.1,D-42-2021,present_in_base_ttl_same_guide
ci_unrelated_action_filter1,D-42-2021,수소 벤트스택 및 벤트배관의 공정설계에 관한 기술지침,exclusive,field_control,photo_actionable,7,WP-D42-08,접지 및 본딩,접지 및 본딩,6.2,D-42-2021,present_in_base_ttl_same_guide
ci_unrelated_action_filter1,D-42-2021,수소 벤트스택 및 벤트배관의 공정설계에 관한 기술지침,exclusive,field_control,photo_actionable,8,WP-D42-09,보온 시공,보온 시공,6.3,D-42-2021,present_in_base_ttl_same_guide
ci_unrelated_action_filter1,D-43-2012,집진설비 분진폭발방지 기술지침,exclusive,field_control,photo_actionable,1,WP-D43-04,착화원 관리,착화원 관리,4.3.2,D-43-2012,present_in_base_ttl_same_guide
ci_unrelated_action_filter1,D-43-2012,집진설비 분진폭발방지 기술지침,exclusive,field_control,photo_actionable,2,WP-D43-01,집진장치 운전 개시 전 점검,집진장치 운전 개시 전 점검,7,D-43-2012,present_in_base_ttl_same_guide
ci_unrelated_action_filter1,D-46-2013,화학공장의 화재예방에 관한 기술지침,exclusive,measurement_analysis,photo_unmatchable,1,WP-D46-02,점화원 관리,점화원 관리,7.2,D-46-2013,present_in_base_ttl_same_guide
ci_unrelated_action_filter1,D-46-2013,화학공장의 화재예방에 관한 기술지침,exclusive,measurement_analysis,photo_unmatchable,2,WP-D46-03,산소 관리 및 불활성화,산소 관리 및 불활성화,7.3,D-46-2013,present_in_base_ttl_same_guide
ci_unrelated_action_filter1,D-46-2013,화학공장의 화재예방에 관한 기술지침,exclusive,measurement_analysis,photo_unmatchable,3,WP-D46-04,소화설비 유지관리,소화설비 유지관리,7.4,D-46-2013,present_in_base_ttl_same_guide
ci_unrelated_action_filter1,D-5-2012,화학공정의 시스템 디자인 크라이테리어에 관한 기술지침,exclusive,field_control,photo_actionable,1,WP-D5-07,공정배관계장도(P&ID) 작성,공정배관계장도(P&ID) 작성,7.2,D-5-2012,present_in_base_ttl_same_guide
ci_unrelated_action_filter1,D-5-2012,화학공정의 시스템 디자인 크라이테리어에 관한 기술지침,exclusive,field_control,photo_actionable,2,WP-D5-01,배관 크기 선정,배관 크기 선정,4.1,D-5-2012,present_in_base_ttl_same_guide
ci_unrelated_action_filter1,D-5-2012,화학공정의 시스템 디자인 크라이테리어에 관한 기술지침,exclusive,field_control,photo_actionable,3,WP-D5-02,압력용기 설계 조건 결정,압력용기 설계 조건 결정,5.1,D-5-2012,present_in_base_ttl_same_guide
ci_unrelated_action_filter1,D-5-2012,화학공정의 시스템 디자인 크라이테리어에 관한 기술지침,exclusive,field_control,photo_actionable,4,WP-D5-03,탱크 설계 조건 결정,탱크 설계 조건 결정,5.2,D-5-2012,present_in_base_ttl_same_guide
ci_unrelated_action_filter1,D-5-2012,화학공정의 시스템 디자인 크라이테리어에 관한 기술지침,exclusive,field_control,photo_actionable,5,WP-D5-05,펌프 후단시스템 설계,펌프 후단시스템 설계,5.4,D-5-2012,present_in_base_ttl_same_guide
ci_unrelated_action_filter1,D-5-2012,화학공정의 시스템 디자인 크라이테리어에 관한 기술지침,exclusive,field_control,photo_actionable,6,WP-D5-06,배관 설계,배관 설계,6,D-5-2012,present_in_base_ttl_same_guide
ci_unrelated_action_filter1,D-5-2012,화학공정의 시스템 디자인 크라이테리어에 관한 기술지침,exclusive,field_control,photo_actionable,7,WP-D5-09,벤트·드레인·스팀아웃·퍼지 설계,벤트·드레인·스팀아웃·퍼지 설계,7.6,D-5-2012,present_in_base_ttl_same_guide
ci_unrelated_action_filter1,D-51-2020,지하-지상 배관 연결부의 플랜지 절연장치 설치에 관한 기술지침,exclusive,field_control,photo_actionable,1,WP-D51-01,플랜지 절연장치 선정,플랜지 절연장치 선정,4.3.1,D-51-2020,present_in_base_ttl_same_guide
ci_unrelated_action_filter1,D-51-2020,지하-지상 배관 연결부의 플랜지 절연장치 설치에 관한 기술지침,exclusive,field_control,photo_actionable,2,WP-D51-03,플랜지 절연장치 설계 및 재질 선정,플랜지 절연장치 설계 및 재질 선정,5.1.2,D-51-2020,present_in_base_ttl_same_guide
ci_unrelated_action_filter1,D-51-2020,지하-지상 배관 연결부의 플랜지 절연장치 설치에 관한 기술지침,exclusive,field_control,photo_actionable,3,WP-D51-02,플랜지 절연장치 구매,플랜지 절연장치 구매,5.1.1,D-51-2020,present_in_base_ttl_same_guide
ci_unrelated_action_filter1,D-51-2020,지하-지상 배관 연결부의 플랜지 절연장치 설치에 관한 기술지침,exclusive,field_control,photo_actionable,4,WP-D51-04,플랜지 절연장치 제작 및 시험,플랜지 절연장치 제작 및 시험,5.2.4,D-51-2020,present_in_base_ttl_same_guide
ci_unrelated_action_filter1,D-51-2020,지하-지상 배관 연결부의 플랜지 절연장치 설치에 관한 기술지침,exclusive,field_control,photo_actionable,5,WP-D51-05,플랜지 절연장치 설치,플랜지 절연장치 설치,5.3,D-51-2020,present_in_base_ttl_same_guide
ci_unrelated_action_filter1,D-52-2013,배관계통의 공정설계에 관한 기술지침,exclusive,risk_method,photo_unmatchable,1,WP-D52-04,밸브 선정 및 사양 결정,밸브 선정 및 사양 결정,7,D-52-2013,present_in_base_ttl_same_guide
ci_unrelated_action_filter1,D-52-2013,배관계통의 공정설계에 관한 기술지침,exclusive,risk_method,photo_unmatchable,2,WP-D52-06,고장 시나리오 분석 및 대처 방안 수립,고장 시나리오 분석 및 대처 방안 수립,9,D-52-2013,present_in_base_ttl_same_guide
ci_unrelated_action_filter1,D-52-2013,배관계통의 공정설계에 관한 기술지침,exclusive,risk_method,photo_unmatchable,3,WP-D52-02,배관 재료 선정,배관 재료 선정,5,D-52-2013,present_in_base_ttl_same_guide
ci_unrelated_action_filter1,D-52-2013,배관계통의 공정설계에 관한 기술지침,exclusive,risk_method,photo_unmatchable,4,WP-D52-03,유속 설계 및 검증,유속 설계 및 검증,6,D-52-2013,present_in_base_ttl_same_guide
ci_unrelated_action_filter1,D-52-2013,배관계통의 공정설계에 관한 기술지침,exclusive,risk_method,photo_unmatchable,5,WP-D52-05,배관 시스템 설계 체크리스트 검토,배관 시스템 설계 체크리스트 검토,8,D-52-2013,present_in_base_ttl_same_guide
ci_unrelated_action_filter1,D-53-2013,과산화수소 저장설비의 안전에 관한 기술지침,exclusive,field_control,photo_actionable,1,WP-D53-03,하역 작업,하역 작업,6,D-53-2013,present_in_base_ttl_same_guide
ci_unrelated_action_filter1,D-53-2013,과산화수소 저장설비의 안전에 관한 기술지침,exclusive,field_control,photo_actionable,2,WP-D53-01,저장탱크 설치,저장탱크 설치,5.1,D-53-2013,present_in_base_ttl_same_guide
ci_unrelated_action_filter1,D-53-2013,과산화수소 저장설비의 안전에 관한 기술지침,exclusive,field_control,photo_actionable,3,WP-D53-04,희석 작업,희석 작업,7,D-53-2013,present_in_base_ttl_same_guide
ci_unrelated_action_filter1,D-53-2013,과산화수소 저장설비의 안전에 관한 기술지침,exclusive,field_control,photo_actionable,4,WP-D53-05,용기저장,용기저장,8,D-53-2013,present_in_base_ttl_same_guide
ci_unrelated_action_filter1,D-55-2016,액상 화학물질의 하역 및 출하장의 누출방지설비 설치에 관한 기술지침,exclusive,field_control,photo_actionable,1,WP-D55-03,하역/출하 작업 완료 후 조치,하역/출하 작업 완료 후 조치,5.2.1,D-55-2016,present_in_base_ttl_same_guide
ci_unrelated_action_filter1,D-55-2016,액상 화학물질의 하역 및 출하장의 누출방지설비 설치에 관한 기술지침,exclusive,field_control,photo_actionable,2,WP-D55-01,하역/출하 작업 전 누출방지설비 점검,하역/출하 작업 전 누출방지설비 점검,5.2.3,D-55-2016,present_in_base_ttl_same_guide
ci_unrelated_action_filter1,D-55-2016,액상 화학물질의 하역 및 출하장의 누출방지설비 설치에 관한 기술지침,exclusive,field_control,photo_actionable,3,WP-D55-02,하역/출하 작업 중 누출 감시 및 비상대응,하역/출하 작업 중 누출 감시 및 비상대응,4.2.3,D-55-2016,present_in_base_ttl_same_guide
ci_unrelated_action_filter1,D-56-2016,맹판 설치 및 제거에 관한 기술지침,exclusive,field_control,photo_actionable,1,WP-D56-01,맹판 목록 작성 및 관리,맹판 목록 작성 및 관리,4.1,D-56-2016,present_in_base_ttl_same_guide
ci_unrelated_action_filter1,D-56-2016,맹판 설치 및 제거에 관한 기술지침,exclusive,field_control,photo_actionable,2,WP-D56-05,맹판 설치 완료확인 및 현황관리,맹판 설치 완료확인 및 현황관리,5.4.6,D-56-2016,present_in_base_ttl_same_guide
ci_unrelated_action_filter1,D-56-2016,맹판 설치 및 제거에 관한 기술지침,exclusive,field_control,photo_actionable,3,WP-D56-03,맹판 준비 및 점검,맹판 준비 및 점검,4.3,D-56-2016,present_in_base_ttl_same_guide
ci_unrelated_action_filter1,D-56-2016,맹판 설치 및 제거에 관한 기술지침,exclusive,field_control,photo_actionable,4,WP-D56-04,맹판 설치작업,맹판 설치작업,5,D-56-2016,present_in_base_ttl_same_guide
ci_unrelated_action_filter1,D-56-2016,맹판 설치 및 제거에 관한 기술지침,exclusive,field_control,photo_actionable,5,WP-D56-02,작업준비,작업준비,4.2,D-56-2016,present_in_base_ttl_same_guide
ci_unrelated_action_filter1,D-56-2016,맹판 설치 및 제거에 관한 기술지침,exclusive,field_control,photo_actionable,6,WP-D56-06,맹판 제거작업,맹판 제거작업,6,D-56-2016,present_in_base_ttl_same_guide
ci_unrelated_action_filter1,D-56-2016,맹판 설치 및 제거에 관한 기술지침,exclusive,field_control,photo_actionable,7,WP-D56-07,기록 및 보관,기록 및 보관,7,D-56-2016,present_in_base_ttl_same_guide
ci_unrelated_action_filter1,D-57-2016,가스상 급성 독성물질의 하역 및 출하시 안전기준에 관한 기술지침,domain_specific,field_control,photo_actionable,1,WP-D57-05,하역/출하 작업 수행 및 감시,하역/출하 작업 수행 및 감시,4.2,D-57-2016,present_in_base_ttl_same_guide
ci_unrelated_action_filter1,D-57-2016,가스상 급성 독성물질의 하역 및 출하시 안전기준에 관한 기술지침,domain_specific,field_control,photo_actionable,2,WP-D57-25,하역작업 - 내용물과 연결구 위치 확인,하역작업 - 내용물과 연결구 위치 확인,6.1.4,D-57-2016,present_in_base_ttl_same_guide
ci_unrelated_action_filter1,D-57-2016,가스상 급성 독성물질의 하역 및 출하시 안전기준에 관한 기술지침,domain_specific,field_control,photo_actionable,3,WP-D57-27,하역작업 - 벤트/균압배관 개방 및 밸브 확인,하역작업 - 벤트/균압배관 개방 및 밸브 확인,6.1.6,D-57-2016,present_in_base_ttl_same_guide
ci_unrelated_action_filter1,D-57-2016,가스상 급성 독성물질의 하역 및 출하시 안전기준에 관한 기술지침,domain_specific,field_control,photo_actionable,4,WP-D57-30,하역작업 - 잔량처리 및 배관차단,하역작업 - 잔량처리 및 배관차단,6.1.11,D-57-2016,present_in_base_ttl_same_guide
ci_unrelated_action_filter1,D-57-2016,가스상 급성 독성물질의 하역 및 출하시 안전기준에 관한 기술지침,domain_specific,field_control,photo_actionable,5,WP-D57-34,출하작업 - 내용물 확인 및 호스 연결·기밀시험,출하작업 - 내용물 확인 및 호스 연결·기밀시험,6.2.4,D-57-2016,present_in_base_ttl_same_guide
ci_unrelated_action_filter1,D-57-2016,가스상 급성 독성물질의 하역 및 출하시 안전기준에 관한 기술지침,domain_specific,field_control,photo_actionable,6,WP-D57-35,출하작업 - 배관 개방 및 밸브 확인,출하작업 - 배관 개방 및 밸브 확인,6.2.6,D-57-2016,present_in_base_ttl_same_guide
ci_unrelated_action_filter1,D-57-2016,가스상 급성 독성물질의 하역 및 출하시 안전기준에 관한 기술지침,domain_specific,field_control,photo_actionable,7,WP-D57-01,작업 전 안전점검 및 준비,작업 전 안전점검 및 준비,5.4.(1),D-57-2016,present_in_base_ttl_same_guide
ci_unrelated_action_filter1,D-57-2016,가스상 급성 독성물질의 하역 및 출하시 안전기준에 관한 기술지침,domain_specific,field_control,photo_actionable,8,WP-D57-02,차량 진입 및 고정,차량 진입 및 고정,5.4.(4),D-57-2016,present_in_base_ttl_same_guide
ci_unrelated_action_filter1,D-58-2016,용융탄산염형 연료전지 설계 및 설치에 관한 기술지침,exclusive,field_control,photo_actionable,1,WP-D58-02,비상정지 후 이상원인 점검,비상정지 후 이상원인 점검,7.2,D-58-2016,present_in_base_ttl_same_guide
ci_unrelated_action_filter1,D-58-2016,용융탄산염형 연료전지 설계 및 설치에 관한 기술지침,exclusive,field_control,photo_actionable,2,WP-D58-03,이상동작 발생 시 자동 정지,이상동작 발생 시 자동 정지,7.3,D-58-2016,present_in_base_ttl_same_guide
ci_unrelated_action_filter1,D-6-2012,냉동 시스템의 설치 및 취급에 관한 안전 기술지침,exclusive,field_control,photo_actionable,1,WP-D6-01,냉동시스템 설계 및 구조,냉동시스템 설계 및 구조,4,D-6-2012,present_in_base_ttl_same_guide
ci_unrelated_action_filter1,D-6-2012,냉동 시스템의 설치 및 취급에 관한 안전 기술지침,exclusive,field_control,photo_actionable,2,WP-D6-02,압력 완화시스템 설치,압력 완화시스템 설치,4.4,D-6-2012,present_in_base_ttl_same_guide
ci_unrelated_action_filter1,D-6-2012,냉동 시스템의 설치 및 취급에 관한 안전 기술지침,exclusive,field_control,photo_actionable,3,WP-D6-03,냉동시스템 설치,냉동시스템 설치,5,D-6-2012,present_in_base_ttl_same_guide
ci_unrelated_action_filter1,D-6-2012,냉동 시스템의 설치 및 취급에 관한 안전 기술지침,exclusive,field_control,photo_actionable,4,WP-D6-04,냉동 기계실 구성,냉동 기계실 구성,5.3,D-6-2012,present_in_base_ttl_same_guide
ci_unrelated_action_filter1,D-6-2012,냉동 시스템의 설치 및 취급에 관한 안전 기술지침,exclusive,field_control,photo_actionable,5,WP-D6-05,냉동시스템 시험 및 검증,냉동시스템 시험 및 검증,7.1,D-6-2012,present_in_base_ttl_same_guide
ci_unrelated_action_filter1,D-6-2012,냉동 시스템의 설치 및 취급에 관한 안전 기술지침,exclusive,field_control,photo_actionable,6,WP-D6-06,냉동시스템 운전 및 유지관리,냉동시스템 운전 및 유지관리,6,D-6-2012,present_in_base_ttl_same_guide
ci_unrelated_action_filter1,D-60-2017,플레어시스템의 녹아웃드럼 설계 및 설치에 관한 기술지침,exclusive,field_control,photo_actionable,1,WP-D60-05,녹아웃드럼 설치,녹아웃드럼 설치,7.1,D-60-2017,present_in_base_ttl_same_guide
ci_unrelated_action_filter1,D-60-2017,플레어시스템의 녹아웃드럼 설계 및 설치에 관한 기술지침,exclusive,field_control,photo_actionable,2,WP-D60-06,중간 녹아웃드럼 설치 검토,중간 녹아웃드럼 설치 검토,7.2,D-60-2017,present_in_base_ttl_same_guide
ci_unrelated_action_filter1,D-60-2017,플레어시스템의 녹아웃드럼 설계 및 설치에 관한 기술지침,exclusive,field_control,photo_actionable,3,WP-D60-01,녹아웃드럼 형태 선정,녹아웃드럼 형태 선정,4,D-60-2017,present_in_base_ttl_same_guide
ci_unrelated_action_filter1,D-60-2017,플레어시스템의 녹아웃드럼 설계 및 설치에 관한 기술지침,exclusive,field_control,photo_actionable,4,WP-D60-02,액적 강하속도 및 강하상수 산출,액적 강하속도 및 강하상수 산출,6.1,D-60-2017,present_in_base_ttl_same_guide
ci_unrelated_action_filter1,D-60-2017,플레어시스템의 녹아웃드럼 설계 및 설치에 관한 기술지침,exclusive,field_control,photo_actionable,5,WP-D60-04,녹아웃드럼 크기 결정,녹아웃드럼 크기 결정,6,D-60-2017,present_in_base_ttl_same_guide
ci_unrelated_action_filter1,D-61-2017,플레어시스템의 역화방지설비 설계 및 설치에 관한 기술지침,exclusive,field_control,photo_actionable,1,WP-D61-03,건식실 설치,건식실 설치,6.2,D-61-2017,present_in_base_ttl_same_guide
ci_unrelated_action_filter1,D-61-2017,플레어시스템의 역화방지설비 설계 및 설치에 관한 기술지침,exclusive,field_control,photo_actionable,2,WP-D61-01,액체 밀봉드럼 설계,액체 밀봉드럼 설계,5,D-61-2017,present_in_base_ttl_same_guide
ci_unrelated_action_filter1,D-61-2017,플레어시스템의 역화방지설비 설계 및 설치에 관한 기술지침,exclusive,field_control,photo_actionable,3,WP-D61-02,액체 밀봉드럼 설치,액체 밀봉드럼 설치,6.1,D-61-2017,present_in_base_ttl_same_guide
ci_unrelated_action_filter1,D-61-2017,플레어시스템의 역화방지설비 설계 및 설치에 관한 기술지침,exclusive,field_control,photo_actionable,4,WP-D61-04,플레어헤더 봉입 및 퍼지가스 주입,플레어헤더 봉입 및 퍼지가스 주입,7,D-61-2017,present_in_base_ttl_same_guide
ci_unrelated_action_filter1,D-62-2018,체크밸브 설치에 관한 기술지침,exclusive,field_control,photo_actionable,1,WP-D62-01,체크밸브 설치 필요성 검토,체크밸브 설치 필요성 검토,5.1,D-62-2018,present_in_base_ttl_same_guide
ci_unrelated_action_filter1,D-62-2018,체크밸브 설치에 관한 기술지침,exclusive,field_control,photo_actionable,2,WP-D62-03,설비별 체크밸브 설치위치 결정,설비별 체크밸브 설치위치 결정,5.2,D-62-2018,present_in_base_ttl_same_guide
ci_unrelated_action_filter1,D-62-2018,체크밸브 설치에 관한 기술지침,exclusive,field_control,photo_actionable,3,WP-D62-04,배관 등급 확인 및 체크밸브 설치,배관 등급 확인 및 체크밸브 설치,4.4,D-62-2018,present_in_base_ttl_same_guide
ci_unrelated_action_filter1,D-62-2018,체크밸브 설치에 관한 기술지침,exclusive,field_control,photo_actionable,4,WP-D62-05,유틸리티 배관 체크밸브 부속설비 설치,유틸리티 배관 체크밸브 부속설비 설치,5.2.4,D-62-2018,present_in_base_ttl_same_guide
ci_unrelated_action_filter1,D-62-2018,체크밸브 설치에 관한 기술지침,exclusive,field_control,photo_actionable,5,WP-D62-02,체크밸브 종류 선정,체크밸브 종류 선정,4.3,D-62-2018,present_in_base_ttl_same_guide
ci_unrelated_action_filter1,D-63-2018,안전밸브 배출배관의 설계에 관한 기술지침,exclusive,field_control,photo_actionable,1,WP-D63-01,배출배관 등가길이 산정,배출배관 등가길이 산정,4.2.1,D-63-2018,present_in_base_ttl_same_guide
ci_unrelated_action_filter1,D-63-2018,안전밸브 배출배관의 설계에 관한 기술지침,exclusive,field_control,photo_actionable,2,WP-D63-13,검토구간별 배관길이 산정,검토구간별 배관길이 산정,5.2.3,D-63-2018,present_in_base_ttl_same_guide
ci_unrelated_action_filter1,D-63-2018,안전밸브 배출배관의 설계에 관한 기술지침,exclusive,field_control,photo_actionable,3,WP-D63-14,최대 허용배압(MABP) 산출,최대 허용배압(MABP) 산출,5.2.4,D-63-2018,present_in_base_ttl_same_guide
ci_unrelated_action_filter1,D-63-2018,안전밸브 배출배관의 설계에 관한 기술지침,exclusive,field_control,photo_actionable,4,WP-D63-16,"최종 배출배관 설계(내경, 마하수, 마찰계수, 압력 산출)","최종 배출배관 설계(내경, 마하수, 마찰계수, 압력 산출)",5.2.6,D-63-2018,present_in_base_ttl_same_guide
ci_unrelated_action_filter1,D-63-2018,안전밸브 배출배관의 설계에 관한 기술지침,exclusive,field_control,photo_actionable,5,WP-D63-17,상류측 배관 분석,상류측 배관 분석,5.2.7,D-63-2018,present_in_base_ttl_same_guide
ci_unrelated_action_filter1,D-63-2018,안전밸브 배출배관의 설계에 관한 기술지침,exclusive,field_control,photo_actionable,6,WP-D63-18,입구측 압력과 최대 허용배압 비교 및 조정,입구측 압력과 최대 허용배압 비교 및 조정,5.2.8,D-63-2018,present_in_base_ttl_same_guide
ci_unrelated_action_filter1,D-63-2018,안전밸브 배출배관의 설계에 관한 기술지침,exclusive,field_control,photo_actionable,7,WP-D63-36,최대 허용배압(MABP) 산출,최대 허용배압(MABP) 산출,부록 1-2.1,D-63-2018,present_in_base_ttl_same_guide
ci_unrelated_action_filter1,D-63-2018,안전밸브 배출배관의 설계에 관한 기술지침,exclusive,field_control,photo_actionable,8,WP-D63-38,배관 내경 및 배관 선정,배관 내경 및 배관 선정,부록 1-2.4.1,D-63-2018,present_in_base_ttl_same_guide
ci_unrelated_action_filter1,D-64-2018,원심펌프의 최소유량 선정 및 펌프 설치 등에 관한 기술지침,exclusive,field_control,photo_actionable,1,WP-D64-02,흡입양정(NPSH) 검토,흡입양정(NPSH) 검토,4.3.2,D-64-2018,present_in_base_ttl_same_guide
ci_unrelated_action_filter1,D-64-2018,원심펌프의 최소유량 선정 및 펌프 설치 등에 관한 기술지침,exclusive,field_control,photo_actionable,2,WP-D64-18,최소유량배관 설치 필요성 검토,최소유량배관 설치 필요성 검토,5.2,D-64-2018,present_in_base_ttl_same_guide
ci_unrelated_action_filter1,D-64-2018,원심펌프의 최소유량 선정 및 펌프 설치 등에 관한 기술지침,exclusive,field_control,photo_actionable,3,WP-D64-19,최소유량 선정,최소유량 선정,5.4,D-64-2018,present_in_base_ttl_same_guide
ci_unrelated_action_filter1,D-64-2018,원심펌프의 최소유량 선정 및 펌프 설치 등에 관한 기술지침,exclusive,field_control,photo_actionable,4,WP-D64-35,펌프 기동 및 운전,펌프 기동 및 운전,6.4,D-64-2018,present_in_base_ttl_same_guide
ci_unrelated_action_filter1,D-64-2018,원심펌프의 최소유량 선정 및 펌프 설치 등에 관한 기술지침,exclusive,field_control,photo_actionable,5,WP-D64-01,펌프 타입 선정,펌프 타입 선정,4.4.1,D-64-2018,present_in_base_ttl_same_guide
ci_unrelated_action_filter1,D-64-2018,원심펌프의 최소유량 선정 및 펌프 설치 등에 관한 기술지침,exclusive,field_control,photo_actionable,6,WP-D64-20,최소유량 조절방법 선정,최소유량 조절방법 선정,5.5,D-64-2018,present_in_base_ttl_same_guide
ci_unrelated_action_filter1,D-64-2018,원심펌프의 최소유량 선정 및 펌프 설치 등에 관한 기술지침,exclusive,field_control,photo_actionable,7,WP-D64-24,자동조절밸브 설치,자동조절밸브 설치,5.5,D-64-2018,present_in_base_ttl_same_guide
ci_unrelated_action_filter1,D-65-2018,방호구조 설계 및 설치에 관한 기술지침,exclusive,field_control,photo_actionable,1,WP-D65-02,방호구조 설계,방호구조 설계,4.2,D-65-2018,present_in_base_ttl_same_guide
ci_unrelated_action_filter1,D-65-2018,방호구조 설계 및 설치에 관한 기술지침,exclusive,field_control,photo_actionable,2,WP-D65-03,철근콘크리트제 방호벽 설치,철근콘크리트제 방호벽 설치,6.1.1,D-65-2018,present_in_base_ttl_same_guide
ci_unrelated_action_filter1,D-65-2018,방호구조 설계 및 설치에 관한 기술지침,exclusive,field_control,photo_actionable,3,WP-D65-05,강관제 방호벽 설치,강관제 방호벽 설치,6.1.3,D-65-2018,present_in_base_ttl_same_guide
ci_unrelated_action_filter1,D-65-2018,방호구조 설계 및 설치에 관한 기술지침,exclusive,field_control,photo_actionable,4,WP-D65-01,폭발압력 산정,폭발압력 산정,4.1,D-65-2018,present_in_base_ttl_same_guide
ci_unrelated_action_filter1,D-65-2018,방호구조 설계 및 설치에 관한 기술지침,exclusive,field_control,photo_actionable,5,WP-D65-04,콘크리트블럭제 방호벽 설치,콘크리트블럭제 방호벽 설치,6.1.2,D-65-2018,present_in_base_ttl_same_guide
ci_unrelated_action_filter1,D-68-2020,파괴핀장치 설치에 관한 기술지침,exclusive,field_control,photo_actionable,1,WP-D68-01,파괴핀장치 설계,파괴핀장치 설계,4.2,D-68-2020,present_in_base_ttl_same_guide
ci_unrelated_action_filter1,D-68-2020,파괴핀장치 설치에 관한 기술지침,exclusive,field_control,photo_actionable,2,WP-D68-03,파괴핀장치와 안전밸브 직렬 조합 설치,파괴핀장치와 안전밸브 직렬 조합 설치,5.1,D-68-2020,present_in_base_ttl_same_guide
ci_unrelated_action_filter1,D-68-2020,파괴핀장치 설치에 관한 기술지침,exclusive,field_control,photo_actionable,3,WP-D68-02,파괴핀장치 단독 설치,파괴핀장치 단독 설치,5.1,D-68-2020,present_in_base_ttl_same_guide
ci_unrelated_action_filter1,D-68-2020,파괴핀장치 설치에 관한 기술지침,exclusive,field_control,photo_actionable,4,WP-D68-05,파괴핀장치 표시,파괴핀장치 표시,6,D-68-2020,present_in_base_ttl_same_guide
ci_unrelated_action_filter1,D-68-2020,파괴핀장치 설치에 관한 기술지침,exclusive,field_control,photo_actionable,5,WP-D68-04,파괴핀장치 유지관리,파괴핀장치 유지관리,5.2,D-68-2020,present_in_base_ttl_same_guide
ci_unrelated_action_filter1,D-69-2020,안전계장시스템(SIS)을 이용한 화학설비 안전성 향상에 관한 기술지침,domain_specific,field_control,photo_actionable,1,WP-D69-20,SIS 안전요건 명세서(SRS) 작성,SIS 안전요건 명세서(SRS) 작성,6.3.1,D-69-2020,present_in_base_ttl_same_guide
ci_unrelated_action_filter1,D-69-2020,안전계장시스템(SIS)을 이용한 화학설비 안전성 향상에 관한 기술지침,domain_specific,field_control,photo_actionable,2,WP-D69-21,AP 안전요건 명세서(AP SRS) 작성,AP 안전요건 명세서(AP SRS) 작성,6.3.2,D-69-2020,present_in_base_ttl_same_guide
ci_unrelated_action_filter1,D-69-2020,안전계장시스템(SIS)을 이용한 화학설비 안전성 향상에 관한 기술지침,domain_specific,field_control,photo_actionable,3,WP-D69-16,방호계층에 안전기능 할당,방호계층에 안전기능 할당,5,D-69-2020,present_in_base_ttl_same_guide
ci_unrelated_action_filter1,D-69-2020,안전계장시스템(SIS)을 이용한 화학설비 안전성 향상에 관한 기술지침,domain_specific,field_control,photo_actionable,4,WP-D69-17,SIS 안전요건 명세서 작성,SIS 안전요건 명세서 작성,4,D-69-2020,present_in_base_ttl_same_guide
ci_unrelated_action_filter1,D-69-2020,안전계장시스템(SIS)을 이용한 화학설비 안전성 향상에 관한 기술지침,domain_specific,field_control,photo_actionable,5,WP-D69-18,SIS 설계와 엔지니어링,SIS 설계와 엔지니어링,4,D-69-2020,present_in_base_ttl_same_guide
ci_unrelated_action_filter1,D-69-2020,안전계장시스템(SIS)을 이용한 화학설비 안전성 향상에 관한 기술지침,domain_specific,field_control,photo_actionable,6,WP-D69-25,SIS 설계 요건 수립,SIS 설계 요건 수립,7.1.2,D-69-2020,present_in_base_ttl_same_guide
ci_unrelated_action_filter1,D-69-2020,안전계장시스템(SIS)을 이용한 화학설비 안전성 향상에 관한 기술지침,domain_specific,field_control,photo_actionable,7,WP-D69-19,"SIS 설치, 시운전, 입증","SIS 설치, 시운전, 입증",4,D-69-2020,present_in_base_ttl_same_guide
ci_unrelated_action_filter1,D-69-2020,안전계장시스템(SIS)을 이용한 화학설비 안전성 향상에 관한 기술지침,domain_specific,field_control,photo_actionable,8,WP-D69-26,HFT 요건 결정 및 아키텍처 설계,HFT 요건 결정 및 아키텍처 설계,7.2,D-69-2020,present_in_base_ttl_same_guide
ci_unrelated_action_filter1,D-7-2012,연료전지의 설계 및 취급 안전 기술지침,exclusive,field_control,photo_actionable,1,WP-D7-28,가연성 혼합물 형성 방지 (봉쇄),가연성 혼합물 형성 방지 (봉쇄),6.1.1,D-7-2012,present_in_base_ttl_same_guide
ci_unrelated_action_filter1,D-7-2012,연료전지의 설계 및 취급 안전 기술지침,exclusive,field_control,photo_actionable,2,WP-D7-29,수소 설비 격리 및 분리,수소 설비 격리 및 분리,6.1.2,D-7-2012,present_in_base_ttl_same_guide
ci_unrelated_action_filter1,D-7-2012,연료전지의 설계 및 취급 안전 기술지침,exclusive,field_control,photo_actionable,3,WP-D7-31,환기설비 설계 및 운영,환기설비 설계 및 운영,6.1.4,D-7-2012,present_in_base_ttl_same_guide
ci_unrelated_action_filter1,D-7-2012,연료전지의 설계 및 취급 안전 기술지침,exclusive,field_control,photo_actionable,4,WP-D7-32,점화원 관리 및 위험지역 구분,점화원 관리 및 위험지역 구분,6.2,D-7-2012,present_in_base_ttl_same_guide
ci_unrelated_action_filter1,D-7-2012,연료전지의 설계 및 취급 안전 기술지침,exclusive,field_control,photo_actionable,5,WP-D7-34,교육 훈련 및 비상사태 대응,교육 훈련 및 비상사태 대응,7,D-7-2012,present_in_base_ttl_same_guide
ci_unrelated_action_filter1,D-7-2012,연료전지의 설계 및 취급 안전 기술지침,exclusive,field_control,photo_actionable,6,WP-D7-30,이격거리 산정 및 적용,이격거리 산정 및 적용,6.1.3,D-7-2012,present_in_base_ttl_same_guide
ci_unrelated_action_filter1,D-7-2012,연료전지의 설계 및 취급 안전 기술지침,exclusive,field_control,photo_actionable,7,WP-D7-33,정전기 방지 및 접지 조치,정전기 방지 및 접지 조치,6.2,D-7-2012,present_in_base_ttl_same_guide
ci_unrelated_action_filter1,D-C-1-2025,흙막이공사에 대한 기술지원규정,exclusive,field_control,photo_actionable,1,WP-DC1-20,버팀대 및 띠장 설치,버팀대 및 띠장 설치,6.1,D-C-1-2025,present_in_base_ttl_same_guide
ci_unrelated_action_filter1,D-C-1-2025,흙막이공사에 대한 기술지원규정,exclusive,field_control,photo_actionable,2,WP-DC1-24,프리스트레스 띠장 설치,프리스트레스 띠장 설치,6.4,D-C-1-2025,present_in_base_ttl_same_guide
ci_unrelated_action_filter1,D-C-1-2025,흙막이공사에 대한 기술지원규정,exclusive,field_control,photo_actionable,3,WP-DC1-46,지보재 해체,지보재 해체,8.4,D-C-1-2025,present_in_base_ttl_same_guide
ci_unrelated_action_filter1,D-C-1-2025,흙막이공사에 대한 기술지원규정,exclusive,field_control,photo_actionable,4,WP-DC1-47,흙막이벽 인발 및 처리,흙막이벽 인발 및 처리,8.4,D-C-1-2025,present_in_base_ttl_same_guide
ci_unrelated_action_filter1,D-C-1-2025,흙막이공사에 대한 기술지원규정,exclusive,field_control,photo_actionable,5,WP-DC1-02,설계계획 수립,설계계획 수립,4.2,D-C-1-2025,present_in_base_ttl_same_guide
ci_unrelated_action_filter1,D-C-1-2025,흙막이공사에 대한 기술지원규정,exclusive,field_control,photo_actionable,6,WP-DC1-03,H-Pile 설치,H-Pile 설치,5.1,D-C-1-2025,present_in_base_ttl_same_guide
ci_unrelated_action_filter1,D-C-1-2025,흙막이공사에 대한 기술지원규정,exclusive,field_control,photo_actionable,7,WP-DC1-04,토류판 설치,토류판 설치,5.1,D-C-1-2025,present_in_base_ttl_same_guide
ci_unrelated_action_filter1,D-C-1-2025,흙막이공사에 대한 기술지원규정,exclusive,field_control,photo_actionable,8,WP-DC1-06,SCW 시공,SCW 시공,5.3,D-C-1-2025,present_in_base_ttl_same_guide
ci_unrelated_action_filter1,D-C-10-2026,"건설장비(이동식크레인, 항타기 및 항발기, 타워크레인) 작업계획서 작성에 관한 기술지원규정",domain_specific,management_program,photo_conditional_followup,1,WP-DC10-03,작업계획서 내용 근로자 주지,작업계획서 내용 근로자 주지,4,D-C-10-2026,present_in_base_ttl_same_guide
ci_unrelated_action_filter1,D-C-10-2026,"건설장비(이동식크레인, 항타기 및 항발기, 타워크레인) 작업계획서 작성에 관한 기술지원규정",domain_specific,management_program,photo_conditional_followup,2,WP-DC10-44,항타기/항발기 작업 전 서류 확인,항타기/항발기 작업 전 서류 확인,부록5,D-C-10-2026,present_in_base_ttl_same_guide
ci_unrelated_action_filter1,D-C-10-2026,"건설장비(이동식크레인, 항타기 및 항발기, 타워크레인) 작업계획서 작성에 관한 기술지원규정",domain_specific,management_program,photo_conditional_followup,3,WP-DC10-35,항타기/항발기 작업 전 사전조사,항타기/항발기 작업 전 사전조사,부록2,D-C-10-2026,present_in_base_ttl_same_guide
ci_unrelated_action_filter1,D-C-10-2026,"건설장비(이동식크레인, 항타기 및 항발기, 타워크레인) 작업계획서 작성에 관한 기술지원규정",domain_specific,management_program,photo_conditional_followup,4,WP-DC10-36,항타기/항발기 기계·장비 점검,항타기/항발기 기계·장비 점검,부록2,D-C-10-2026,present_in_base_ttl_same_guide
ci_unrelated_action_filter1,D-C-10-2026,"건설장비(이동식크레인, 항타기 및 항발기, 타워크레인) 작업계획서 작성에 관한 기술지원규정",domain_specific,management_program,photo_conditional_followup,5,WP-DC10-37,항타기/항발기 운행 및 항타·항발 작업,항타기/항발기 운행 및 항타·항발 작업,부록2,D-C-10-2026,present_in_base_ttl_same_guide
ci_unrelated_action_filter1,D-C-10-2026,"건설장비(이동식크레인, 항타기 및 항발기, 타워크레인) 작업계획서 작성에 관한 기술지원규정",domain_specific,management_program,photo_conditional_followup,6,WP-DC10-45,항타기/항발기 안전교육 및 TBM 실시,항타기/항발기 안전교육 및 TBM 실시,부록5,D-C-10-2026,present_in_base_ttl_same_guide
ci_unrelated_action_filter1,D-C-10-2026,"건설장비(이동식크레인, 항타기 및 항발기, 타워크레인) 작업계획서 작성에 관한 기술지원규정",domain_specific,management_program,photo_conditional_followup,7,WP-DC10-46,항타기/항발기 장비 일일점검 및 작업 시 준수사항 이행,항타기/항발기 장비 일일점검 및 작업 시 준수사항 이행,부록5,D-C-10-2026,present_in_base_ttl_same_guide
ci_unrelated_action_filter1,D-C-10-2026,"건설장비(이동식크레인, 항타기 및 항발기, 타워크레인) 작업계획서 작성에 관한 기술지원규정",domain_specific,management_program,photo_conditional_followup,8,WP-DC10-49,타워크레인 해체 시 중점 관리,타워크레인 해체 시 중점 관리,부록6,D-C-10-2026,present_in_base_ttl_same_guide
ci_unrelated_action_filter1,D-C-11-2026,굴착 및 토공 안전작업에 관한 기술지원규정,exclusive,field_control,photo_actionable,1,WP-DC11-15,지하굴착작업,지하굴착작업,7.3.3,D-C-11-2026,present_in_base_ttl_same_guide
ci_unrelated_action_filter1,D-C-11-2026,굴착 및 토공 안전작업에 관한 기술지원규정,exclusive,field_control,photo_actionable,2,WP-DC11-34,인력굴착,인력굴착,8.1.3,D-C-11-2026,present_in_base_ttl_same_guide
ci_unrelated_action_filter1,D-C-11-2026,굴착 및 토공 안전작업에 관한 기술지원규정,exclusive,field_control,photo_actionable,3,WP-DC11-01,사전조사,사전조사,6,D-C-11-2026,present_in_base_ttl_same_guide
ci_unrelated_action_filter1,D-C-11-2026,굴착 및 토공 안전작업에 관한 기술지원규정,exclusive,field_control,photo_actionable,4,WP-DC11-02,매설물 조사 및 방호,매설물 조사 및 방호,5,D-C-11-2026,present_in_base_ttl_same_guide
ci_unrelated_action_filter1,D-C-11-2026,굴착 및 토공 안전작업에 관한 기술지원규정,exclusive,field_control,photo_actionable,5,WP-DC11-03,굴착면 기울기 확보 및 붕괴 방지,굴착면 기울기 확보 및 붕괴 방지,4.1,D-C-11-2026,present_in_base_ttl_same_guide
ci_unrelated_action_filter1,D-C-11-2026,굴착 및 토공 안전작업에 관한 기술지원규정,exclusive,field_control,photo_actionable,6,WP-DC11-08,굴착작업계획 수립,굴착작업계획 수립,7.1.1,D-C-11-2026,present_in_base_ttl_same_guide
ci_unrelated_action_filter1,D-C-11-2026,굴착 및 토공 안전작업에 관한 기술지원규정,exclusive,field_control,photo_actionable,7,WP-DC11-09,굴착작업 사전준비,굴착작업 사전준비,7.1.2,D-C-11-2026,present_in_base_ttl_same_guide
ci_unrelated_action_filter1,D-C-11-2026,굴착 및 토공 안전작업에 관한 기술지원규정,exclusive,field_control,photo_actionable,8,WP-DC11-16,지하매설물 인접 굴착,지하매설물 인접 굴착,7.3.3,D-C-11-2026,present_in_base_ttl_same_guide
ci_unrelated_action_filter1,D-C-12-2026,조립 강주 안전작업에 관한 기술지원규정,exclusive,field_control,photo_actionable,1,WP-DC12-03,강관 지주 조립 및 설치,강관 지주 조립 및 설치,7.3,D-C-12-2026,present_in_base_ttl_same_guide
ci_unrelated_action_filter1,D-C-13-2026,외벽도장보수공사에 안전작업에 관한 기술지원규정,exclusive,field_control,photo_actionable,1,WP-DC13-33,작업 중 안전관리,작업 중 안전관리,7,D-C-13-2026,present_in_base_ttl_same_guide
ci_unrelated_action_filter1,D-C-13-2026,외벽도장보수공사에 안전작업에 관한 기술지원규정,exclusive,field_control,photo_actionable,2,WP-DC13-02,고정점 설치 및 확인,고정점 설치 및 확인,5,D-C-13-2026,present_in_base_ttl_same_guide
ci_unrelated_action_filter1,D-C-13-2026,외벽도장보수공사에 안전작업에 관한 기술지원규정,exclusive,field_control,photo_actionable,3,WP-DC13-04,추락방지대(코브라) 장착,추락방지대(코브라) 장착,5,D-C-13-2026,present_in_base_ttl_same_guide
ci_unrelated_action_filter1,D-C-13-2026,외벽도장보수공사에 안전작업에 관한 기술지원규정,exclusive,field_control,photo_actionable,4,WP-DC13-03,로프 결속 및 매듭,로프 결속 및 매듭,5,D-C-13-2026,present_in_base_ttl_same_guide
ci_unrelated_action_filter1,D-C-13-2026,외벽도장보수공사에 안전작업에 관한 기술지원규정,exclusive,field_control,photo_actionable,5,WP-DC13-31,작업자 교육 실시,작업자 교육 실시,7,D-C-13-2026,present_in_base_ttl_same_guide
ci_unrelated_action_filter1,D-C-13-2026,외벽도장보수공사에 안전작업에 관한 기술지원규정,exclusive,field_control,photo_actionable,6,WP-DC13-32,작업 전 안전점검,작업 전 안전점검,7,D-C-13-2026,present_in_base_ttl_same_guide
ci_unrelated_action_filter1,D-C-14-2026,엘리베이터 승강로용 고소 가설작업대 안전작업에 관한 기술지원규정,exclusive,field_control,photo_actionable,1,WP-DC14-03,작업대 내부 작업(벽체 철근·거푸집 등),작업대 내부 작업(벽체 철근·거푸집 등),7.3,D-C-14-2026,present_in_base_ttl_same_guide
ci_unrelated_action_filter1,D-C-14-2026,엘리베이터 승강로용 고소 가설작업대 안전작업에 관한 기술지원규정,exclusive,field_control,photo_actionable,2,WP-DC14-05,작업대 인양 작업,작업대 인양 작업,7.2.3,D-C-14-2026,present_in_base_ttl_same_guide
ci_unrelated_action_filter1,D-C-15-2026,콘크리트(단순 슬래브 포함) 안전작업에 관한 기술지원규정,exclusive,field_control,photo_actionable,1,WP-DC15-09,거푸집 및 동바리 조립도 작성,거푸집 및 동바리 조립도 작성,5.3,D-C-15-2026,present_in_base_ttl_same_guide
ci_unrelated_action_filter1,D-C-15-2026,콘크리트(단순 슬래브 포함) 안전작업에 관한 기술지원규정,exclusive,field_control,photo_actionable,2,WP-DC15-13,강관 동바리 조립,강관 동바리 조립,5.4.4,D-C-15-2026,present_in_base_ttl_same_guide
ci_unrelated_action_filter1,D-C-15-2026,콘크리트(단순 슬래브 포함) 안전작업에 관한 기술지원규정,exclusive,field_control,photo_actionable,3,WP-DC15-18,거푸집 및 동바리 점검,거푸집 및 동바리 점검,5.4.9,D-C-15-2026,present_in_base_ttl_same_guide
ci_unrelated_action_filter1,D-C-15-2026,콘크리트(단순 슬래브 포함) 안전작업에 관한 기술지원규정,exclusive,field_control,photo_actionable,4,WP-DC15-30,콘크리트 타설 작업,콘크리트 타설 작업,7.1.3,D-C-15-2026,present_in_base_ttl_same_guide
ci_unrelated_action_filter1,D-C-15-2026,콘크리트(단순 슬래브 포함) 안전작업에 관한 기술지원규정,exclusive,field_control,photo_actionable,5,WP-DC15-43,거푸집·동바리 조립·해체 작업,거푸집·동바리 조립·해체 작업,부록 1,D-C-15-2026,present_in_base_ttl_same_guide
ci_unrelated_action_filter1,D-C-15-2026,콘크리트(단순 슬래브 포함) 안전작업에 관한 기술지원규정,exclusive,field_control,photo_actionable,6,WP-DC15-08,거푸집 및 동바리 재료 선정·검수,거푸집 및 동바리 재료 선정·검수,5.2,D-C-15-2026,present_in_base_ttl_same_guide
ci_unrelated_action_filter1,D-C-15-2026,콘크리트(단순 슬래브 포함) 안전작업에 관한 기술지원규정,exclusive,field_control,photo_actionable,7,WP-DC15-11,작업발판 일체형 거푸집 조립,작업발판 일체형 거푸집 조립,5.4.2,D-C-15-2026,present_in_base_ttl_same_guide
ci_unrelated_action_filter1,D-C-15-2026,콘크리트(단순 슬래브 포함) 안전작업에 관한 기술지원규정,exclusive,field_control,photo_actionable,8,WP-DC15-16,시스템 동바리 조립,시스템 동바리 조립,5.4.7,D-C-15-2026,present_in_base_ttl_same_guide
ci_unrelated_action_filter1,D-C-2-2025,교량 상부공 가설공법의 안전작업에 관한 기술지원규정,exclusive,field_control,photo_actionable,1,WP-DC2-18,세그먼트 제작과 운반,세그먼트 제작과 운반,7.1,D-C-2-2025,present_in_base_ttl_same_guide
ci_unrelated_action_filter1,D-C-2-2025,교량 상부공 가설공법의 안전작업에 관한 기술지원규정,exclusive,field_control,photo_actionable,2,WP-DC2-19,세그먼트 인양,세그먼트 인양,7.2,D-C-2-2025,present_in_base_ttl_same_guide
ci_unrelated_action_filter1,D-C-2-2025,교량 상부공 가설공법의 안전작업에 관한 기술지원규정,exclusive,field_control,photo_actionable,3,WP-DC2-35,거푸집 조립 및 설치,거푸집 조립 및 설치,9.2,D-C-2-2025,present_in_base_ttl_same_guide
ci_unrelated_action_filter1,D-C-2-2025,교량 상부공 가설공법의 안전작업에 관한 기술지원규정,exclusive,field_control,photo_actionable,4,WP-DC2-40,주두부 거푸집 및 동바리 시공,주두부 거푸집 및 동바리 시공,10.1,D-C-2-2025,present_in_base_ttl_same_guide
ci_unrelated_action_filter1,D-C-2-2025,교량 상부공 가설공법의 안전작업에 관한 기술지원규정,exclusive,field_control,photo_actionable,5,WP-DC2-44,세그먼트 철근 및 거푸집 작업,세그먼트 철근 및 거푸집 작업,10.3,D-C-2-2025,present_in_base_ttl_same_guide
ci_unrelated_action_filter1,D-C-2-2025,교량 상부공 가설공법의 안전작업에 관한 기술지원규정,exclusive,field_control,photo_actionable,6,WP-DC2-47,키 세그먼트 시공,키 세그먼트 시공,10.3,D-C-2-2025,present_in_base_ttl_same_guide
ci_unrelated_action_filter1,D-C-2-2025,교량 상부공 가설공법의 안전작업에 관한 기술지원규정,exclusive,field_control,photo_actionable,7,WP-DC2-14,거푸집 설치 및 철근조립,거푸집 설치 및 철근조립,6.2,D-C-2-2025,present_in_base_ttl_same_guide
ci_unrelated_action_filter1,D-C-2-2025,교량 상부공 가설공법의 안전작업에 관한 기술지원규정,exclusive,field_control,photo_actionable,8,WP-DC2-15,콘크리트 타설 및 양생,콘크리트 타설 및 양생,6.2,D-C-2-2025,present_in_base_ttl_same_guide
ci_unrelated_action_filter1,D-C-3-2025,철골공사(데크플레이트 포함)의 안전작업에 관한 기술지원규정,exclusive,field_control,photo_actionable,1,WP-DC3-18,기둥 고정,기둥 고정,6.8,D-C-3-2025,present_in_base_ttl_same_guide
ci_unrelated_action_filter1,D-C-3-2025,철골공사(데크플레이트 포함)의 안전작업에 관한 기술지원규정,exclusive,field_control,photo_actionable,2,WP-DC3-19,보 인양,보 인양,6.9,D-C-3-2025,present_in_base_ttl_same_guide
ci_unrelated_action_filter1,D-C-3-2025,철골공사(데크플레이트 포함)의 안전작업에 관한 기술지원규정,exclusive,field_control,photo_actionable,3,WP-DC3-01,설계도 및 공작도 확인,설계도 및 공작도 확인,5.1,D-C-3-2025,present_in_base_ttl_same_guide
ci_unrelated_action_filter1,D-C-3-2025,철골공사(데크플레이트 포함)의 안전작업에 관한 기술지원규정,exclusive,field_control,photo_actionable,4,WP-DC3-02,철골 작업 전 준비,철골 작업 전 준비,5.2,D-C-3-2025,present_in_base_ttl_same_guide
ci_unrelated_action_filter1,D-C-3-2025,철골공사(데크플레이트 포함)의 안전작업에 관한 기술지원규정,exclusive,field_control,photo_actionable,5,WP-DC3-03,작업계획 수립,작업계획 수립,5.3,D-C-3-2025,present_in_base_ttl_same_guide
ci_unrelated_action_filter1,D-C-3-2025,철골공사(데크플레이트 포함)의 안전작업에 관한 기술지원규정,exclusive,field_control,photo_actionable,6,WP-DC3-13,철골 세우기 계획 수립,철골 세우기 계획 수립,6.1,D-C-3-2025,present_in_base_ttl_same_guide
ci_unrelated_action_filter1,D-C-3-2025,철골공사(데크플레이트 포함)의 안전작업에 관한 기술지원규정,exclusive,field_control,photo_actionable,7,WP-DC3-14,철골기초 확인 및 앵커볼트 매립,철골기초 확인 및 앵커볼트 매립,6.3,D-C-3-2025,present_in_base_ttl_same_guide
ci_unrelated_action_filter1,D-C-3-2025,철골공사(데크플레이트 포함)의 안전작업에 관한 기술지원규정,exclusive,field_control,photo_actionable,8,WP-DC3-15,철골 세우기 준비,철골 세우기 준비,6.5,D-C-3-2025,present_in_base_ttl_same_guide
ci_unrelated_action_filter1,D-C-4-2025,굴착기 안전보건작업 기술지원규정,exclusive,field_control,photo_actionable,1,WP-DC4-24,작업 전 점검 및 확인,작업 전 점검 및 확인,7.2.1,D-C-4-2025,present_in_base_ttl_same_guide
ci_unrelated_action_filter1,D-C-4-2025,굴착기 안전보건작업 기술지원규정,exclusive,field_control,photo_actionable,2,WP-DC4-25,굴착기 작업 중 안전 운행,굴착기 작업 중 안전 운행,7.2.2,D-C-4-2025,present_in_base_ttl_same_guide
ci_unrelated_action_filter1,D-C-4-2025,굴착기 안전보건작업 기술지원규정,exclusive,field_control,photo_actionable,3,WP-DC4-27,굴착기 인양 작업,굴착기 인양 작업,7.2.2,D-C-4-2025,present_in_base_ttl_same_guide
ci_unrelated_action_filter1,D-C-4-2025,굴착기 안전보건작업 기술지원규정,exclusive,field_control,photo_actionable,4,WP-DC4-23,작업계획 수립 및 검토,작업계획 수립 및 검토,7.1.1,D-C-4-2025,present_in_base_ttl_same_guide
ci_unrelated_action_filter1,D-C-5-2025,굴착면 안전기울기 기준에 관한 기술지원규정,exclusive,field_control,photo_actionable,1,WP-DC5-26,한국도로공사 기준 토질 및 지반 분류,한국도로공사 기준 토질 및 지반 분류,부록 3,D-C-5-2025,present_in_base_ttl_same_guide
ci_unrelated_action_filter1,D-C-5-2025,굴착면 안전기울기 기준에 관한 기술지원규정,exclusive,field_control,photo_actionable,2,WP-DC5-03,안전기울기 기준 적용 및 굴착작업,안전기울기 기준 적용 및 굴착작업,6.1,D-C-5-2025,present_in_base_ttl_same_guide
ci_unrelated_action_filter1,D-C-5-2025,굴착면 안전기울기 기준에 관한 기술지원규정,exclusive,field_control,photo_actionable,3,WP-DC5-02,비탈면 안정해석 및 안전기울기 결정,비탈면 안정해석 및 안전기울기 결정,5.4,D-C-5-2025,present_in_base_ttl_same_guide
ci_unrelated_action_filter1,D-C-5-2025,굴착면 안전기울기 기준에 관한 기술지원규정,exclusive,field_control,photo_actionable,4,WP-DC5-04,지반종류별 소단 설치,지반종류별 소단 설치,5.3,D-C-5-2025,present_in_base_ttl_same_guide
ci_unrelated_action_filter1,D-C-5-2025,굴착면 안전기울기 기준에 관한 기술지원규정,exclusive,field_control,photo_actionable,5,WP-DC5-01,사전조사 및 설계검토,사전조사 및 설계검토,5.1,D-C-5-2025,present_in_base_ttl_same_guide
ci_unrelated_action_filter1,D-C-5-2025,굴착면 안전기울기 기준에 관한 기술지원규정,exclusive,field_control,photo_actionable,6,WP-DC5-05,점검 및 모니터링,점검 및 모니터링,5.1,D-C-5-2025,present_in_base_ttl_same_guide
ci_unrelated_action_filter1,D-C-6-2025,발파공사 기술지원규정,exclusive,field_control,photo_actionable,1,WP-DC6-11,화약류 검사,화약류 검사,5.2.5,D-C-6-2025,present_in_base_ttl_same_guide
ci_unrelated_action_filter1,D-C-6-2025,발파공사 기술지원규정,exclusive,field_control,photo_actionable,2,WP-DC6-48,불발 장약 처리,불발 장약 처리,9.2.2,D-C-6-2025,present_in_base_ttl_same_guide
ci_unrelated_action_filter1,D-C-6-2025,발파공사 기술지원규정,exclusive,field_control,photo_actionable,3,WP-DC6-10,화약류 저장 및 운반,화약류 저장 및 운반,5.2.1,D-C-6-2025,present_in_base_ttl_same_guide
ci_unrelated_action_filter1,D-C-6-2025,발파공사 기술지원규정,exclusive,field_control,photo_actionable,4,WP-DC6-12,천공 작업,천공 작업,5.2.6,D-C-6-2025,present_in_base_ttl_same_guide
ci_unrelated_action_filter1,D-C-6-2025,발파공사 기술지원규정,exclusive,field_control,photo_actionable,5,WP-DC6-27,전기발파 - 장약,전기발파 - 장약,6.1.1,D-C-6-2025,present_in_base_ttl_same_guide
ci_unrelated_action_filter1,D-C-6-2025,발파공사 기술지원규정,exclusive,field_control,photo_actionable,6,WP-DC6-34,비전기발파 - 장약,비전기발파 - 장약,7.1.1,D-C-6-2025,present_in_base_ttl_same_guide
ci_unrelated_action_filter1,D-C-6-2025,발파공사 기술지원규정,exclusive,field_control,photo_actionable,7,WP-DC6-35,비전기발파 - 결선,비전기발파 - 결선,7.1.1,D-C-6-2025,present_in_base_ttl_same_guide
ci_unrelated_action_filter1,D-C-6-2025,발파공사 기술지원규정,exclusive,field_control,photo_actionable,8,WP-DC6-41,전자발파 장약,전자발파 장약,8.1.1,D-C-6-2025,present_in_base_ttl_same_guide
ci_unrelated_action_filter1,D-C-7-2026,비계 구조 및 안전작업에 관한 기술지원규정,exclusive,field_control,photo_actionable,1,WP-DC7-02,강관비계 조립,강관비계 조립,6.1,D-C-7-2026,present_in_base_ttl_same_guide
ci_unrelated_action_filter1,D-C-7-2026,비계 구조 및 안전작업에 관한 기술지원규정,exclusive,field_control,photo_actionable,2,WP-DC7-18,강관비계 교차가새·벽이음 설치,강관비계 교차가새·벽이음 설치,7.1,D-C-7-2026,present_in_base_ttl_same_guide
ci_unrelated_action_filter1,D-C-7-2026,비계 구조 및 안전작업에 관한 기술지원규정,exclusive,field_control,photo_actionable,3,WP-DC7-19,강관비계 작업발판·안전난간 설치,강관비계 작업발판·안전난간 설치,7.1,D-C-7-2026,present_in_base_ttl_same_guide
ci_unrelated_action_filter1,D-C-7-2026,비계 구조 및 안전작업에 관한 기술지원규정,exclusive,field_control,photo_actionable,4,WP-DC7-20,강관비계 출입구·우각부 보강,강관비계 출입구·우각부 보강,7.1,D-C-7-2026,present_in_base_ttl_same_guide
ci_unrelated_action_filter1,D-C-7-2026,비계 구조 및 안전작업에 관한 기술지원규정,exclusive,field_control,photo_actionable,5,WP-DC7-32,시스템비계 설치,시스템비계 설치,7.4,D-C-7-2026,present_in_base_ttl_same_guide
ci_unrelated_action_filter1,D-C-7-2026,비계 구조 및 안전작업에 관한 기술지원규정,exclusive,field_control,photo_actionable,6,WP-DC7-45,벽이음 설치,벽이음 설치,8.2,D-C-7-2026,present_in_base_ttl_same_guide
ci_unrelated_action_filter1,D-C-7-2026,비계 구조 및 안전작업에 관한 기술지원규정,exclusive,field_control,photo_actionable,7,WP-DC7-22,강관비계 해체,강관비계 해체,7.1,D-C-7-2026,present_in_base_ttl_same_guide
ci_unrelated_action_filter1,D-C-7-2026,비계 구조 및 안전작업에 관한 기술지원규정,exclusive,field_control,photo_actionable,8,WP-DC7-24,이동식비계 사용 및 이동,이동식비계 사용 및 이동,7.2,D-C-7-2026,present_in_base_ttl_same_guide
ci_unrelated_action_filter1,D-C-8-2026,"작업발판 일체형 거푸집(갱폼, 시스템폼, 슬립폼) 안전작업에 관한 기술지원규정",exclusive,field_control,photo_actionable,1,WP-DC8-01,갱폼 조립·해체 작업,갱폼 조립·해체 작업,4.1,D-C-8-2026,present_in_base_ttl_same_guide
ci_unrelated_action_filter1,D-C-8-2026,"작업발판 일체형 거푸집(갱폼, 시스템폼, 슬립폼) 안전작업에 관한 기술지원규정",exclusive,field_control,photo_actionable,2,WP-DC8-02,시스템폼·슬립폼 등 조립·해체 작업,시스템폼·슬립폼 등 조립·해체 작업,4.1,D-C-8-2026,present_in_base_ttl_same_guide
ci_unrelated_action_filter1,D-C-8-2026,"작업발판 일체형 거푸집(갱폼, 시스템폼, 슬립폼) 안전작업에 관한 기술지원규정",exclusive,field_control,photo_actionable,3,WP-DC8-12,시스템폼 타워크레인 인양 및 클라이밍 슈 고정,시스템폼 타워크레인 인양 및 클라이밍 슈 고정,7.3.1,D-C-8-2026,present_in_base_ttl_same_guide
ci_unrelated_action_filter1,D-C-8-2026,"작업발판 일체형 거푸집(갱폼, 시스템폼, 슬립폼) 안전작업에 관한 기술지원규정",exclusive,field_control,photo_actionable,4,WP-DC8-21,갱폼 해체 및 인양작업,갱폼 해체 및 인양작업,8.1.4,D-C-8-2026,present_in_base_ttl_same_guide
ci_unrelated_action_filter1,D-C-8-2026,"작업발판 일체형 거푸집(갱폼, 시스템폼, 슬립폼) 안전작업에 관한 기술지원규정",exclusive,field_control,photo_actionable,5,WP-DC8-22,갱폼 미장·치장(건출) 작업,갱폼 미장·치장(건출) 작업,8.1.5,D-C-8-2026,present_in_base_ttl_same_guide
ci_unrelated_action_filter1,D-C-8-2026,"작업발판 일체형 거푸집(갱폼, 시스템폼, 슬립폼) 안전작업에 관한 기술지원규정",exclusive,field_control,photo_actionable,6,WP-DC8-10,시스템폼 자재 정리 및 레일 조립,시스템폼 자재 정리 및 레일 조립,7.3.1,D-C-8-2026,present_in_base_ttl_same_guide
ci_unrelated_action_filter1,D-C-8-2026,"작업발판 일체형 거푸집(갱폼, 시스템폼, 슬립폼) 안전작업에 관한 기술지원규정",exclusive,field_control,photo_actionable,7,WP-DC8-11,시스템폼 부재 연결 및 플랫폼 조립,시스템폼 부재 연결 및 플랫폼 조립,7.3.1,D-C-8-2026,present_in_base_ttl_same_guide
ci_unrelated_action_filter1,D-C-8-2026,"작업발판 일체형 거푸집(갱폼, 시스템폼, 슬립폼) 안전작업에 관한 기술지원규정",exclusive,field_control,photo_actionable,8,WP-DC8-13,시스템폼 스트롱백·거푸집 연결,시스템폼 스트롱백·거푸집 연결,7.3.1,D-C-8-2026,present_in_base_ttl_same_guide
ci_unrelated_action_filter1,D-C-9-2026,거푸집 및 동바리 안전작업에 관한 기술지원규정,exclusive,field_control,photo_actionable,1,WP-DC9-19,거푸집 설치,거푸집 설치,7.5,D-C-9-2026,present_in_base_ttl_same_guide
ci_unrelated_action_filter1,D-C-9-2026,거푸집 및 동바리 안전작업에 관한 기술지원규정,exclusive,field_control,photo_actionable,2,WP-DC9-01,재사용 합판 점검 및 준비,재사용 합판 점검 및 준비,5,D-C-9-2026,present_in_base_ttl_same_guide
ci_unrelated_action_filter1,D-C-9-2026,거푸집 및 동바리 안전작업에 관한 기술지원규정,exclusive,field_control,photo_actionable,3,WP-DC9-15,거푸집 동바리 기초 검토,거푸집 동바리 기초 검토,7.5,D-C-9-2026,present_in_base_ttl_same_guide
ci_unrelated_action_filter1,D-C-9-2026,거푸집 및 동바리 안전작업에 관한 기술지원규정,exclusive,field_control,photo_actionable,4,WP-DC9-20,콘크리트 타설 전 검사,콘크리트 타설 전 검사,7.6,D-C-9-2026,present_in_base_ttl_same_guide
ci_unrelated_action_filter1,D-C-9-2026,거푸집 및 동바리 안전작업에 관한 기술지원규정,exclusive,field_control,photo_actionable,5,WP-DC9-22,거푸집 및 동바리 해체,거푸집 및 동바리 해체,7.7,D-C-9-2026,present_in_base_ttl_same_guide
ci_unrelated_action_filter1,D-C-9-2026,거푸집 및 동바리 안전작업에 관한 기술지원규정,exclusive,field_control,photo_actionable,6,WP-DC9-33,동바리 조립,동바리 조립,8.2,D-C-9-2026,present_in_base_ttl_same_guide
ci_unrelated_action_filter1,D-C-9-2026,거푸집 및 동바리 안전작업에 관한 기술지원규정,exclusive,field_control,photo_actionable,7,WP-DC9-34,콘크리트 타설 준비,콘크리트 타설 준비,9.2,D-C-9-2026,present_in_base_ttl_same_guide
ci_unrelated_action_filter1,D-C-9-2026,거푸집 및 동바리 안전작업에 관한 기술지원규정,exclusive,field_control,photo_actionable,8,WP-DC9-37,거푸집 및 동바리 해체,거푸집 및 동바리 해체,9.3,D-C-9-2026,present_in_base_ttl_same_guide
ci_unrelated_action_filter1,E-1-2012,가공 전선로에서의 위험방지에 관한 기술지침,exclusive,field_control,photo_actionable,1,WP-E1-01,전기위험성 평가 및 작업허가,전기위험성 평가 및 작업허가,4,E-1-2012,present_in_base_ttl_same_guide
ci_unrelated_action_filter1,E-1-2012,가공 전선로에서의 위험방지에 관한 기술지침,exclusive,field_control,photo_actionable,2,WP-E1-03,가공전선로 위치 파악 및 정보교류,가공전선로 위치 파악 및 정보교류,7.2,E-1-2012,present_in_base_ttl_same_guide
ci_unrelated_action_filter1,E-1-2012,가공 전선로에서의 위험방지에 관한 기술지침,exclusive,field_control,photo_actionable,3,WP-E1-04,방책 및 통로 설치,방책 및 통로 설치,7.3,E-1-2012,present_in_base_ttl_same_guide
ci_unrelated_action_filter1,E-1-2012,가공 전선로에서의 위험방지에 관한 기술지침,exclusive,field_control,photo_actionable,4,WP-E1-05,바닥면 작업 시 안전조치,바닥면 작업 시 안전조치,7.7,E-1-2012,present_in_base_ttl_same_guide
ci_unrelated_action_filter1,E-1-2012,가공 전선로에서의 위험방지에 관한 기술지침,exclusive,field_control,photo_actionable,5,WP-E1-06,건물·구조물 축조 시 안전조치,건물·구조물 축조 시 안전조치,7.8,E-1-2012,present_in_base_ttl_same_guide
ci_unrelated_action_filter1,E-1-2012,가공 전선로에서의 위험방지에 관한 기술지침,exclusive,field_control,photo_actionable,6,WP-E1-07,발파작업 시 안전조치,발파작업 시 안전조치,7.10,E-1-2012,present_in_base_ttl_same_guide
ci_unrelated_action_filter1,E-10-2013,축전지 취급에 관한 기술지침,exclusive,field_control,photo_actionable,1,WP-E10-06,축전지 충전구역 환기 설비 설치 및 운영,축전지 충전구역 환기 설비 설치 및 운영,9.2,E-10-2013,present_in_base_ttl_same_guide
ci_unrelated_action_filter1,E-10-2013,축전지 취급에 관한 기술지침,exclusive,field_control,photo_actionable,2,WP-E10-04,축전지 화학물질 취급,축전지 화학물질 취급,7.3,E-10-2013,present_in_base_ttl_same_guide
ci_unrelated_action_filter1,E-10-2013,축전지 취급에 관한 기술지침,exclusive,field_control,photo_actionable,3,WP-E10-03,축전지 충전,축전지 충전,7.2,E-10-2013,present_in_base_ttl_same_guide
ci_unrelated_action_filter1,E-10-2013,축전지 취급에 관한 기술지침,exclusive,field_control,photo_actionable,4,WP-E10-05,전기 차량 축전지 충전,전기 차량 축전지 충전,8,E-10-2013,present_in_base_ttl_same_guide
ci_unrelated_action_filter1,E-10-2013,축전지 취급에 관한 기술지침,exclusive,field_control,photo_actionable,5,WP-E10-01,축전지 연결 및 분리,축전지 연결 및 분리,6,E-10-2013,present_in_base_ttl_same_guide
ci_unrelated_action_filter1,E-10-2013,축전지 취급에 관한 기술지침,exclusive,field_control,photo_actionable,6,WP-E10-02,축전지 충전 준비,축전지 충전 준비,7.1,E-10-2013,present_in_base_ttl_same_guide
ci_unrelated_action_filter1,E-100-2021,저압전기설비에서의 감전예방을 위한 기술지침,domain_specific,field_control,photo_actionable,1,WP-E100-17,TN계통 전원 자동차단 보호 구성,TN계통 전원 자동차단 보호 구성,7.1.3,E-100-2021,present_in_base_ttl_same_guide
ci_unrelated_action_filter1,E-100-2021,저압전기설비에서의 감전예방을 위한 기술지침,domain_specific,field_control,photo_actionable,2,WP-E100-18,TT계통 전원 자동차단 보호 구성,TT계통 전원 자동차단 보호 구성,7.1.4,E-100-2021,present_in_base_ttl_same_guide
ci_unrelated_action_filter1,E-100-2021,저압전기설비에서의 감전예방을 위한 기술지침,domain_specific,field_control,photo_actionable,3,WP-E100-19,IT계통 보호 구성,IT계통 보호 구성,7.1.5,E-100-2021,present_in_base_ttl_same_guide
ci_unrelated_action_filter1,E-100-2021,저압전기설비에서의 감전예방을 위한 기술지침,domain_specific,field_control,photo_actionable,4,WP-E100-20,주등전위 본딩 시공,주등전위 본딩 시공,7.1.2,E-100-2021,present_in_base_ttl_same_guide
ci_unrelated_action_filter1,E-100-2021,저압전기설비에서의 감전예방을 위한 기술지침,domain_specific,field_control,photo_actionable,5,WP-E100-21,보조등전위 본딩 시공,보조등전위 본딩 시공,7.1.6,E-100-2021,present_in_base_ttl_same_guide
ci_unrelated_action_filter1,E-100-2021,저압전기설비에서의 감전예방을 위한 기술지침,domain_specific,field_control,photo_actionable,6,WP-E100-24,개별회로 전기적 격리 구성,개별회로 전기적 격리 구성,7.5,E-100-2021,present_in_base_ttl_same_guide
ci_unrelated_action_filter1,E-103-2011,저압감전방지장치 등의 선정 및 설치에 관한 기술지침,exclusive,field_control,photo_actionable,1,WP-E103-06,보호장치 간 상호협조 설계,보호장치 간 상호협조 설계,8,E-103-2011,present_in_base_ttl_same_guide
ci_unrelated_action_filter1,E-103-2011,저압감전방지장치 등의 선정 및 설치에 관한 기술지침,exclusive,field_control,photo_actionable,2,WP-E103-03,누전차단기 선정 및 설치,누전차단기 선정 및 설치,5.2,E-103-2011,present_in_base_ttl_same_guide
ci_unrelated_action_filter1,E-103-2011,저압감전방지장치 등의 선정 및 설치에 관한 기술지침,exclusive,field_control,photo_actionable,3,WP-E103-02,과전류보호장치 선정 및 설치,과전류보호장치 선정 및 설치,5.1,E-103-2011,present_in_base_ttl_same_guide
ci_unrelated_action_filter1,E-103-2011,저압감전방지장치 등의 선정 및 설치에 관한 기술지침,exclusive,field_control,photo_actionable,4,WP-E103-04,절연감시장치 설정 및 설치,절연감시장치 설정 및 설치,5.3,E-103-2011,present_in_base_ttl_same_guide
ci_unrelated_action_filter1,E-104-2011,전기설비 설치 시 환경·사용조건평가 등에 관한 기술지침,domain_specific,field_control,photo_actionable,1,WP-E104-01,전기설비 일반특성 평가,전기설비 일반특성 평가,4,E-104-2011,present_in_base_ttl_same_guide
ci_unrelated_action_filter1,E-104-2011,전기설비 설치 시 환경·사용조건평가 등에 관한 기술지침,domain_specific,field_control,photo_actionable,2,WP-E104-11,환경조건 등급분류 평가,환경조건 등급분류 평가,7.3,E-104-2011,present_in_base_ttl_same_guide
ci_unrelated_action_filter1,E-104-2011,전기설비 설치 시 환경·사용조건평가 등에 관한 기술지침,domain_specific,field_control,photo_actionable,3,WP-E104-12,사용조건 등급분류 평가,사용조건 등급분류 평가,7.4,E-104-2011,present_in_base_ttl_same_guide
ci_unrelated_action_filter1,E-104-2011,전기설비 설치 시 환경·사용조건평가 등에 관한 기술지침,domain_specific,field_control,photo_actionable,4,WP-E104-02,전기공급방식 결정,전기공급방식 결정,5,E-104-2011,present_in_base_ttl_same_guide
ci_unrelated_action_filter1,E-104-2011,전기설비 설치 시 환경·사용조건평가 등에 관한 기술지침,domain_specific,field_control,photo_actionable,5,WP-E104-03,전원 특성 평가 및 설비 분리,전원 특성 평가 및 설비 분리,6,E-104-2011,present_in_base_ttl_same_guide
ci_unrelated_action_filter1,E-104-2011,전기설비 설치 시 환경·사용조건평가 등에 관한 기술지침,domain_specific,field_control,photo_actionable,6,WP-E104-41,전기설비 적합성 평가,전기설비 적합성 평가,8,E-104-2011,present_in_base_ttl_same_guide
ci_unrelated_action_filter1,E-104-2011,전기설비 설치 시 환경·사용조건평가 등에 관한 기술지침,domain_specific,field_control,photo_actionable,7,WP-E104-42,전기설비 보전성 평가,전기설비 보전성 평가,9,E-104-2011,present_in_base_ttl_same_guide
ci_unrelated_action_filter1,E-104-2011,전기설비 설치 시 환경·사용조건평가 등에 관한 기술지침,domain_specific,field_control,photo_actionable,8,WP-E104-43,안전설비 전원 선정 및 설치,안전설비 전원 선정 및 설치,10,E-104-2011,present_in_base_ttl_same_guide
ci_unrelated_action_filter1,E-108-2011,비상설비 등에 대한 전원공급설비의 설치에 관한 기술지침,exclusive,field_control,photo_actionable,1,WP-E108-02,안전공급 전원설비 설치,안전공급 전원설비 설치,4,E-108-2011,present_in_base_ttl_same_guide
ci_unrelated_action_filter1,E-108-2011,비상설비 등에 대한 전원공급설비의 설치에 관한 기술지침,exclusive,field_control,photo_actionable,2,WP-E108-01,비상설비 선정 및 전원 용량 산정,비상설비 선정 및 전원 용량 산정,4,E-108-2011,present_in_base_ttl_same_guide
ci_unrelated_action_filter1,E-108-2011,비상설비 등에 대한 전원공급설비의 설치에 관한 기술지침,exclusive,field_control,photo_actionable,3,WP-E108-03,안전공급 선로 설치,안전공급 선로 설치,5,E-108-2011,present_in_base_ttl_same_guide
ci_unrelated_action_filter1,E-108-2011,비상설비 등에 대한 전원공급설비의 설치에 관한 기술지침,exclusive,field_control,photo_actionable,4,WP-E108-04,안전공급 전원 운전 및 유지보수,안전공급 전원 운전 및 유지보수,6,E-108-2011,present_in_base_ttl_same_guide
ci_unrelated_action_filter1,E-111-2011,난연성 전기작업복 선정에 관한 기술지침,exclusive,field_control,photo_actionable,1,WP-E111-02,난연성 작업복 선정,난연성 작업복 선정,6.4,E-111-2011,present_in_base_ttl_same_guide
ci_unrelated_action_filter1,E-111-2011,난연성 전기작업복 선정에 관한 기술지침,exclusive,field_control,photo_actionable,2,WP-E111-01,작업종류별 위험등급 분류,작업종류별 위험등급 분류,5,E-111-2011,present_in_base_ttl_same_guide
ci_unrelated_action_filter1,E-111-2011,난연성 전기작업복 선정에 관한 기술지침,exclusive,field_control,photo_actionable,3,WP-E111-03,난연성 작업복 착용,난연성 작업복 착용,6.6,E-111-2011,present_in_base_ttl_same_guide
ci_unrelated_action_filter1,E-111-2011,난연성 전기작업복 선정에 관한 기술지침,exclusive,field_control,photo_actionable,4,WP-E111-04,난연성 작업복 착용 전 검사 및 관리,난연성 작업복 착용 전 검사 및 관리,7,E-111-2011,present_in_base_ttl_same_guide
ci_unrelated_action_filter1,E-112-2011,서지보호장치 선정 및 설치지침에 관한 기술지침,exclusive,field_control,photo_actionable,1,WP-E112-01,SPD 타입 및 규격 선정,SPD 타입 및 규격 선정,8.1,E-112-2011,present_in_base_ttl_same_guide
ci_unrelated_action_filter1,E-112-2011,서지보호장치 선정 및 설치지침에 관한 기술지침,exclusive,field_control,photo_actionable,2,WP-E112-02,SPD 최대연속동작전압 및 방전전류 확인,SPD 최대연속동작전압 및 방전전류 확인,8.4,E-112-2011,present_in_base_ttl_same_guide
ci_unrelated_action_filter1,E-112-2011,서지보호장치 선정 및 설치지침에 관한 기술지침,exclusive,field_control,photo_actionable,3,WP-E112-03,SPD 설치 위치 결정 및 접속,SPD 설치 위치 결정 및 접속,7.1,E-112-2011,present_in_base_ttl_same_guide
ci_unrelated_action_filter1,E-112-2011,서지보호장치 선정 및 설치지침에 관한 기술지침,exclusive,field_control,photo_actionable,4,WP-E112-04,SPD 보호장치 및 보조장치 설치,SPD 보호장치 및 보조장치 설치,9,E-112-2011,present_in_base_ttl_same_guide
ci_unrelated_action_filter1,E-112-2011,서지보호장치 선정 및 설치지침에 관한 기술지침,exclusive,field_control,photo_actionable,5,WP-E112-05,SPD 간 에너지 협조 확인,SPD 간 에너지 협조 확인,8.6,E-112-2011,present_in_base_ttl_same_guide
ci_unrelated_action_filter1,E-115-2011,절연 보호구의 선정 및 사용에 관한 기술지침,exclusive,field_control,photo_actionable,1,WP-E115-01,절연 고무장갑 육안검사,절연 고무장갑 육안검사,5.(7),E-115-2011,present_in_base_ttl_same_guide
ci_unrelated_action_filter1,E-115-2011,절연 보호구의 선정 및 사용에 관한 기술지침,exclusive,field_control,photo_actionable,2,WP-E115-02,절연 고무장갑 공기주입검사,절연 고무장갑 공기주입검사,5.(7),E-115-2011,present_in_base_ttl_same_guide
ci_unrelated_action_filter1,E-116-2021,과전류 보호장치 선정 및 설치에 관한 기술지침,exclusive,field_control,photo_actionable,1,WP-E116-03,단락전류 결정,단락전류 결정,8.(1),E-116-2021,present_in_base_ttl_same_guide
ci_unrelated_action_filter1,E-116-2021,과전류 보호장치 선정 및 설치에 관한 기술지침,exclusive,field_control,photo_actionable,2,WP-E116-04,단락 보호장치 선정,단락 보호장치 선정,8.(2),E-116-2021,present_in_base_ttl_same_guide
ci_unrelated_action_filter1,E-116-2021,과전류 보호장치 선정 및 설치에 관한 기술지침,exclusive,field_control,photo_actionable,3,WP-E116-01,과부하 보호장치 선정,과부하 보호장치 선정,7.(1),E-116-2021,present_in_base_ttl_same_guide
ci_unrelated_action_filter1,E-116-2021,과전류 보호장치 선정 및 설치에 관한 기술지침,exclusive,field_control,photo_actionable,4,WP-E116-02,과부하 보호장치 설치,과부하 보호장치 설치,7.(2),E-116-2021,present_in_base_ttl_same_guide
ci_unrelated_action_filter1,E-116-2021,과전류 보호장치 선정 및 설치에 관한 기술지침,exclusive,field_control,photo_actionable,5,WP-E116-05,단락 보호장치 설치,단락 보호장치 설치,8.(3),E-116-2021,present_in_base_ttl_same_guide
ci_unrelated_action_filter1,E-116-2021,과전류 보호장치 선정 및 설치에 관한 기술지침,exclusive,field_control,photo_actionable,6,WP-E116-06,보호장치 기능조정,보호장치 기능조정,9.(2),E-116-2021,present_in_base_ttl_same_guide
ci_unrelated_action_filter1,E-121-2012,정전기방전 차폐체의 표준시험방법에 관한 기술지침,exclusive,field_control,photo_actionable,1,WP-E121-01,필수장비 준비 및 점검,필수장비 준비 및 점검,4,E-121-2012,present_in_base_ttl_same_guide
ci_unrelated_action_filter1,E-121-2012,정전기방전 차폐체의 표준시험방법에 관한 기술지침,exclusive,field_control,photo_actionable,2,WP-E121-06,시험 결과 기록 및 분석,시험 결과 기록 및 분석,8,E-121-2012,present_in_base_ttl_same_guide
ci_unrelated_action_filter1,E-121-2012,정전기방전 차폐체의 표준시험방법에 관한 기술지침,exclusive,field_control,photo_actionable,3,WP-E121-02,ESD 시뮬레이터 파형 검증,ESD 시뮬레이터 파형 검증,5,E-121-2012,present_in_base_ttl_same_guide
ci_unrelated_action_filter1,E-121-2012,정전기방전 차폐체의 표준시험방법에 관한 기술지침,exclusive,field_control,photo_actionable,4,WP-E121-05,차폐체 시험 수행,차폐체 시험 수행,7,E-121-2012,present_in_base_ttl_same_guide
ci_unrelated_action_filter1,E-121-2012,정전기방전 차폐체의 표준시험방법에 관한 기술지침,exclusive,field_control,photo_actionable,5,WP-E121-03,인증절차 시스템 검증,인증절차 시스템 검증,6,E-121-2012,present_in_base_ttl_same_guide
ci_unrelated_action_filter1,E-121-2012,정전기방전 차폐체의 표준시험방법에 관한 기술지침,exclusive,field_control,photo_actionable,6,WP-E121-04,시험 샘플 준비 및 환경 조절,시험 샘플 준비 및 환경 조절,7,E-121-2012,present_in_base_ttl_same_guide
ci_unrelated_action_filter1,E-123-2012,전기설비에서의 SF6 가스 분석 및 처리에 관한 기술지침,exclusive,measurement_analysis,photo_unmatchable,1,WP-E123-01,SF6 가스 현장 분석,SF6 가스 현장 분석,6.2,E-123-2012,present_in_base_ttl_same_guide
ci_unrelated_action_filter1,E-123-2012,전기설비에서의 SF6 가스 분석 및 처리에 관한 기술지침,exclusive,measurement_analysis,photo_unmatchable,2,WP-E123-05,옥내 SF6 처리 작업,옥내 SF6 처리 작업,7.3.4,E-123-2012,present_in_base_ttl_same_guide
ci_unrelated_action_filter1,E-123-2012,전기설비에서의 SF6 가스 분석 및 처리에 관한 기술지침,exclusive,measurement_analysis,photo_unmatchable,3,WP-E123-03,SF6 인클로저 제거 작업,SF6 인클로저 제거 작업,7.5,E-123-2012,present_in_base_ttl_same_guide
ci_unrelated_action_filter1,E-123-2012,전기설비에서의 SF6 가스 분석 및 처리에 관한 기술지침,exclusive,measurement_analysis,photo_unmatchable,4,WP-E123-02,SF6 가스 실험실 분석,SF6 가스 실험실 분석,6.3,E-123-2012,present_in_base_ttl_same_guide
ci_unrelated_action_filter1,E-123-2012,전기설비에서의 SF6 가스 분석 및 처리에 관한 기술지침,exclusive,measurement_analysis,photo_unmatchable,5,WP-E123-04,옥외 SF6 처리 작업,옥외 SF6 처리 작업,7.3.3,E-123-2012,present_in_base_ttl_same_guide
ci_unrelated_action_filter1,E-123-2012,전기설비에서의 SF6 가스 분석 및 처리에 관한 기술지침,exclusive,measurement_analysis,photo_unmatchable,6,WP-E123-06,SF6 보관 및 운송,SF6 보관 및 운송,7.6,E-123-2012,present_in_base_ttl_same_guide
ci_unrelated_action_filter1,E-129-2012,저압 개폐장치 및 제어장치의 유지관리 등에 관한 기술지침,exclusive,field_control,photo_actionable,1,WP-E129-03,제품 표시 및 명판 확인,제품 표시 및 명판 확인,5.2,E-129-2012,present_in_base_ttl_same_guide
ci_unrelated_action_filter1,E-129-2012,저압 개폐장치 및 제어장치의 유지관리 등에 관한 기술지침,exclusive,field_control,photo_actionable,2,WP-E129-04,단락보호장치 협조 확인,단락보호장치 협조 확인,4.7,E-129-2012,present_in_base_ttl_same_guide
ci_unrelated_action_filter1,E-13-2012,가스충전소 및 주유소에서의 정전기 재해방지에 관한 기술지침,exclusive,field_control,photo_actionable,1,WP-E13-01,충전(주유) 전 안전준비,충전(주유) 전 안전준비,6.8.1,E-13-2012,present_in_base_ttl_same_guide
ci_unrelated_action_filter1,E-13-2012,가스충전소 및 주유소에서의 정전기 재해방지에 관한 기술지침,exclusive,field_control,photo_actionable,2,WP-E13-03,충전(주유) 후 점검 및 정리,충전(주유) 후 점검 및 정리,6.8.1,E-13-2012,present_in_base_ttl_same_guide
ci_unrelated_action_filter1,E-13-2012,가스충전소 및 주유소에서의 정전기 재해방지에 관한 기술지침,exclusive,field_control,photo_actionable,3,WP-E13-04,이송 및 충전 작업,이송 및 충전 작업,6.7,E-13-2012,present_in_base_ttl_same_guide
ci_unrelated_action_filter1,E-13-2012,가스충전소 및 주유소에서의 정전기 재해방지에 관한 기술지침,exclusive,field_control,photo_actionable,4,WP-E13-05,셀프 주유 작업,셀프 주유 작업,6.8.2,E-13-2012,present_in_base_ttl_same_guide
ci_unrelated_action_filter1,E-130-2012,전압인가식 제전장치의 성능평가 및 사용안전에 관한 기술지침,exclusive,field_control,photo_actionable,1,WP-E130-03,제전기 보수·점검,제전기 보수·점검,7.1,E-130-2012,present_in_base_ttl_same_guide
ci_unrelated_action_filter1,E-130-2012,전압인가식 제전장치의 성능평가 및 사용안전에 관한 기술지침,exclusive,field_control,photo_actionable,2,WP-E130-01,이온화 성능 측정 시험,이온화 성능 측정 시험,6.1,E-130-2012,present_in_base_ttl_same_guide
ci_unrelated_action_filter1,E-131-2012,저압 개폐장치 및 제어장치의 오작동 방지 시험에 관한 기술지침,exclusive,field_control,photo_actionable,1,WP-E131-02,정전기 방전 내성시험,정전기 방전 내성시험,5.3.2,E-131-2012,present_in_base_ttl_same_guide
ci_unrelated_action_filter1,E-131-2012,저압 개폐장치 및 제어장치의 오작동 방지 시험에 관한 기술지침,exclusive,field_control,photo_actionable,2,WP-E131-03,방출 고주파 전자계 내성시험,방출 고주파 전자계 내성시험,5.3.3,E-131-2012,present_in_base_ttl_same_guide
ci_unrelated_action_filter1,E-132-2013,38kV 이상 개폐장치의 유지보수에 관한 기술지침,exclusive,field_control,photo_actionable,1,WP-E132-01,유지보수를 위한 격리 및 접근,유지보수를 위한 격리 및 접근,6.2,E-132-2013,present_in_base_ttl_same_guide
ci_unrelated_action_filter1,E-132-2013,38kV 이상 개폐장치의 유지보수에 관한 기술지침,exclusive,field_control,photo_actionable,2,WP-E132-02,작업준비,작업준비,7,E-132-2013,present_in_base_ttl_same_guide
ci_unrelated_action_filter1,E-132-2013,38kV 이상 개폐장치의 유지보수에 관한 기술지침,exclusive,field_control,photo_actionable,3,WP-E132-03,시험 수행,시험 수행,9.1,E-132-2013,present_in_base_ttl_same_guide
ci_unrelated_action_filter1,E-132-2013,38kV 이상 개폐장치의 유지보수에 관한 기술지침,exclusive,field_control,photo_actionable,4,WP-E132-04,일상 유지보수,일상 유지보수,13.2,E-132-2013,present_in_base_ttl_same_guide
ci_unrelated_action_filter1,E-132-2013,38kV 이상 개폐장치의 유지보수에 관한 기술지침,exclusive,field_control,photo_actionable,5,WP-E132-05,절연 시험 및 유지보수,절연 시험 및 유지보수,19.2,E-132-2013,present_in_base_ttl_same_guide
ci_unrelated_action_filter1,E-134-2013,의료용 전기 시스템의 안전한 사용에 관한 기술지침,exclusive,field_control,photo_actionable,1,WP-E134-01,ME 장비 보호등급 확인 및 표시,ME 장비 보호등급 확인 및 표시,5.4,E-134-2013,present_in_base_ttl_same_guide
ci_unrelated_action_filter1,E-134-2013,의료용 전기 시스템의 안전한 사용에 관한 기술지침,exclusive,field_control,photo_actionable,2,WP-E134-02,ME 장비 경보시스템 구성 및 관리,ME 장비 경보시스템 구성 및 관리,7.1,E-134-2013,present_in_base_ttl_same_guide
ci_unrelated_action_filter1,E-134-2013,의료용 전기 시스템의 안전한 사용에 관한 기술지침,exclusive,field_control,photo_actionable,3,WP-E134-03,멀티콘센트 설치 및 장비 연결,멀티콘센트 설치 및 장비 연결,8.4,E-134-2013,present_in_base_ttl_same_guide
ci_unrelated_action_filter1,E-134-2013,의료용 전기 시스템의 안전한 사용에 관한 기술지침,exclusive,field_control,photo_actionable,4,WP-E134-04,ME 장비 세척·소독·멸균,ME 장비 세척·소독·멸균,8.6,E-134-2013,present_in_base_ttl_same_guide
ci_unrelated_action_filter1,E-134-2013,의료용 전기 시스템의 안전한 사용에 관한 기술지침,exclusive,field_control,photo_actionable,5,WP-E134-05,ME 장비 손상 후 점검,ME 장비 손상 후 점검,5.5,E-134-2013,present_in_base_ttl_same_guide
ci_unrelated_action_filter1,E-134-2013,의료용 전기 시스템의 안전한 사용에 관한 기술지침,exclusive,field_control,photo_actionable,6,WP-E134-31,ME 장비 구매 검토,ME 장비 구매 검토,10,E-134-2013,present_in_base_ttl_same_guide
ci_unrelated_action_filter1,E-134-2013,의료용 전기 시스템의 안전한 사용에 관한 기술지침,exclusive,field_control,photo_actionable,7,WP-E134-32,ME 장비 납품 및 시운전,ME 장비 납품 및 시운전,10,E-134-2013,present_in_base_ttl_same_guide
ci_unrelated_action_filter1,E-134-2013,의료용 전기 시스템의 안전한 사용에 관한 기술지침,exclusive,field_control,photo_actionable,8,WP-E134-33,ME 장비 사용 훈련,ME 장비 사용 훈련,10,E-134-2013,present_in_base_ttl_same_guide
ci_unrelated_action_filter1,E-135-2013,저압 개폐장치 및 제어장치의 시험·점검에 관한 기술지침,exclusive,field_control,photo_actionable,1,WP-E135-02,검수시험(Routine test),검수시험(Routine test),4.2.2,E-135-2013,present_in_base_ttl_same_guide
ci_unrelated_action_filter1,E-135-2013,저압 개폐장치 및 제어장치의 시험·점검에 관한 기술지침,exclusive,field_control,photo_actionable,2,WP-E135-03,발췌시험(Sampling test),발췌시험(Sampling test),4.2.3,E-135-2013,present_in_base_ttl_same_guide
ci_unrelated_action_filter1,E-135-2013,저압 개폐장치 및 제어장치의 시험·점검에 관한 기술지침,exclusive,field_control,photo_actionable,3,WP-E135-01,형식시험(Type test),형식시험(Type test),4.2.1,E-135-2013,present_in_base_ttl_same_guide
ci_unrelated_action_filter1,E-135-2013,저압 개폐장치 및 제어장치의 시험·점검에 관한 기술지침,exclusive,field_control,photo_actionable,4,WP-E135-30,정격 임펄스 내전압 시험 준비,정격 임펄스 내전압 시험 준비,7.1.1,E-135-2013,present_in_base_ttl_same_guide
ci_unrelated_action_filter1,E-139-2013,비상 등기구의 기능안전에 관한 기술지침,exclusive,field_control,photo_actionable,1,WP-E139-03,전원 내장형 등기구 광출력 시험,전원 내장형 등기구 광출력 시험,6,E-139-2013,present_in_base_ttl_same_guide
ci_unrelated_action_filter1,E-139-2013,비상 등기구의 기능안전에 관한 기술지침,exclusive,field_control,photo_actionable,2,WP-E139-01,비상 등기구 분류 및 표시 확인,비상 등기구 분류 및 표시 확인,4,E-139-2013,present_in_base_ttl_same_guide
ci_unrelated_action_filter1,E-139-2013,비상 등기구의 기능안전에 관한 기술지침,exclusive,field_control,photo_actionable,3,WP-E139-02,비상 등기구 표시사항 검사,비상 등기구 표시사항 검사,5,E-139-2013,present_in_base_ttl_same_guide
ci_unrelated_action_filter1,E-139-2013,비상 등기구의 기능안전에 관한 기술지침,exclusive,field_control,photo_actionable,4,WP-E139-05,비상 안전표지 휘도 측정,비상 안전표지 휘도 측정,6,E-139-2013,present_in_base_ttl_same_guide
ci_unrelated_action_filter1,E-141-2013,가연성 분진발생 사업장의 케이블에 의한 화재위험 관리에 관한 기술지침,exclusive,field_control,photo_actionable,1,WP-E141-02,주요 케이블 화재 성능 특성 파악,주요 케이블 화재 성능 특성 파악,6,E-141-2013,present_in_base_ttl_same_guide
ci_unrelated_action_filter1,E-141-2013,가연성 분진발생 사업장의 케이블에 의한 화재위험 관리에 관한 기술지침,exclusive,field_control,photo_actionable,2,WP-E141-01,케이블 종류와 사용 환경 정의,케이블 종류와 사용 환경 정의,6,E-141-2013,present_in_base_ttl_same_guide
ci_unrelated_action_filter1,E-141-2013,가연성 분진발생 사업장의 케이블에 의한 화재위험 관리에 관한 기술지침,exclusive,field_control,photo_actionable,3,WP-E141-04,케이블 성능 요구사항 확립,케이블 성능 요구사항 확립,6,E-141-2013,present_in_base_ttl_same_guide
ci_unrelated_action_filter1,E-141-2013,가연성 분진발생 사업장의 케이블에 의한 화재위험 관리에 관한 기술지침,exclusive,field_control,photo_actionable,4,WP-E141-05,시험 결과 해석,시험 결과 해석,6,E-141-2013,present_in_base_ttl_same_guide
ci_unrelated_action_filter1,E-142-2013,압축공기 구동식 연마기의 정전기 대책에 관한 기술지침,exclusive,field_control,photo_actionable,1,WP-E142-02,연마기 접지 접속,연마기 접지 접속,6.1,E-142-2013,present_in_base_ttl_same_guide
ci_unrelated_action_filter1,E-142-2013,압축공기 구동식 연마기의 정전기 대책에 관한 기술지침,exclusive,field_control,photo_actionable,2,WP-E142-03,작업자 대전방지 조치,작업자 대전방지 조치,6.2,E-142-2013,present_in_base_ttl_same_guide
ci_unrelated_action_filter1,E-142-2013,압축공기 구동식 연마기의 정전기 대책에 관한 기술지침,exclusive,field_control,photo_actionable,3,WP-E142-06,연마 작업 실시,연마 작업 실시,6,E-142-2013,present_in_base_ttl_same_guide
ci_unrelated_action_filter1,E-142-2013,압축공기 구동식 연마기의 정전기 대책에 관한 기술지침,exclusive,field_control,photo_actionable,4,WP-E142-07,경금속 분진 관리 및 청소,경금속 분진 관리 및 청소,7,E-142-2013,present_in_base_ttl_same_guide
ci_unrelated_action_filter1,E-147-2015,통신케이블 설치근로자의 안전작업에 관한 기술지침,exclusive,measurement_analysis,photo_actionable,1,WP-E147-26,지하케이블작업 - 정리 작업,지하케이블작업 - 정리 작업,6.1,E-147-2015,present_in_base_ttl_same_guide
ci_unrelated_action_filter1,E-147-2015,통신케이블 설치근로자의 안전작업에 관한 기술지침,exclusive,measurement_analysis,photo_actionable,2,WP-E147-45,케이블 작업,케이블 작업,부록 2,E-147-2015,present_in_base_ttl_same_guide
ci_unrelated_action_filter1,E-147-2015,통신케이블 설치근로자의 안전작업에 관한 기술지침,exclusive,measurement_analysis,photo_actionable,3,WP-E147-02,준비작업 - 맨홀작업,준비작업 - 맨홀작업,5.1.2,E-147-2015,present_in_base_ttl_same_guide
ci_unrelated_action_filter1,E-147-2015,통신케이블 설치근로자의 안전작업에 관한 기술지침,exclusive,measurement_analysis,photo_actionable,4,WP-E147-08,정리작업,정리작업,5.1.2,E-147-2015,present_in_base_ttl_same_guide
ci_unrelated_action_filter1,E-147-2015,통신케이블 설치근로자의 안전작업에 관한 기술지침,exclusive,measurement_analysis,photo_actionable,5,WP-E147-09,전주작업 (지상케이블),전주작업 (지상케이블),5.2.2,E-147-2015,present_in_base_ttl_same_guide
ci_unrelated_action_filter1,E-147-2015,통신케이블 설치근로자의 안전작업에 관한 기술지침,exclusive,measurement_analysis,photo_actionable,6,WP-E147-12,버킷트럭작업(고소작업차량),버킷트럭작업(고소작업차량),5.3.2,E-147-2015,present_in_base_ttl_same_guide
ci_unrelated_action_filter1,E-147-2015,통신케이블 설치근로자의 안전작업에 관한 기술지침,exclusive,measurement_analysis,photo_actionable,7,WP-E147-21,지하밀폐공간작업 - 맨홀작업,지하밀폐공간작업 - 맨홀작업,6.1,E-147-2015,present_in_base_ttl_same_guide
ci_unrelated_action_filter1,E-147-2015,통신케이블 설치근로자의 안전작업에 관한 기술지침,exclusive,measurement_analysis,photo_actionable,8,WP-E147-25,지하케이블작업 - 케이블 접속/시험 작업,지하케이블작업 - 케이블 접속/시험 작업,6.1,E-147-2015,present_in_base_ttl_same_guide
ci_unrelated_action_filter1,E-15-2012,개폐장치의 사용에 관한 기술지침,exclusive,field_control,photo_actionable,1,WP-E15-02,유입차단기 외관 점검,유입차단기 외관 점검,5.3,E-15-2012,present_in_base_ttl_same_guide
ci_unrelated_action_filter1,E-15-2012,개폐장치의 사용에 관한 기술지침,exclusive,field_control,photo_actionable,2,WP-E15-04,유입차단기 절연유 관리,유입차단기 절연유 관리,5.7,E-15-2012,present_in_base_ttl_same_guide
ci_unrelated_action_filter1,E-15-2012,개폐장치의 사용에 관한 기술지침,exclusive,field_control,photo_actionable,3,WP-E15-06,가스차단기 정비,가스차단기 정비,6.3,E-15-2012,present_in_base_ttl_same_guide
ci_unrelated_action_filter1,E-15-2012,개폐장치의 사용에 관한 기술지침,exclusive,field_control,photo_actionable,4,WP-E15-07,진공차단기 정비,진공차단기 정비,6.3,E-15-2012,present_in_base_ttl_same_guide
ci_unrelated_action_filter1,E-15-2012,개폐장치의 사용에 관한 기술지침,exclusive,field_control,photo_actionable,5,WP-E15-08,공기차단기 정비,공기차단기 정비,6.3,E-15-2012,present_in_base_ttl_same_guide
ci_unrelated_action_filter1,E-15-2012,개폐장치의 사용에 관한 기술지침,exclusive,field_control,photo_actionable,6,WP-E15-09,6불화황(SF6) 가스 취급 및 안전 예방,6불화황(SF6) 가스 취급 및 안전 예방,6.4,E-15-2012,present_in_base_ttl_same_guide
ci_unrelated_action_filter1,E-15-2012,개폐장치의 사용에 관한 기술지침,exclusive,field_control,photo_actionable,7,WP-E15-01,유입차단기 점검 및 상태 확인,유입차단기 점검 및 상태 확인,5.1,E-15-2012,present_in_base_ttl_same_guide
ci_unrelated_action_filter1,E-15-2012,개폐장치의 사용에 관한 기술지침,exclusive,field_control,photo_actionable,8,WP-E15-03,유입차단기 계획예방정비,유입차단기 계획예방정비,5.4,E-15-2012,present_in_base_ttl_same_guide
ci_unrelated_action_filter1,E-158-2017,방폭전기기계기구 제조자 품질경영시스템 적용에 관한 기술지침,exclusive,field_control,photo_actionable,1,WP-E158-24,외부 공급자 평가 및 선정,외부 공급자 평가 및 선정,9.4.1,E-158-2017,present_in_base_ttl_same_guide
ci_unrelated_action_filter1,E-158-2017,방폭전기기계기구 제조자 품질경영시스템 적용에 관한 기술지침,exclusive,field_control,photo_actionable,2,WP-E158-27,구매 문서 작성 및 관리,구매 문서 작성 및 관리,9.4.3,E-158-2017,present_in_base_ttl_same_guide
ci_unrelated_action_filter1,E-158-2017,방폭전기기계기구 제조자 품질경영시스템 적용에 관한 기술지침,exclusive,field_control,photo_actionable,3,WP-E158-41,일상 시험 수행,일상 시험 수행,10.1.1,E-158-2017,present_in_base_ttl_same_guide
ci_unrelated_action_filter1,E-158-2017,방폭전기기계기구 제조자 품질경영시스템 적용에 관한 기술지침,exclusive,field_control,photo_actionable,4,WP-E158-43,내부심사 수행,내부심사 수행,10.2,E-158-2017,present_in_base_ttl_same_guide
ci_unrelated_action_filter1,E-158-2017,방폭전기기계기구 제조자 품질경영시스템 적용에 관한 기술지침,exclusive,field_control,photo_actionable,5,WP-E158-04,제품심사,제품심사,4.1,E-158-2017,present_in_base_ttl_same_guide
ci_unrelated_action_filter1,E-158-2017,방폭전기기계기구 제조자 품질경영시스템 적용에 관한 기술지침,exclusive,field_control,photo_actionable,6,WP-E158-22,제품 및 서비스 요구사항 검토,제품 및 서비스 요구사항 검토,9.2.3,E-158-2017,present_in_base_ttl_same_guide
ci_unrelated_action_filter1,E-158-2017,방폭전기기계기구 제조자 품질경영시스템 적용에 관한 기술지침,exclusive,field_control,photo_actionable,7,WP-E158-26,구매 제품 검증,구매 제품 검증,9.4.2,E-158-2017,present_in_base_ttl_same_guide
ci_unrelated_action_filter1,E-158-2017,방폭전기기계기구 제조자 품질경영시스템 적용에 관한 기술지침,exclusive,field_control,photo_actionable,8,WP-E158-28,생산 및 서비스 제공 관리,생산 및 서비스 제공 관리,9.5.1,E-158-2017,present_in_base_ttl_same_guide
ci_unrelated_action_filter1,E-16-2012,빌딩 건설현장에서의 배전설비에 관한 기술지침,exclusive,field_control,photo_actionable,1,WP-E16-01,전기공급자 사전 협의 및 계획 수립,전기공급자 사전 협의 및 계획 수립,5,E-16-2012,present_in_base_ttl_same_guide
ci_unrelated_action_filter1,E-16-2012,빌딩 건설현장에서의 배전설비에 관한 기술지침,exclusive,field_control,photo_actionable,2,WP-E16-02,배전설비 설계 및 전기설비 선정,배전설비 설계 및 전기설비 선정,7.1,E-16-2012,present_in_base_ttl_same_guide
ci_unrelated_action_filter1,E-16-2012,빌딩 건설현장에서의 배전설비에 관한 기술지침,exclusive,field_control,photo_actionable,3,WP-E16-06,현장 전기설비 운전 및 안전작업,현장 전기설비 운전 및 안전작업,8.1,E-16-2012,present_in_base_ttl_same_guide
ci_unrelated_action_filter1,E-16-2012,빌딩 건설현장에서의 배전설비에 관한 기술지침,exclusive,field_control,photo_actionable,4,WP-E16-07,점검 및 보수,점검 및 보수,11,E-16-2012,present_in_base_ttl_same_guide
ci_unrelated_action_filter1,E-16-2012,빌딩 건설현장에서의 배전설비에 관한 기술지침,exclusive,field_control,photo_actionable,5,WP-E16-08,철거작업,철거작업,8.5,E-16-2012,present_in_base_ttl_same_guide
ci_unrelated_action_filter1,E-163-2017,특수전력시스템 설치에 관한 기술지침,domain_specific,field_control,photo_actionable,1,WP-E163-01,600 V 이상 전력시스템 지상 배선 설치,600 V 이상 전력시스템 지상 배선 설치,5.1,E-163-2017,present_in_base_ttl_same_guide
ci_unrelated_action_filter1,E-163-2017,특수전력시스템 설치에 관한 기술지침,domain_specific,field_control,photo_actionable,2,WP-E163-06,터널 전기설비 설치,터널 전기설비 설치,5.7,E-163-2017,present_in_base_ttl_same_guide
ci_unrelated_action_filter1,E-163-2017,특수전력시스템 설치에 관한 기술지침,domain_specific,field_control,photo_actionable,3,WP-E163-07,비상 전원시스템 설치,비상 전원시스템 설치,6,E-163-2017,present_in_base_ttl_same_guide
ci_unrelated_action_filter1,E-163-2017,특수전력시스템 설치에 관한 기술지침,domain_specific,field_control,photo_actionable,4,WP-E163-08,화재경보시스템 설치,화재경보시스템 설치,7,E-163-2017,present_in_base_ttl_same_guide
ci_unrelated_action_filter1,E-163-2017,특수전력시스템 설치에 관한 기술지침,domain_specific,field_control,photo_actionable,5,WP-E163-09,통신시스템 설치,통신시스템 설치,8,E-163-2017,present_in_base_ttl_same_guide
ci_unrelated_action_filter1,E-163-2017,특수전력시스템 설치에 관한 기술지침,domain_specific,field_control,photo_actionable,6,WP-E163-10,태양광 발전시스템 설치,태양광 발전시스템 설치,9,E-163-2017,present_in_base_ttl_same_guide
ci_unrelated_action_filter1,E-164-2017,특정용도의 전기기계기구 설치에 관란 기술지침,exclusive,field_control,photo_actionable,1,WP-E164-01,전기표지 및 윤곽조명 설치,전기표지 및 윤곽조명 설치,5,E-164-2017,present_in_base_ttl_same_guide
ci_unrelated_action_filter1,E-164-2017,특정용도의 전기기계기구 설치에 관란 기술지침,exclusive,field_control,photo_actionable,2,WP-E164-02,크레인 및 호이스트 전기설비 설치,크레인 및 호이스트 전기설비 설치,6,E-164-2017,present_in_base_ttl_same_guide
ci_unrelated_action_filter1,E-164-2017,특정용도의 전기기계기구 설치에 관란 기술지침,exclusive,field_control,photo_actionable,3,WP-E164-03,엘리베이터 등 승강설비 전기설비 설치,엘리베이터 등 승강설비 전기설비 설치,7,E-164-2017,present_in_base_ttl_same_guide
ci_unrelated_action_filter1,E-164-2017,특정용도의 전기기계기구 설치에 관란 기술지침,exclusive,field_control,photo_actionable,4,WP-E164-04,전기용접기 단로장치 설치,전기용접기 단로장치 설치,8,E-164-2017,present_in_base_ttl_same_guide
ci_unrelated_action_filter1,E-164-2017,특정용도의 전기기계기구 설치에 관란 기술지침,exclusive,field_control,photo_actionable,5,WP-E164-06,X레이장비 전기설비 설치,X레이장비 전기설비 설치,10,E-164-2017,present_in_base_ttl_same_guide
ci_unrelated_action_filter1,E-164-2017,특정용도의 전기기계기구 설치에 관란 기술지침,exclusive,field_control,photo_actionable,6,WP-E164-08,전해조 전기설비 설치,전해조 전기설비 설치,13,E-164-2017,present_in_base_ttl_same_guide
ci_unrelated_action_filter1,E-164-2017,특정용도의 전기기계기구 설치에 관란 기술지침,exclusive,field_control,photo_actionable,7,WP-E164-09,관개기계 전기설비 설치,관개기계 전기설비 설치,14,E-164-2017,present_in_base_ttl_same_guide
ci_unrelated_action_filter1,E-164-2017,특정용도의 전기기계기구 설치에 관란 기술지침,exclusive,field_control,photo_actionable,8,WP-E164-10,수영장·분수 등 전기설비 설치,수영장·분수 등 전기설비 설치,15,E-164-2017,present_in_base_ttl_same_guide
ci_unrelated_action_filter1,E-168-2018,병원전기설비 설치에 관한 기술지침,exclusive,field_control,photo_actionable,1,WP-E168-04,누전차단기(RCD) 및 의료용 IT 시스템 설치,누전차단기(RCD) 및 의료용 IT 시스템 설치,4.2.1.3.1,E-168-2018,present_in_base_ttl_same_guide
ci_unrelated_action_filter1,E-168-2018,병원전기설비 설치에 관한 기술지침,exclusive,field_control,photo_actionable,2,WP-E168-05,등전위 본딩 설치,등전위 본딩 설치,4.2.1.3.1,E-168-2018,present_in_base_ttl_same_guide
ci_unrelated_action_filter1,E-168-2018,병원전기설비 설치에 관한 기술지침,exclusive,field_control,photo_actionable,3,WP-E168-03,감전방지 보호 설치,감전방지 보호 설치,4.2,E-168-2018,present_in_base_ttl_same_guide
ci_unrelated_action_filter1,E-168-2018,병원전기설비 설치에 관한 기술지침,exclusive,field_control,photo_actionable,4,WP-E168-01,의료장소 구분 및 일반 특성 평가,의료장소 구분 및 일반 특성 평가,4,E-168-2018,present_in_base_ttl_same_guide
ci_unrelated_action_filter1,E-168-2018,병원전기설비 설치에 관한 기술지침,exclusive,field_control,photo_actionable,5,WP-E168-02,접지계통 및 전원 설계·설치,접지계통 및 전원 설계·설치,4.1,E-168-2018,present_in_base_ttl_same_guide
ci_unrelated_action_filter1,E-168-2018,병원전기설비 설치에 관한 기술지침,exclusive,field_control,photo_actionable,6,WP-E168-06,전기기기 선정 및 설치,전기기기 선정 및 설치,5.1,E-168-2018,present_in_base_ttl_same_guide
ci_unrelated_action_filter1,E-168-2018,병원전기설비 설치에 관한 기술지침,exclusive,field_control,photo_actionable,7,WP-E168-08,최초 검사 실시,최초 검사 실시,6.1,E-168-2018,present_in_base_ttl_same_guide
ci_unrelated_action_filter1,E-168-2018,병원전기설비 설치에 관한 기술지침,exclusive,field_control,photo_actionable,8,WP-E168-09,정기검사 실시,정기검사 실시,6.2,E-168-2018,present_in_base_ttl_same_guide
ci_unrelated_action_filter1,E-17-2012,고전압 개폐장치의 정비에 관한 기술지침,exclusive,field_control,photo_actionable,1,WP-E17-03,정비 준비 - 일반사항,정비 준비 - 일반사항,6.1,E-17-2012,present_in_base_ttl_same_guide
ci_unrelated_action_filter1,E-17-2012,고전압 개폐장치의 정비에 관한 기술지침,exclusive,field_control,photo_actionable,2,WP-E17-02,정비를 위한 접근과 격리,정비를 위한 접근과 격리,5,E-17-2012,present_in_base_ttl_same_guide
ci_unrelated_action_filter1,E-17-2012,고전압 개폐장치의 정비에 관한 기술지침,exclusive,field_control,photo_actionable,3,WP-E17-12,연동장치 정비,연동장치 정비,12,E-17-2012,present_in_base_ttl_same_guide
ci_unrelated_action_filter1,E-17-2012,고전압 개폐장치의 정비에 관한 기술지침,exclusive,field_control,photo_actionable,4,WP-E17-06,일상정비 및 정기점검,일상정비 및 정기점검,7.2,E-17-2012,present_in_base_ttl_same_guide
ci_unrelated_action_filter1,E-17-2012,고전압 개폐장치의 정비에 관한 기술지침,exclusive,field_control,photo_actionable,5,WP-E17-07,고장 후 정비,고장 후 정비,7.3,E-17-2012,present_in_base_ttl_same_guide
ci_unrelated_action_filter1,E-17-2012,고전압 개폐장치의 정비에 관한 기술지침,exclusive,field_control,photo_actionable,6,WP-E17-11,접지·셔터·잠금장치 정비,접지·셔터·잠금장치 정비,11,E-17-2012,present_in_base_ttl_same_guide
ci_unrelated_action_filter1,E-17-2012,고전압 개폐장치의 정비에 관한 기술지침,exclusive,field_control,photo_actionable,7,WP-E17-13,환기·과열·조명 점검,환기·과열·조명 점검,13,E-17-2012,present_in_base_ttl_same_guide
ci_unrelated_action_filter1,E-170-2023,태양광 발전설비 설치에 관한 기술지침,exclusive,field_control,photo_actionable,1,WP-E170-02,RCD 및 보호장치 설치,RCD 및 보호장치 설치,4.2.2.1,E-170-2023,present_in_base_ttl_same_guide
ci_unrelated_action_filter1,E-170-2023,태양광 발전설비 설치에 관한 기술지침,exclusive,field_control,photo_actionable,2,WP-E170-06,개폐장치 설치,개폐장치 설치,5.3,E-170-2023,present_in_base_ttl_same_guide
ci_unrelated_action_filter1,E-170-2023,태양광 발전설비 설치에 관한 기술지침,exclusive,field_control,photo_actionable,3,WP-E170-03,PV 모듈 및 전기기기 설치,PV 모듈 및 전기기기 설치,5.1,E-170-2023,present_in_base_ttl_same_guide
ci_unrelated_action_filter1,E-170-2023,태양광 발전설비 설치에 관한 기술지침,exclusive,field_control,photo_actionable,4,WP-E170-04,배선 시스템 설치,배선 시스템 설치,5.2,E-170-2023,present_in_base_ttl_same_guide
ci_unrelated_action_filter1,E-171-2018,스를래쉬필링으로 인한 정전기 화재사고 예방에 관한 기술지침,exclusive,field_control,photo_actionable,1,WP-E171-04,비도전성 용기 방전 방지 조치,비도전성 용기 방전 방지 조치,5.2.2,E-171-2018,present_in_base_ttl_same_guide
ci_unrelated_action_filter1,E-171-2018,스를래쉬필링으로 인한 정전기 화재사고 예방에 관한 기술지침,exclusive,field_control,photo_actionable,2,WP-E171-02,설비 접지 및 본딩,설비 접지 및 본딩,5.2.1,E-171-2018,present_in_base_ttl_same_guide
ci_unrelated_action_filter1,E-171-2018,스를래쉬필링으로 인한 정전기 화재사고 예방에 관한 기술지침,exclusive,field_control,photo_actionable,3,WP-E171-01,충전 배관 설치 및 유속 제한,충전 배관 설치 및 유속 제한,5.2.1,E-171-2018,present_in_base_ttl_same_guide
ci_unrelated_action_filter1,E-173-2018,정전기 대전 방지용 손목스트랩의 시험방법에 관한 기술지침,exclusive,field_control,photo_actionable,1,WP-E173-02,저항값 시험 (내측·외측),저항값 시험 (내측·외측),5.3,E-173-2018,present_in_base_ttl_same_guide
ci_unrelated_action_filter1,E-173-2018,정전기 대전 방지용 손목스트랩의 시험방법에 관한 기술지침,exclusive,field_control,photo_actionable,2,WP-E173-04,이탈력 시험,이탈력 시험,5.5,E-173-2018,present_in_base_ttl_same_guide
ci_unrelated_action_filter1,E-173-2018,정전기 대전 방지용 손목스트랩의 시험방법에 관한 기술지침,exclusive,field_control,photo_actionable,3,WP-E173-06,접지 코드의 신장성 시험,접지 코드의 신장성 시험,5.7,E-173-2018,present_in_base_ttl_same_guide
ci_unrelated_action_filter1,E-173-2018,정전기 대전 방지용 손목스트랩의 시험방법에 관한 기술지침,exclusive,field_control,photo_actionable,4,WP-E173-08,수입시험 - 손목 스트랩 연속성 및 저항값 측정,수입시험 - 손목 스트랩 연속성 및 저항값 측정,5.11,E-173-2018,present_in_base_ttl_same_guide
ci_unrelated_action_filter1,E-173-2018,정전기 대전 방지용 손목스트랩의 시험방법에 관한 기술지침,exclusive,field_control,photo_actionable,5,WP-E173-09,정기시험 - 손목 스트랩 시스템 연속성 시험,정기시험 - 손목 스트랩 시스템 연속성 시험,5.12,E-173-2018,present_in_base_ttl_same_guide
ci_unrelated_action_filter1,E-173-2018,정전기 대전 방지용 손목스트랩의 시험방법에 관한 기술지침,exclusive,field_control,photo_actionable,6,WP-E173-01,전기적 연속성 시험 (평가시험),전기적 연속성 시험 (평가시험),5.2,E-173-2018,present_in_base_ttl_same_guide
ci_unrelated_action_filter1,E-173-2018,정전기 대전 방지용 손목스트랩의 시험방법에 관한 기술지침,exclusive,field_control,photo_actionable,7,WP-E173-03,치수 시험,치수 시험,5.4,E-173-2018,present_in_base_ttl_same_guide
ci_unrelated_action_filter1,E-173-2018,정전기 대전 방지용 손목스트랩의 시험방법에 관한 기술지침,exclusive,field_control,photo_actionable,8,WP-E173-05,접속의 완전성 시험,접속의 완전성 시험,5.6,E-173-2018,present_in_base_ttl_same_guide
ci_unrelated_action_filter1,E-178-2020,폭발위험장소에서의 정전기관련 물성 측정에 관한 기술지침,exclusive,measurement_analysis,photo_unmatchable,1,WP-E178-06,표면 저항 측정,표면 저항 측정,4.2.5,E-178-2020,present_in_base_ttl_same_guide
ci_unrelated_action_filter1,E-178-2020,폭발위험장소에서의 정전기관련 물성 측정에 관한 기술지침,exclusive,measurement_analysis,photo_unmatchable,2,WP-E178-07,누설 저항 측정,누설 저항 측정,4.5.5,E-178-2020,present_in_base_ttl_same_guide
ci_unrelated_action_filter1,E-178-2020,폭발위험장소에서의 정전기관련 물성 측정에 관한 기술지침,exclusive,measurement_analysis,photo_unmatchable,3,WP-E178-10,분체 저항률 측정,분체 저항률 측정,4.8.4,E-178-2020,present_in_base_ttl_same_guide
ci_unrelated_action_filter1,E-178-2020,폭발위험장소에서의 정전기관련 물성 측정에 관한 기술지침,exclusive,measurement_analysis,photo_unmatchable,4,WP-E178-11,액체 도전율 측정,액체 도전율 측정,4.9.4,E-178-2020,present_in_base_ttl_same_guide
ci_unrelated_action_filter1,E-179-2020,정전기 오염방지에 관한 기술지침,exclusive,field_control,photo_actionable,1,WP-E179-01,기류제어에 의한 청정도 확보,기류제어에 의한 청정도 확보,4.1,E-179-2020,present_in_base_ttl_same_guide
ci_unrelated_action_filter1,E-179-2020,정전기 오염방지에 관한 기술지침,exclusive,field_control,photo_actionable,2,WP-E179-03,인체에 대한 정전기 대책 실시,인체에 대한 정전기 대책 실시,4.3,E-179-2020,present_in_base_ttl_same_guide
ci_unrelated_action_filter1,E-179-2020,정전기 오염방지에 관한 기술지침,exclusive,field_control,photo_actionable,3,WP-E179-06,벽·작업대·의자·용기류 정전기 대책 실시,벽·작업대·의자·용기류 정전기 대책 실시,4.7,E-179-2020,present_in_base_ttl_same_guide
ci_unrelated_action_filter1,E-179-2020,정전기 오염방지에 관한 기술지침,exclusive,field_control,photo_actionable,4,WP-E179-07,세척공정에서 정전기 대책 실시,세척공정에서 정전기 대책 실시,4.9,E-179-2020,present_in_base_ttl_same_guide
ci_unrelated_action_filter1,E-179-2020,정전기 오염방지에 관한 기술지침,exclusive,field_control,photo_actionable,5,WP-E179-08,이오나이저에 의한 정전기 전하 중화,이오나이저에 의한 정전기 전하 중화,4.10,E-179-2020,present_in_base_ttl_same_guide
ci_unrelated_action_filter1,E-18-2012,저압 개폐장치의 정비에 관한 기술지침,exclusive,field_control,photo_actionable,1,WP-E18-03,정비작업 수행,정비작업 수행,8,E-18-2012,present_in_base_ttl_same_guide
ci_unrelated_action_filter1,E-18-2012,저압 개폐장치의 정비에 관한 기술지침,exclusive,field_control,photo_actionable,2,WP-E18-02,접근 및 정비작업 전 격리,접근 및 정비작업 전 격리,7,E-18-2012,present_in_base_ttl_same_guide
ci_unrelated_action_filter1,E-18-2012,저압 개폐장치의 정비에 관한 기술지침,exclusive,field_control,photo_actionable,3,WP-E18-06,잠금장치 및 연동장치 정비,잠금장치 및 연동장치 정비,12,E-18-2012,present_in_base_ttl_same_guide
ci_unrelated_action_filter1,E-18-2012,저압 개폐장치의 정비에 관한 기술지침,exclusive,field_control,photo_actionable,4,WP-E18-01,정비작업 전 안전 확인,정비작업 전 안전 확인,5,E-18-2012,present_in_base_ttl_same_guide
ci_unrelated_action_filter1,E-18-2012,저압 개폐장치의 정비에 관한 기술지침,exclusive,field_control,photo_actionable,5,WP-E18-04,정비작업 후 조치 및 시험,정비작업 후 조치 및 시험,9,E-18-2012,present_in_base_ttl_same_guide
ci_unrelated_action_filter1,E-18-2012,저압 개폐장치의 정비에 관한 기술지침,exclusive,field_control,photo_actionable,6,WP-E18-05,절연재 정비,절연재 정비,11,E-18-2012,present_in_base_ttl_same_guide
ci_unrelated_action_filter1,E-18-2012,저압 개폐장치의 정비에 관한 기술지침,exclusive,field_control,photo_actionable,7,WP-E18-07,정비결과 확인 및 복구,정비결과 확인 및 복구,14,E-18-2012,present_in_base_ttl_same_guide
ci_unrelated_action_filter1,E-181-2020,폭발위험장소에서 사용하는 비전기설비의 안전에 관한 기술지침,exclusive,field_control,photo_actionable,1,WP-E181-03,EPL 분류 평가,EPL 분류 평가,4.1.1,E-181-2020,present_in_base_ttl_same_guide
ci_unrelated_action_filter1,E-181-2020,폭발위험장소에서 사용하는 비전기설비의 안전에 관한 기술지침,exclusive,field_control,photo_actionable,2,WP-E181-04,점화 위험 평가 보고서 작성,점화 위험 평가 보고서 작성,4.1.2.5,E-181-2020,present_in_base_ttl_same_guide
ci_unrelated_action_filter1,E-182-2021,정전기에 의한 화재폭발 재해조사에 대한 기술지침,exclusive,field_control,photo_actionable,1,WP-E182-06,현장 보존 및 물적 데이터 수집,현장 보존 및 물적 데이터 수집,5.1.1,E-182-2021,present_in_base_ttl_same_guide
ci_unrelated_action_filter1,E-182-2021,정전기에 의한 화재폭발 재해조사에 대한 기술지침,exclusive,field_control,photo_actionable,2,WP-E182-14,FTA 실시 및 최소 컷 집합 도출,FTA 실시 및 최소 컷 집합 도출,5.2.2,E-182-2021,present_in_base_ttl_same_guide
ci_unrelated_action_filter1,E-184-2021,휴대형 전기톱 사용 시 인체 보호구에 관한 기술지침,exclusive,field_control,photo_actionable,1,WP-E184-01,상체 보호복 선정,상체 보호복 선정,4.7,E-184-2021,present_in_base_ttl_same_guide
ci_unrelated_action_filter1,E-184-2021,휴대형 전기톱 사용 시 인체 보호구에 관한 기술지침,exclusive,field_control,photo_actionable,2,WP-E184-02,상체 보호복 착용,상체 보호복 착용,4.3,E-184-2021,present_in_base_ttl_same_guide
ci_unrelated_action_filter1,E-184-2021,휴대형 전기톱 사용 시 인체 보호구에 관한 기술지침,exclusive,field_control,photo_actionable,3,WP-E184-03,안전장화 선정 및 착용,안전장화 선정 및 착용,5.1,E-184-2021,present_in_base_ttl_same_guide
ci_unrelated_action_filter1,E-184-2021,휴대형 전기톱 사용 시 인체 보호구에 관한 기술지침,exclusive,field_control,photo_actionable,4,WP-E184-04,보호구 관리 및 폐기,보호구 관리 및 폐기,4.9,E-184-2021,present_in_base_ttl_same_guide
ci_unrelated_action_filter1,E-185-2021,리튬 이온 에너지저장장치 설치 및 유지보수에 관한 기술지침,exclusive,field_control,photo_actionable,1,WP-E185-10,BMS 안전 설계 및 구성,BMS 안전 설계 및 구성,7.4,E-185-2021,present_in_base_ttl_same_guide
ci_unrelated_action_filter1,E-185-2021,리튬 이온 에너지저장장치 설치 및 유지보수에 관한 기술지침,exclusive,field_control,photo_actionable,2,WP-E185-06,건축물 내 ESS 부속실 설치,건축물 내 ESS 부속실 설치,6.4,E-185-2021,present_in_base_ttl_same_guide
ci_unrelated_action_filter1,E-185-2021,리튬 이온 에너지저장장치 설치 및 유지보수에 관한 기술지침,exclusive,field_control,photo_actionable,3,WP-E185-27,ESS 시운전,ESS 시운전,9.2,E-185-2021,present_in_base_ttl_same_guide
ci_unrelated_action_filter1,E-185-2021,리튬 이온 에너지저장장치 설치 및 유지보수에 관한 기술지침,exclusive,field_control,photo_actionable,4,WP-E185-01,ESS 제조사 및 조립사 선정,ESS 제조사 및 조립사 선정,5.1,E-185-2021,present_in_base_ttl_same_guide
ci_unrelated_action_filter1,E-185-2021,리튬 이온 에너지저장장치 설치 및 유지보수에 관한 기술지침,exclusive,field_control,photo_actionable,5,WP-E185-03,ESS 설치 형태 및 이격거리 결정,ESS 설치 형태 및 이격거리 결정,6.1,E-185-2021,present_in_base_ttl_same_guide
ci_unrelated_action_filter1,E-185-2021,리튬 이온 에너지저장장치 설치 및 유지보수에 관한 기술지침,exclusive,field_control,photo_actionable,6,WP-E185-04,ESS 단독 설비 설치,ESS 단독 설비 설치,6.2,E-185-2021,present_in_base_ttl_same_guide
ci_unrelated_action_filter1,E-185-2021,리튬 이온 에너지저장장치 설치 및 유지보수에 관한 기술지침,exclusive,field_control,photo_actionable,7,WP-E185-05,50 m² 이상 ESS 전용 건축물 설치,50 m² 이상 ESS 전용 건축물 설치,6.3,E-185-2021,present_in_base_ttl_same_guide
ci_unrelated_action_filter1,E-185-2021,리튬 이온 에너지저장장치 설치 및 유지보수에 관한 기술지침,exclusive,field_control,photo_actionable,8,WP-E185-08,ESS 설치 및 연결,ESS 설치 및 연결,7.2,E-185-2021,present_in_base_ttl_same_guide
ci_unrelated_action_filter1,E-186-2021,폭발위험장소에서 전기설비 사용자의 역량평가를 위한 기술기준,exclusive,field_control,photo_actionable,1,WP-E186-01,자격 및 경험 입증,자격 및 경험 입증,부록 3,E-186-2021,present_in_base_ttl_same_guide
ci_unrelated_action_filter1,E-186-2021,폭발위험장소에서 전기설비 사용자의 역량평가를 위한 기술기준,exclusive,field_control,photo_actionable,2,WP-E186-04,인증서(CoPC) 발행,인증서(CoPC) 발행,부록 3,E-186-2021,present_in_base_ttl_same_guide
ci_unrelated_action_filter1,E-186-2021,폭발위험장소에서 전기설비 사용자의 역량평가를 위한 기술기준,exclusive,field_control,photo_actionable,3,WP-E186-05,사후 감시 (18개월 주기),사후 감시 (18개월 주기),부록 3,E-186-2021,present_in_base_ttl_same_guide
ci_unrelated_action_filter1,E-186-2021,폭발위험장소에서 전기설비 사용자의 역량평가를 위한 기술기준,exclusive,field_control,photo_actionable,4,WP-E186-02,제출 정보 검증,제출 정보 검증,부록 3,E-186-2021,present_in_base_ttl_same_guide
ci_unrelated_action_filter1,E-186-2021,폭발위험장소에서 전기설비 사용자의 역량평가를 위한 기술기준,exclusive,field_control,photo_actionable,5,WP-E186-06,재인증 (3년 주기),재인증 (3년 주기),부록 3,E-186-2021,present_in_base_ttl_same_guide
ci_unrelated_action_filter1,E-187-2021,폭발위험장소에서의 가스감지기 사용에 관한 기술지침,exclusive,field_control,photo_actionable,1,WP-E187-01,가스감지기 교정,가스감지기 교정,4.1,E-187-2021,present_in_base_ttl_same_guide
ci_unrelated_action_filter1,E-187-2021,폭발위험장소에서의 가스감지기 사용에 관한 기술지침,exclusive,field_control,photo_actionable,2,WP-E187-04,정치형 가스감지기 정기점검 및 유지보수,정치형 가스감지기 정기점검 및 유지보수,4.5,E-187-2021,present_in_base_ttl_same_guide
ci_unrelated_action_filter1,E-187-2021,폭발위험장소에서의 가스감지기 사용에 관한 기술지침,exclusive,field_control,photo_actionable,3,WP-E187-02,보수 작업 전 가스농도 측정,보수 작업 전 가스농도 측정,4.1,E-187-2021,present_in_base_ttl_same_guide
ci_unrelated_action_filter1,E-187-2021,폭발위험장소에서의 가스감지기 사용에 관한 기술지침,exclusive,field_control,photo_actionable,4,WP-E187-03,가스감지 센서 배치 및 설치,가스감지 센서 배치 및 설치,4.3,E-187-2021,present_in_base_ttl_same_guide
ci_unrelated_action_filter1,E-188-2021,정전기 재해예방에 관한 기술지침,domain_specific,field_control,photo_actionable,1,WP-E188-02,정전기 위험 관리,정전기 위험 관리,6,E-188-2021,present_in_base_ttl_same_guide
ci_unrelated_action_filter1,E-188-2021,정전기 재해예방에 관한 기술지침,domain_specific,field_control,photo_actionable,2,WP-E188-04,탱크차량 충전,탱크차량 충전,11,E-188-2021,present_in_base_ttl_same_guide
ci_unrelated_action_filter1,E-188-2021,정전기 재해예방에 관한 기술지침,domain_specific,field_control,photo_actionable,3,WP-E188-01,정전기 위험성 평가,정전기 위험성 평가,5,E-188-2021,present_in_base_ttl_same_guide
ci_unrelated_action_filter1,E-189-2022,"절연용 (고무)보호구의 선정, 사용 및 관리 등에 관한 기술지침",exclusive,field_control,photo_actionable,1,WP-E189-05,절연용 장갑 사용 및 관리,절연용 장갑 사용 및 관리,5.4.2,E-189-2022,present_in_base_ttl_same_guide
ci_unrelated_action_filter1,E-189-2022,"절연용 (고무)보호구의 선정, 사용 및 관리 등에 관한 기술지침",exclusive,field_control,photo_actionable,2,WP-E189-07,절연용 장갑 정기검사 및 전기 재시험,절연용 장갑 정기검사 및 전기 재시험,5.4.3,E-189-2022,present_in_base_ttl_same_guide
ci_unrelated_action_filter1,E-189-2022,"절연용 (고무)보호구의 선정, 사용 및 관리 등에 관한 기술지침",exclusive,field_control,photo_actionable,3,WP-E189-10,절연용 소매 정기검사 및 전기 재시험,절연용 소매 정기검사 및 전기 재시험,6.4.3,E-189-2022,present_in_base_ttl_same_guide
ci_unrelated_action_filter1,E-189-2022,"절연용 (고무)보호구의 선정, 사용 및 관리 등에 관한 기술지침",exclusive,field_control,photo_actionable,4,WP-E189-01,절연용 보호구 등급 선정,절연용 보호구 등급 선정,4.1,E-189-2022,present_in_base_ttl_same_guide
ci_unrelated_action_filter1,E-189-2022,"절연용 (고무)보호구의 선정, 사용 및 관리 등에 관한 기술지침",exclusive,field_control,photo_actionable,5,WP-E189-04,절연용 장갑 사용 전 점검,절연용 장갑 사용 전 점검,5.4.1,E-189-2022,present_in_base_ttl_same_guide
ci_unrelated_action_filter1,E-189-2022,"절연용 (고무)보호구의 선정, 사용 및 관리 등에 관한 기술지침",exclusive,field_control,photo_actionable,6,WP-E189-06,절연용 장갑 보관,절연용 장갑 보관,5.3.1,E-189-2022,present_in_base_ttl_same_guide
ci_unrelated_action_filter1,E-189-2022,"절연용 (고무)보호구의 선정, 사용 및 관리 등에 관한 기술지침",exclusive,field_control,photo_actionable,7,WP-E189-08,절연용 소매 사용 전 점검,절연용 소매 사용 전 점검,6.4.1,E-189-2022,present_in_base_ttl_same_guide
ci_unrelated_action_filter1,E-189-2022,"절연용 (고무)보호구의 선정, 사용 및 관리 등에 관한 기술지침",exclusive,field_control,photo_actionable,8,WP-E189-09,절연용 소매 사용 및 관리,절연용 소매 사용 및 관리,6.4.2,E-189-2022,present_in_base_ttl_same_guide
ci_unrelated_action_filter1,E-19-2012,전기시험장비에 관한 기술지침,exclusive,field_control,photo_actionable,1,WP-E19-02,검전 작업(전압 유무 확인),검전 작업(전압 유무 확인),8.1,E-19-2012,present_in_base_ttl_same_guide
ci_unrelated_action_filter1,E-2-2012,고압 스팀 청소기의 전기위험에 관한 기술지침,exclusive,field_control,photo_actionable,1,WP-E2-02,장비 설치 및 배선,장비 설치 및 배선,4.2,E-2-2012,present_in_base_ttl_same_guide
ci_unrelated_action_filter1,E-2-2012,고압 스팀 청소기의 전기위험에 관한 기술지침,exclusive,field_control,photo_actionable,2,WP-E2-01,장비 선택 및 적합성 검토,장비 선택 및 적합성 검토,4.1,E-2-2012,present_in_base_ttl_same_guide
ci_unrelated_action_filter1,E-2-2012,고압 스팀 청소기의 전기위험에 관한 기술지침,exclusive,field_control,photo_actionable,3,WP-E2-05,정기 검사 및 유지보수,정기 검사 및 유지보수,5,E-2-2012,present_in_base_ttl_same_guide
ci_unrelated_action_filter1,E-20-2012,제조과정중인 제품의 전기시험에 관한 기술지침,exclusive,field_control,photo_actionable,1,WP-E20-02,시험장소 준비,시험장소 준비,6,E-20-2012,present_in_base_ttl_same_guide
ci_unrelated_action_filter1,E-20-2012,제조과정중인 제품의 전기시험에 관한 기술지침,exclusive,field_control,photo_actionable,2,WP-E20-04,전기시험 수행,전기시험 수행,6,E-20-2012,present_in_base_ttl_same_guide
ci_unrelated_action_filter1,E-20-2012,제조과정중인 제품의 전기시험에 관한 기술지침,exclusive,field_control,photo_actionable,3,WP-E20-05,고전압절연시험,고전압절연시험,6,E-20-2012,present_in_base_ttl_same_guide
ci_unrelated_action_filter1,E-22-2012,폭발위험장소에서의 보호시스템 안전성 평가방법에 관한 기술지침,exclusive,field_control,photo_actionable,1,WP-E22-05,문서화,문서화,6,E-22-2012,present_in_base_ttl_same_guide
ci_unrelated_action_filter1,E-22-2012,폭발위험장소에서의 보호시스템 안전성 평가방법에 관한 기술지침,exclusive,field_control,photo_actionable,2,WP-E22-01,보호시스템 기술,보호시스템 기술,5.1,E-22-2012,present_in_base_ttl_same_guide
ci_unrelated_action_filter1,E-22-2012,폭발위험장소에서의 보호시스템 안전성 평가방법에 관한 기술지침,exclusive,field_control,photo_actionable,3,WP-E22-02,고장 규명,고장 규명,5.2,E-22-2012,present_in_base_ttl_same_guide
ci_unrelated_action_filter1,E-22-2012,폭발위험장소에서의 보호시스템 안전성 평가방법에 관한 기술지침,exclusive,field_control,photo_actionable,4,WP-E22-04,기능 안전성평가,기능 안전성평가,5.5,E-22-2012,present_in_base_ttl_same_guide
ci_unrelated_action_filter1,E-3-2012,공연장의 전기안전에 관한 기술지침,exclusive,field_control,photo_actionable,1,WP-E3-02,조명설비 전원 배선 및 설치,조명설비 전원 배선 및 설치,5.2,E-3-2012,present_in_base_ttl_same_guide
ci_unrelated_action_filter1,E-3-2012,공연장의 전기안전에 관한 기술지침,exclusive,field_control,photo_actionable,2,WP-E3-01,고정 전기기기 설치 및 보호장치 구성,고정 전기기기 설치 및 보호장치 구성,5.1,E-3-2012,present_in_base_ttl_same_guide
ci_unrelated_action_filter1,E-3-2012,공연장의 전기안전에 관한 기술지침,exclusive,field_control,photo_actionable,3,WP-E3-04,음향설비 설치 및 접속,음향설비 설치 및 접속,5.4,E-3-2012,present_in_base_ttl_same_guide
ci_unrelated_action_filter1,E-3-2012,공연장의 전기안전에 관한 기술지침,exclusive,field_control,photo_actionable,4,WP-E3-07,옥외 케이블 배선 및 접속,옥외 케이블 배선 및 접속,6.3,E-3-2012,present_in_base_ttl_same_guide
ci_unrelated_action_filter1,E-31-2014,배선기구의 정비에 관한 기술지침,exclusive,field_control,photo_actionable,1,WP-E31-03,스냅스위치 정비,스냅스위치 정비,7,E-31-2014,present_in_base_ttl_same_guide
ci_unrelated_action_filter1,E-31-2014,배선기구의 정비에 관한 기술지침,exclusive,field_control,photo_actionable,2,WP-E31-04,덮개판 및 박스 정비,덮개판 및 박스 정비,8,E-31-2014,present_in_base_ttl_same_guide
ci_unrelated_action_filter1,E-31-2014,배선기구의 정비에 관한 기술지침,exclusive,field_control,photo_actionable,3,WP-E31-01,접속기 및 콘센트 정비,접속기 및 콘센트 정비,5,E-31-2014,present_in_base_ttl_same_guide
ci_unrelated_action_filter1,E-31-2014,배선기구의 정비에 관한 기술지침,exclusive,field_control,photo_actionable,4,WP-E31-02,폭발위험장소 배선기구 추가 점검,폭발위험장소 배선기구 추가 점검,5,E-31-2014,present_in_base_ttl_same_guide
ci_unrelated_action_filter1,E-31-2014,배선기구의 정비에 관한 기술지침,exclusive,field_control,photo_actionable,5,WP-E31-05,플러그 정비,플러그 정비,10,E-31-2014,present_in_base_ttl_same_guide
ci_unrelated_action_filter1,E-36-2012,임업에서의 전기안전에 관한 기술지침,exclusive,field_control,photo_actionable,1,WP-E36-01,작업현장 안전확보 계획 수립,작업현장 안전확보 계획 수립,5,E-36-2012,present_in_base_ttl_same_guide
ci_unrelated_action_filter1,E-36-2012,임업에서의 전기안전에 관한 기술지침,exclusive,field_control,photo_actionable,2,WP-E36-03,작업현장 격벽 및 지주 설치,작업현장 격벽 및 지주 설치,6.2,E-36-2012,present_in_base_ttl_same_guide
ci_unrelated_action_filter1,E-36-2012,임업에서의 전기안전에 관한 기술지침,exclusive,field_control,photo_actionable,3,WP-E36-05,목재 반출 작업,목재 반출 작업,7.2,E-36-2012,present_in_base_ttl_same_guide
ci_unrelated_action_filter1,E-36-2012,임업에서의 전기안전에 관한 기술지침,exclusive,field_control,photo_actionable,4,WP-E36-04,벌목작업,벌목작업,7.1,E-36-2012,present_in_base_ttl_same_guide
ci_unrelated_action_filter1,E-36-2012,임업에서의 전기안전에 관한 기술지침,exclusive,field_control,photo_actionable,5,WP-E36-06,육림작업,육림작업,7.3,E-36-2012,present_in_base_ttl_same_guide
ci_unrelated_action_filter1,E-36-2012,임업에서의 전기안전에 관한 기술지침,exclusive,field_control,photo_actionable,6,WP-E36-02,현장 접근 경로 안전확인,현장 접근 경로 안전확인,6.1,E-36-2012,present_in_base_ttl_same_guide
ci_unrelated_action_filter1,E-4-2012,아크용접장치의 선정 및 사용에 관한 기술지침,exclusive,field_control,photo_actionable,1,WP-E4-02,아크용접장치 설치 및 접지,아크용접장치 설치 및 접지,5.1,E-4-2012,present_in_base_ttl_same_guide
ci_unrelated_action_filter1,E-4-2012,아크용접장치의 선정 및 사용에 관한 기술지침,exclusive,field_control,photo_actionable,2,WP-E4-03,아크용접 작업 수행,아크용접 작업 수행,5.2,E-4-2012,present_in_base_ttl_same_guide
ci_unrelated_action_filter1,E-4-2012,아크용접장치의 선정 및 사용에 관한 기술지침,exclusive,field_control,photo_actionable,3,WP-E4-04,밀폐 도전성 공간 용접 작업,밀폐 도전성 공간 용접 작업,5.2,E-4-2012,present_in_base_ttl_same_guide
ci_unrelated_action_filter1,E-4-2012,아크용접장치의 선정 및 사용에 관한 기술지침,exclusive,field_control,photo_actionable,4,WP-E4-06,장비 검사 및 유지보수,장비 검사 및 유지보수,7,E-4-2012,present_in_base_ttl_same_guide
ci_unrelated_action_filter1,E-40-2013,차단기 시험에 관한 기술지침,exclusive,field_control,photo_actionable,1,WP-E40-04,전기적 시험 수행,전기적 시험 수행,7,E-40-2013,present_in_base_ttl_same_guide
ci_unrelated_action_filter1,E-40-2013,차단기 시험에 관한 기술지침,exclusive,field_control,photo_actionable,2,WP-E40-03,시험지역 격리 및 격벽 설치,시험지역 격리 및 격벽 설치,6.2,E-40-2013,present_in_base_ttl_same_guide
ci_unrelated_action_filter1,E-41-2012,이동형 저압 발전기의 안전점검에 관한 기술지침,exclusive,field_control,photo_actionable,1,WP-E41-02,누전차단기 추가 설치,누전차단기 추가 설치,6.1,E-41-2012,present_in_base_ttl_same_guide
ci_unrelated_action_filter1,E-41-2012,이동형 저압 발전기의 안전점검에 관한 기술지침,exclusive,field_control,photo_actionable,2,WP-E41-03,접지 시행,접지 시행,9,E-41-2012,present_in_base_ttl_same_guide
ci_unrelated_action_filter1,E-41-2012,이동형 저압 발전기의 안전점검에 관한 기술지침,exclusive,field_control,photo_actionable,3,WP-E41-04,3상 전원공급 케이블 선정,3상 전원공급 케이블 선정,7,E-41-2012,present_in_base_ttl_same_guide
ci_unrelated_action_filter1,E-44-2012,전기가마의 안전한 사용에 관한 기술지침,exclusive,field_control,photo_actionable,1,WP-E44-02,소성 작업 준비,소성 작업 준비,5,E-44-2012,present_in_base_ttl_same_guide
ci_unrelated_action_filter1,E-44-2012,전기가마의 안전한 사용에 관한 기술지침,exclusive,field_control,photo_actionable,2,WP-E44-03,소성 작업(전기가마 운전),소성 작업(전기가마 운전),5,E-44-2012,present_in_base_ttl_same_guide
ci_unrelated_action_filter1,E-44-2012,전기가마의 안전한 사용에 관한 기술지침,exclusive,field_control,photo_actionable,3,WP-E44-05,유지보수 및 점검,유지보수 및 점검,7,E-44-2012,present_in_base_ttl_same_guide
ci_unrelated_action_filter1,E-44-2012,전기가마의 안전한 사용에 관한 기술지침,exclusive,field_control,photo_actionable,4,WP-E44-04,소성 작업 완료 및 냉각,소성 작업 완료 및 냉각,6,E-44-2012,present_in_base_ttl_same_guide
ci_unrelated_action_filter1,E-46-2013,전기단선도 작성에 관한 기술지침,exclusive,field_control,photo_actionable,1,WP-E46-01,작성범위 결정,작성범위 결정,5.1,E-46-2013,present_in_base_ttl_same_guide
ci_unrelated_action_filter1,E-46-2013,전기단선도 작성에 관한 기술지침,exclusive,field_control,photo_actionable,2,WP-E46-02,전기설비별 표시사항 확인 및 정리,전기설비별 표시사항 확인 및 정리,4.2,E-46-2013,present_in_base_ttl_same_guide
ci_unrelated_action_filter1,E-46-2013,전기단선도 작성에 관한 기술지침,exclusive,field_control,photo_actionable,3,WP-E46-07,도면 관리,도면 관리,7.1,E-46-2013,present_in_base_ttl_same_guide
ci_unrelated_action_filter1,E-55-2022,"절연용 방호구의 선정, 사용 및 관리 등에 관한 기술지침",exclusive,field_control,photo_actionable,1,WP-E55-02,방호구 설치,방호구 설치,4,E-55-2022,present_in_base_ttl_same_guide
ci_unrelated_action_filter1,E-57-2020,배선차단기 일반관리에 관한 기술지침,exclusive,field_control,photo_actionable,1,WP-E57-01,차단기 선정 및 설치,차단기 선정 및 설치,4,E-57-2020,present_in_base_ttl_same_guide
ci_unrelated_action_filter1,E-57-2020,배선차단기 일반관리에 관한 기술지침,exclusive,field_control,photo_actionable,2,WP-E57-03,전기적 시험,전기적 시험,6.3,E-57-2020,present_in_base_ttl_same_guide
ci_unrelated_action_filter1,E-58-2013,전기작업용 보호장구에 관한 기술지침,exclusive,field_control,photo_actionable,1,WP-E58-03,보호장구 착용 및 전기 작업 수행,보호장구 착용 및 전기 작업 수행,5.4,E-58-2013,present_in_base_ttl_same_guide
ci_unrelated_action_filter1,E-6-2012,전기개폐장치의 관리에 관한 기술지침,exclusive,field_control,photo_actionable,1,WP-E6-02,개폐장치 검사,개폐장치 검사,6.1,E-6-2012,present_in_base_ttl_same_guide
ci_unrelated_action_filter1,E-6-2012,전기개폐장치의 관리에 관한 기술지침,exclusive,field_control,photo_actionable,2,WP-E6-03,개폐장치 정비,개폐장치 정비,6.2,E-6-2012,present_in_base_ttl_same_guide
ci_unrelated_action_filter1,E-6-2012,전기개폐장치의 관리에 관한 기술지침,exclusive,field_control,photo_actionable,3,WP-E6-04,개폐장치 교체,개폐장치 교체,7,E-6-2012,present_in_base_ttl_same_guide
ci_unrelated_action_filter1,E-6-2012,전기개폐장치의 관리에 관한 기술지침,exclusive,field_control,photo_actionable,4,WP-E6-05,화재예방 및 소화설비 관리,화재예방 및 소화설비 관리,8,E-6-2012,present_in_base_ttl_same_guide
ci_unrelated_action_filter1,E-65-2012,가공전선 주변에서의 안전한 농사활동을 위한 기술지침,exclusive,field_control,photo_actionable,1,WP-E65-02,방책과 골대 설치,방책과 골대 설치,7,E-65-2012,present_in_base_ttl_same_guide
ci_unrelated_action_filter1,E-65-2012,가공전선 주변에서의 안전한 농사활동을 위한 기술지침,exclusive,field_control,photo_actionable,2,WP-E65-05,임시 적치물 관리,임시 적치물 관리,8,E-65-2012,present_in_base_ttl_same_guide
ci_unrelated_action_filter1,E-65-2012,가공전선 주변에서의 안전한 농사활동을 위한 기술지침,exclusive,field_control,photo_actionable,3,WP-E65-03,농기계 안전 운용,농기계 안전 운용,8,E-65-2012,present_in_base_ttl_same_guide
ci_unrelated_action_filter1,E-65-2012,가공전선 주변에서의 안전한 농사활동을 위한 기술지침,exclusive,field_control,photo_actionable,4,WP-E65-01,위험성평가 및 작업 계획,위험성평가 및 작업 계획,6,E-65-2012,present_in_base_ttl_same_guide
ci_unrelated_action_filter1,E-65-2012,가공전선 주변에서의 안전한 농사활동을 위한 기술지침,exclusive,field_control,photo_actionable,5,WP-E65-04,관개차 붐 작업,관개차 붐 작업,8,E-65-2012,present_in_base_ttl_same_guide
ci_unrelated_action_filter1,E-65-2012,가공전선 주변에서의 안전한 농사활동을 위한 기술지침,exclusive,field_control,photo_actionable,6,WP-E65-06,느슨한 케이블 점검 및 비상 대응,느슨한 케이블 점검 및 비상 대응,8,E-65-2012,present_in_base_ttl_same_guide
ci_unrelated_action_filter1,E-66-2012,채석장에서의 전기안전에 관한 기술지침,exclusive,field_control,photo_actionable,1,WP-E66-01,전기설비 설치,전기설비 설치,4,E-66-2012,present_in_base_ttl_same_guide
ci_unrelated_action_filter1,E-66-2012,채석장에서의 전기안전에 관한 기술지침,exclusive,field_control,photo_actionable,2,WP-E66-02,전력선 및 케이블 관리,전력선 및 케이블 관리,6,E-66-2012,present_in_base_ttl_same_guide
ci_unrelated_action_filter1,E-66-2012,채석장에서의 전기안전에 관한 기술지침,exclusive,field_control,photo_actionable,3,WP-E66-03,전기설비 유지관리,전기설비 유지관리,7,E-66-2012,present_in_base_ttl_same_guide
ci_unrelated_action_filter1,E-66-2012,채석장에서의 전기안전에 관한 기술지침,exclusive,field_control,photo_actionable,4,WP-E66-05,활선작업 및 활선근접작업,활선작업 및 활선근접작업,8,E-66-2012,present_in_base_ttl_same_guide
ci_unrelated_action_filter1,E-66-2012,채석장에서의 전기안전에 관한 기술지침,exclusive,field_control,photo_actionable,5,WP-E66-06,고전압 장비 작업,고전압 장비 작업,8,E-66-2012,present_in_base_ttl_same_guide
ci_unrelated_action_filter1,E-74-2011,가연성 물질을 사용하는 분무장비에 관한 기술지침,exclusive,field_control,photo_actionable,1,WP-E74-01,스프레이건 점화시험,스프레이건 점화시험,6.1,E-74-2011,present_in_base_ttl_same_guide
ci_unrelated_action_filter1,E-74-2011,가연성 물질을 사용하는 분무장비에 관한 기술지침,exclusive,field_control,photo_actionable,2,WP-E74-02,전압시험,전압시험,6.2,E-74-2011,present_in_base_ttl_same_guide
ci_unrelated_action_filter1,E-74-2011,가연성 물질을 사용하는 분무장비에 관한 기술지침,exclusive,field_control,photo_actionable,3,WP-E74-03,충격시험,충격시험,6.3,E-74-2011,present_in_base_ttl_same_guide
ci_unrelated_action_filter1,E-76-2013,아크용접장치의 설치 및 사용에 관한 기술지침,exclusive,field_control,photo_actionable,1,WP-E76-03,용접 작업 수행,용접 작업 수행,6(6),E-76-2013,present_in_base_ttl_same_guide
ci_unrelated_action_filter1,E-76-2013,아크용접장치의 설치 및 사용에 관한 기술지침,exclusive,field_control,photo_actionable,2,WP-E76-01,용접장치 설치 및 전기회로 연결,용접장치 설치 및 전기회로 연결,4,E-76-2013,present_in_base_ttl_same_guide
ci_unrelated_action_filter1,E-76-2013,아크용접장치의 설치 및 사용에 관한 기술지침,exclusive,field_control,photo_actionable,3,WP-E76-04,작업 중단 및 전원 분리,작업 중단 및 전원 분리,6(3),E-76-2013,present_in_base_ttl_same_guide
ci_unrelated_action_filter1,E-76-2013,아크용접장치의 설치 및 사용에 관한 기술지침,exclusive,field_control,photo_actionable,4,WP-E76-05,감전위험 환경 용접 작업,감전위험 환경 용접 작업,7,E-76-2013,present_in_base_ttl_same_guide
ci_unrelated_action_filter1,E-76-2013,아크용접장치의 설치 및 사용에 관한 기술지침,exclusive,field_control,photo_actionable,5,WP-E76-06,교류 아크용접 방호조치,교류 아크용접 방호조치,8,E-76-2013,present_in_base_ttl_same_guide
ci_unrelated_action_filter1,E-77-2015,휴대 전기기기 정비에 관한 기술지침,exclusive,field_control,photo_actionable,1,WP-E77-01,사용자 점검,사용자 점검,7.2,E-77-2015,present_in_base_ttl_same_guide
ci_unrelated_action_filter1,E-77-2015,휴대 전기기기 정비에 관한 기술지침,exclusive,field_control,photo_actionable,2,WP-E77-02,전문가 육안점검,전문가 육안점검,7.3,E-77-2015,present_in_base_ttl_same_guide
ci_unrelated_action_filter1,E-77-2015,휴대 전기기기 정비에 관한 기술지침,exclusive,field_control,photo_actionable,3,WP-E77-04,수리 및 교체,수리 및 교체,10,E-77-2015,present_in_base_ttl_same_guide
ci_unrelated_action_filter1,E-77-2015,휴대 전기기기 정비에 관한 기술지침,exclusive,field_control,photo_actionable,4,WP-E77-05,정비 및 시험 기록유지,정비 및 시험 기록유지,8,E-77-2015,present_in_base_ttl_same_guide
ci_unrelated_action_filter1,E-79-2011,전선로 및 통신선로의 안전작업에 관한 기술지침,exclusive,field_control,photo_actionable,1,WP-E79-01,"충전된 전력선에 접근한 전신주 설치, 이동 또는 철거","충전된 전력선에 접근한 전신주 설치, 이동 또는 철거",5.3,E-79-2011,present_in_base_ttl_same_guide
ci_unrelated_action_filter1,E-79-2011,전선로 및 통신선로의 안전작업에 관한 기술지침,exclusive,field_control,photo_actionable,2,WP-E79-02,승주전 구조물 점검,승주전 구조물 점검,5.3,E-79-2011,present_in_base_ttl_same_guide
ci_unrelated_action_filter1,E-79-2011,전선로 및 통신선로의 안전작업에 관한 기술지침,exclusive,field_control,photo_actionable,3,WP-E79-04,맨홀 및 환기장치가 없는 장소의 가스시험,맨홀 및 환기장치가 없는 장소의 가스시험,5.4,E-79-2011,present_in_base_ttl_same_guide
ci_unrelated_action_filter1,E-79-2011,전선로 및 통신선로의 안전작업에 관한 기술지침,exclusive,field_control,photo_actionable,4,WP-E79-05,굴착 작업,굴착 작업,5.4,E-79-2011,present_in_base_ttl_same_guide
ci_unrelated_action_filter1,E-80-2011,조선 및 선박수리산업에서의 임시 전기설비에 관한 기술지침,exclusive,field_control,photo_actionable,1,WP-E80-02,환형간선회로 및 선창 배선 설치,환형간선회로 및 선창 배선 설치,4,E-80-2011,present_in_base_ttl_same_guide
ci_unrelated_action_filter1,E-80-2011,조선 및 선박수리산업에서의 임시 전기설비에 관한 기술지침,exclusive,field_control,photo_actionable,2,WP-E80-07,휴대용 및 이동형 전기설비 설치 및 사용,휴대용 및 이동형 전기설비 설치 및 사용,6.1,E-80-2011,present_in_base_ttl_same_guide
ci_unrelated_action_filter1,E-85-2017,전기설비 설치상의 안전에 관한 기술지침,domain_specific,field_control,photo_actionable,1,WP-E85-04,배선 설계 및 접지 시공,배선 설계 및 접지 시공,6,E-85-2017,present_in_base_ttl_same_guide
ci_unrelated_action_filter1,E-85-2017,전기설비 설치상의 안전에 관한 기술지침,domain_specific,field_control,photo_actionable,2,WP-E85-29,임시배선 설치,임시배선 설치,9.2,E-85-2017,present_in_base_ttl_same_guide
ci_unrelated_action_filter1,E-85-2017,전기설비 설치상의 안전에 관한 기술지침,domain_specific,field_control,photo_actionable,3,WP-E85-01,전기기기 검사,전기기기 검사,5.1.1,E-85-2017,present_in_base_ttl_same_guide
ci_unrelated_action_filter1,E-85-2017,전기설비 설치상의 안전에 관한 기술지침,domain_specific,field_control,photo_actionable,4,WP-E85-06,과전류 보호장치 설치,과전류 보호장치 설치,7.3,E-85-2017,present_in_base_ttl_same_guide
ci_unrelated_action_filter1,E-85-2017,전기설비 설치상의 안전에 관한 기술지침,domain_specific,field_control,photo_actionable,5,WP-E85-27,접지시스템 설치,접지시스템 설치,8,E-85-2017,present_in_base_ttl_same_guide
ci_unrelated_action_filter1,E-85-2017,전기설비 설치상의 안전에 관한 기술지침,domain_specific,field_control,photo_actionable,6,WP-E85-28,고압 이동형 전기기기 접지,고압 이동형 전기기기 접지,8.9,E-85-2017,present_in_base_ttl_same_guide
ci_unrelated_action_filter1,E-85-2017,전기설비 설치상의 안전에 관한 기술지침,domain_specific,field_control,photo_actionable,7,WP-E85-02,전기기기 설치 및 냉각,전기기기 설치 및 냉각,5.1.7,E-85-2017,present_in_base_ttl_same_guide
ci_unrelated_action_filter1,E-85-2017,전기설비 설치상의 안전에 관한 기술지침,domain_specific,field_control,photo_actionable,8,WP-E85-05,단로장치 및 표시 설치,단로장치 및 표시 설치,7.1.1,E-85-2017,present_in_base_ttl_same_guide
ci_unrelated_action_filter1,E-94-2011,산업용 기계설비의 전기장치 설치에 관한 기술 기준,exclusive,field_control,photo_actionable,1,WP-E94-18,전원차단장치 설치,전원차단장치 설치,5.3,E-94-2011,present_in_base_ttl_same_guide
ci_unrelated_action_filter1,E-94-2011,산업용 기계설비의 전기장치 설치에 관한 기술 기준,exclusive,field_control,photo_actionable,2,WP-E94-20,전기장치 분리용 기구 설치,전기장치 분리용 기구 설치,5.5,E-94-2011,present_in_base_ttl_same_guide
ci_unrelated_action_filter1,E-97-2022,석유화학공장의 전기설비 설치에 관한 기술지침,exclusive,field_control,photo_actionable,1,WP-E97-06,폭발위험장소 구분 및 방폭기기 선정,폭발위험장소 구분 및 방폭기기 선정,5,E-97-2022,present_in_base_ttl_same_guide
ci_unrelated_action_filter1,E-97-2022,석유화학공장의 전기설비 설치에 관한 기술지침,exclusive,field_control,photo_actionable,2,WP-E97-04,변압기 선정 및 설치,변압기 선정 및 설치,4.3,E-97-2022,present_in_base_ttl_same_guide
ci_unrelated_action_filter1,E-97-2022,석유화학공장의 전기설비 설치에 관한 기술지침,exclusive,field_control,photo_actionable,3,WP-E97-05,가공선로 설치,가공선로 설치,4.4,E-97-2022,present_in_base_ttl_same_guide
ci_unrelated_action_filter1,E-G-1-2025,근골격계질환 예방을 위한 기술지원규정,domain_specific,field_control,photo_actionable,1,WP-EG1-18,무증상기 의학적 조치,무증상기 의학적 조치,8.6,E-G-1-2025,present_in_base_ttl_same_guide
ci_unrelated_action_filter1,E-G-1-2025,근골격계질환 예방을 위한 기술지원규정,domain_specific,field_control,photo_actionable,2,WP-EG1-29,의학적 관리,의학적 관리,9.7,E-G-1-2025,present_in_base_ttl_same_guide
ci_unrelated_action_filter1,E-G-1-2025,근골격계질환 예방을 위한 기술지원규정,domain_specific,field_control,photo_actionable,3,WP-EG1-31,문서의 기록·보존,문서의 기록·보존,10,E-G-1-2025,present_in_base_ttl_same_guide
ci_unrelated_action_filter1,E-G-1-2025,근골격계질환 예방을 위한 기술지원규정,domain_specific,field_control,photo_actionable,4,WP-EG1-35,유해요인조사 개요 작성 및 조사구분 결정,유해요인조사 개요 작성 및 조사구분 결정,별지 제1호 서식,E-G-1-2025,present_in_base_ttl_same_guide
ci_unrelated_action_filter1,E-G-1-2025,근골격계질환 예방을 위한 기술지원규정,domain_specific,field_control,photo_actionable,5,WP-EG1-49,2형 업무복귀 프로그램 (4주 과정),2형 업무복귀 프로그램 (4주 과정),부록 11,E-G-1-2025,present_in_base_ttl_same_guide
ci_unrelated_action_filter1,E-G-1-2025,근골격계질환 예방을 위한 기술지원규정,domain_specific,field_control,photo_actionable,6,WP-EG1-01,근골격계부담작업 여부 판단,근골격계부담작업 여부 판단,5,E-G-1-2025,present_in_base_ttl_same_guide
ci_unrelated_action_filter1,E-G-1-2025,근골격계질환 예방을 위한 기술지원규정,domain_specific,field_control,photo_actionable,7,WP-EG1-02,유해요인조사 계획 수립,유해요인조사 계획 수립,6.5,E-G-1-2025,present_in_base_ttl_same_guide
ci_unrelated_action_filter1,E-G-1-2025,근골격계질환 예방을 위한 기술지원규정,domain_specific,field_control,photo_actionable,8,WP-EG1-03,유해요인조사 실시,유해요인조사 실시,6.3,E-G-1-2025,present_in_base_ttl_same_guide
ci_unrelated_action_filter1,E-G-10-2026,잠수용 생명줄에 관한 기술지원규정,exclusive,field_control,photo_actionable,1,WP-EG10-02,수압시험,수압시험,6,E-G-10-2026,present_in_base_ttl_same_guide
ci_unrelated_action_filter1,E-G-10-2026,잠수용 생명줄에 관한 기술지원규정,exclusive,field_control,photo_actionable,2,WP-EG10-01,맨눈검사,맨눈검사,6,E-G-10-2026,present_in_base_ttl_same_guide
ci_unrelated_action_filter1,E-G-10-2026,잠수용 생명줄에 관한 기술지원규정,exclusive,field_control,photo_actionable,3,WP-EG10-04,산소 세척,산소 세척,6,E-G-10-2026,present_in_base_ttl_same_guide
ci_unrelated_action_filter1,E-G-11-2026,공기잠수 감압에 관한 기술지원규정,exclusive,field_control,photo_actionable,1,WP-EG11-11,공기잠수 잠수기록 작성,공기잠수 잠수기록 작성,5.1.1,E-G-11-2026,present_in_base_ttl_same_guide
ci_unrelated_action_filter1,E-G-11-2026,공기잠수 감압에 관한 기술지원규정,exclusive,field_control,photo_actionable,2,WP-EG11-06,압축공기 적정성 검토,압축공기 적정성 검토,4.1,E-G-11-2026,present_in_base_ttl_same_guide
ci_unrelated_action_filter1,E-G-11-2026,공기잠수 감압에 관한 기술지원규정,exclusive,field_control,photo_actionable,3,WP-EG11-16,나이트록스 잠수 감압,나이트록스 잠수 감압,5.2,E-G-11-2026,present_in_base_ttl_same_guide
ci_unrelated_action_filter1,E-G-11-2026,공기잠수 감압에 관한 기술지원규정,exclusive,field_control,photo_actionable,4,WP-EG11-50,잠수기록 작성,잠수기록 작성,부록 6,E-G-11-2026,present_in_base_ttl_same_guide
ci_unrelated_action_filter1,E-G-11-2026,공기잠수 감압에 관한 기술지원규정,exclusive,field_control,photo_actionable,5,WP-EG11-08,감압방법 선택,감압방법 선택,4.3,E-G-11-2026,present_in_base_ttl_same_guide
ci_unrelated_action_filter1,E-G-11-2026,공기잠수 감압에 관한 기술지원규정,exclusive,field_control,photo_actionable,6,WP-EG11-12,수중 공기 감압,수중 공기 감압,5.1.2,E-G-11-2026,present_in_base_ttl_same_guide
ci_unrelated_action_filter1,E-G-11-2026,공기잠수 감압에 관한 기술지원규정,exclusive,field_control,photo_actionable,7,WP-EG11-13,수중 공기·산소 감압,수중 공기·산소 감압,5.1.3,E-G-11-2026,present_in_base_ttl_same_guide
ci_unrelated_action_filter1,E-G-11-2026,공기잠수 감압에 관한 기술지원규정,exclusive,field_control,photo_actionable,8,WP-EG11-14,기압조절실 표면감압,기압조절실 표면감압,5.1.4,E-G-11-2026,present_in_base_ttl_same_guide
ci_unrelated_action_filter1,E-G-12-2026,잠수용 기압조절실을 이용한 치료표 운용에 관한 기술지원규정,exclusive,field_control,photo_actionable,1,WP-EG12-07,중증 감압병 또는 동맥공기색전증 대응,중증 감압병 또는 동맥공기색전증 대응,부록 1,E-G-12-2026,present_in_base_ttl_same_guide
ci_unrelated_action_filter1,E-G-12-2026,잠수용 기압조절실을 이용한 치료표 운용에 관한 기술지원규정,exclusive,field_control,photo_actionable,2,WP-EG12-08,경증 감압병 대응,경증 감압병 대응,부록 2,E-G-12-2026,present_in_base_ttl_same_guide
ci_unrelated_action_filter1,E-G-12-2026,잠수용 기압조절실을 이용한 치료표 운용에 관한 기술지원규정,exclusive,field_control,photo_actionable,3,WP-EG12-09,재압 중 감압병 재발 대응,재압 중 감압병 재발 대응,부록 3,E-G-12-2026,present_in_base_ttl_same_guide
ci_unrelated_action_filter1,E-G-12-2026,잠수용 기압조절실을 이용한 치료표 운용에 관한 기술지원규정,exclusive,field_control,photo_actionable,4,WP-EG12-01,기압조절실 운용 인력 배치,기압조절실 운용 인력 배치,4.1,E-G-12-2026,present_in_base_ttl_same_guide
ci_unrelated_action_filter1,E-G-12-2026,잠수용 기압조절실을 이용한 치료표 운용에 관한 기술지원규정,exclusive,field_control,photo_actionable,5,WP-EG12-02,기압조절실 점검,기압조절실 점검,4.3,E-G-12-2026,present_in_base_ttl_same_guide
ci_unrelated_action_filter1,E-G-12-2026,잠수용 기압조절실을 이용한 치료표 운용에 관한 기술지원규정,exclusive,field_control,photo_actionable,6,WP-EG12-03,BIBS 마스크 장착 및 운용,BIBS 마스크 장착 및 운용,4.4,E-G-12-2026,present_in_base_ttl_same_guide
ci_unrelated_action_filter1,E-G-12-2026,잠수용 기압조절실을 이용한 치료표 운용에 관한 기술지원규정,exclusive,field_control,photo_actionable,7,WP-EG12-04,기압조절실 환기,기압조절실 환기,4.5,E-G-12-2026,present_in_base_ttl_same_guide
ci_unrelated_action_filter1,E-G-12-2026,잠수용 기압조절실을 이용한 치료표 운용에 관한 기술지원규정,exclusive,field_control,photo_actionable,8,WP-EG12-05,기압조절실 가압 후 출입,기압조절실 가압 후 출입,4.6,E-G-12-2026,present_in_base_ttl_same_guide
ci_unrelated_action_filter1,E-G-14-2026,잠수기어업 표면공급식 잠수작업에 관한 기술지원규정,exclusive,field_control,photo_actionable,1,WP-EG14-06,잠수 전 준비 및 인원 확인,잠수 전 준비 및 인원 확인,4.1,E-G-14-2026,present_in_base_ttl_same_guide
ci_unrelated_action_filter1,E-G-14-2026,잠수기어업 표면공급식 잠수작업에 관한 기술지원규정,exclusive,field_control,photo_actionable,2,WP-EG14-09,공기호스 및 생명줄 점검,공기호스 및 생명줄 점검,4.2.2,E-G-14-2026,present_in_base_ttl_same_guide
ci_unrelated_action_filter1,E-G-14-2026,잠수기어업 표면공급식 잠수작업에 관한 기술지원규정,exclusive,field_control,photo_actionable,3,WP-EG14-10,잠수장비 착용,잠수장비 착용,4.2.2,E-G-14-2026,present_in_base_ttl_same_guide
ci_unrelated_action_filter1,E-G-14-2026,잠수기어업 표면공급식 잠수작업에 관한 기술지원규정,exclusive,field_control,photo_actionable,4,WP-EG14-11,잠수작업 실시 및 감시,잠수작업 실시 및 감시,4.1,E-G-14-2026,present_in_base_ttl_same_guide
ci_unrelated_action_filter1,E-G-14-2026,잠수기어업 표면공급식 잠수작업에 관한 기술지원규정,exclusive,field_control,photo_actionable,5,WP-EG14-12,상승 및 감압,상승 및 감압,4.1,E-G-14-2026,present_in_base_ttl_same_guide
ci_unrelated_action_filter1,E-G-14-2026,잠수기어업 표면공급식 잠수작업에 관한 기술지원규정,exclusive,field_control,photo_actionable,6,WP-EG14-13,비상대응,비상대응,4.2.2,E-G-14-2026,present_in_base_ttl_same_guide
ci_unrelated_action_filter1,E-G-14-2026,잠수기어업 표면공급식 잠수작업에 관한 기술지원규정,exclusive,field_control,photo_actionable,7,WP-EG14-27,감압 미실시 시 재잠수 감압,감압 미실시 시 재잠수 감압,5,E-G-14-2026,present_in_base_ttl_same_guide
ci_unrelated_action_filter1,E-G-14-2026,잠수기어업 표면공급식 잠수작업에 관한 기술지원규정,exclusive,field_control,photo_actionable,8,WP-EG14-28,감압병 증상 발생 시 100% 산소 호흡 및 기압조절실 이송,감압병 증상 발생 시 100% 산소 호흡 및 기압조절실 이송,5,E-G-14-2026,present_in_base_ttl_same_guide
ci_unrelated_action_filter1,E-G-15-2026,잠수작업 보건관리에 관한 기술지원규정,exclusive,health_screening,photo_unmatchable,1,WP-EG15-11,대기잠수사 비상 구조,대기잠수사 비상 구조,4,E-G-15-2026,present_in_base_ttl_same_guide
ci_unrelated_action_filter1,E-G-15-2026,잠수작업 보건관리에 관한 기술지원규정,exclusive,health_screening,photo_unmatchable,2,WP-EG15-13,배치전건강진단 실시,배치전건강진단 실시,5.1,E-G-15-2026,present_in_base_ttl_same_guide
ci_unrelated_action_filter1,E-G-15-2026,잠수작업 보건관리에 관한 기술지원규정,exclusive,health_screening,photo_unmatchable,3,WP-EG15-14,특수건강진단 실시,특수건강진단 실시,5.1,E-G-15-2026,present_in_base_ttl_same_guide
ci_unrelated_action_filter1,E-G-15-2026,잠수작업 보건관리에 관한 기술지원규정,exclusive,health_screening,photo_unmatchable,4,WP-EG15-06,잠수장비 하역 및 설치,잠수장비 하역 및 설치,4,E-G-15-2026,present_in_base_ttl_same_guide
ci_unrelated_action_filter1,E-G-15-2026,잠수작업 보건관리에 관한 기술지원규정,exclusive,health_screening,photo_unmatchable,5,WP-EG15-08,잠수사 장비착용 및 입수,잠수사 장비착용 및 입수,4,E-G-15-2026,present_in_base_ttl_same_guide
ci_unrelated_action_filter1,E-G-15-2026,잠수작업 보건관리에 관한 기술지원규정,exclusive,health_screening,photo_unmatchable,6,WP-EG15-09,잠수 중 생명줄 관리 및 감독,잠수 중 생명줄 관리 및 감독,4,E-G-15-2026,present_in_base_ttl_same_guide
ci_unrelated_action_filter1,E-G-15-2026,잠수작업 보건관리에 관한 기술지원규정,exclusive,health_screening,photo_unmatchable,7,WP-EG15-24,표면공급식 잠수 준비,표면공급식 잠수 준비,6.2,E-G-15-2026,present_in_base_ttl_same_guide
ci_unrelated_action_filter1,E-G-15-2026,잠수작업 보건관리에 관한 기술지원규정,exclusive,health_screening,photo_unmatchable,8,WP-EG15-28,표면공급식 혼합기체 잠수 실시,표면공급식 혼합기체 잠수 실시,6.4,E-G-15-2026,present_in_base_ttl_same_guide
ci_unrelated_action_filter1,E-G-16-2026,잠수작업 안전관리에 관한 기술지원규정,exclusive,field_control,photo_actionable,1,WP-EG16-31,잠수작업 작업허가서 발행,잠수작업 작업허가서 발행,부록2,E-G-16-2026,present_in_base_ttl_same_guide
ci_unrelated_action_filter1,E-G-16-2026,잠수작업 안전관리에 관한 기술지원규정,exclusive,field_control,photo_actionable,2,WP-EG16-32,잠수작업 전 안전회의(TBM) 실시,잠수작업 전 안전회의(TBM) 실시,부록3,E-G-16-2026,present_in_base_ttl_same_guide
ci_unrelated_action_filter1,E-G-16-2026,잠수작업 안전관리에 관한 기술지원규정,exclusive,field_control,photo_actionable,3,WP-EG16-35,잠수 전 환경조건 확인,잠수 전 환경조건 확인,부록4,E-G-16-2026,present_in_base_ttl_same_guide
ci_unrelated_action_filter1,E-G-16-2026,잠수작업 안전관리에 관한 기술지원규정,exclusive,field_control,photo_actionable,4,WP-EG16-42,선박 잠수작업 사전 점검,선박 잠수작업 사전 점검,부록7,E-G-16-2026,present_in_base_ttl_same_guide
ci_unrelated_action_filter1,E-G-16-2026,잠수작업 안전관리에 관한 기술지원규정,exclusive,field_control,photo_actionable,5,WP-EG16-49,잠수감독 사전점검,잠수감독 사전점검,부록11,E-G-16-2026,present_in_base_ttl_same_guide
ci_unrelated_action_filter1,E-G-17-2026,생식독성물질 취급 사업장의 보건관리에 관한 기술지원규정,domain_specific,management_program,photo_conditional_followup,1,WP-EG17-20,생식독성물질 취급 작업장 출입관리,생식독성물질 취급 작업장 출입관리,7.1,E-G-17-2026,present_in_base_ttl_same_guide
ci_unrelated_action_filter1,E-G-17-2026,생식독성물질 취급 사업장의 보건관리에 관한 기술지원규정,domain_specific,management_program,photo_conditional_followup,2,WP-EG17-26,안전보건교육,안전보건교육,10,E-G-17-2026,present_in_base_ttl_same_guide
ci_unrelated_action_filter1,E-G-17-2026,생식독성물질 취급 사업장의 보건관리에 관한 기술지원규정,domain_specific,management_program,photo_conditional_followup,3,WP-EG17-17,개인보호구 사용,개인보호구 사용,5.3,E-G-17-2026,present_in_base_ttl_same_guide
ci_unrelated_action_filter1,E-G-17-2026,생식독성물질 취급 사업장의 보건관리에 관한 기술지원규정,domain_specific,management_program,photo_conditional_followup,4,WP-EG17-18,생식독성물질 대체 과정,생식독성물질 대체 과정,5.4,E-G-17-2026,present_in_base_ttl_same_guide
ci_unrelated_action_filter1,E-G-17-2026,생식독성물질 취급 사업장의 보건관리에 관한 기술지원규정,domain_specific,management_program,photo_conditional_followup,5,WP-EG17-14,제거 및 대체,제거 및 대체,5.3,E-G-17-2026,present_in_base_ttl_same_guide
ci_unrelated_action_filter1,E-G-17-2026,생식독성물질 취급 사업장의 보건관리에 관한 기술지원규정,domain_specific,management_program,photo_conditional_followup,6,WP-EG17-15,공학적 대책,공학적 대책,5.3,E-G-17-2026,present_in_base_ttl_same_guide
ci_unrelated_action_filter1,E-G-17-2026,생식독성물질 취급 사업장의 보건관리에 관한 기술지원규정,domain_specific,management_program,photo_conditional_followup,7,WP-EG17-19,설비 밀폐 및 국소배기장치 설치,설비 밀폐 및 국소배기장치 설치,6.2,E-G-17-2026,present_in_base_ttl_same_guide
ci_unrelated_action_filter1,E-G-17-2026,생식독성물질 취급 사업장의 보건관리에 관한 기술지원규정,domain_specific,management_program,photo_conditional_followup,8,WP-EG17-23,개인보호구 착용 및 관리,개인보호구 착용 및 관리,7.4,E-G-17-2026,present_in_base_ttl_same_guide
ci_unrelated_action_filter1,E-G-18-2026,밀폐공간 작업 프로그램 수립 및 시행에 관한 기술지원규정,exclusive,field_control,photo_actionable,1,WP-EG18-03,밀폐공간 작업허가 발급,밀폐공간 작업허가 발급,6,E-G-18-2026,present_in_base_ttl_same_guide
ci_unrelated_action_filter1,E-G-18-2026,밀폐공간 작업 프로그램 수립 및 시행에 관한 기술지원규정,exclusive,field_control,photo_actionable,2,WP-EG18-02,밀폐공간 작업 프로그램 수립,밀폐공간 작업 프로그램 수립,5,E-G-18-2026,present_in_base_ttl_same_guide
ci_unrelated_action_filter1,E-G-18-2026,밀폐공간 작업 프로그램 수립 및 시행에 관한 기술지원규정,exclusive,field_control,photo_actionable,3,WP-EG18-07,작업 중 감시 및 모니터링,작업 중 감시 및 모니터링,7,E-G-18-2026,present_in_base_ttl_same_guide
ci_unrelated_action_filter1,E-G-18-2026,밀폐공간 작업 프로그램 수립 및 시행에 관한 기술지원규정,exclusive,field_control,photo_actionable,4,WP-EG18-08,비상 시 구조 및 대피,비상 시 구조 및 대피,7,E-G-18-2026,present_in_base_ttl_same_guide
ci_unrelated_action_filter1,E-G-18-2026,밀폐공간 작업 프로그램 수립 및 시행에 관한 기술지원규정,exclusive,field_control,photo_actionable,5,WP-EG18-05,밀폐공간 작업 전 안전조치,밀폐공간 작업 전 안전조치,7,E-G-18-2026,present_in_base_ttl_same_guide
ci_unrelated_action_filter1,E-G-18-2026,밀폐공간 작업 프로그램 수립 및 시행에 관한 기술지원규정,exclusive,field_control,photo_actionable,6,WP-EG18-06,밀폐공간 작업 수행,밀폐공간 작업 수행,7,E-G-18-2026,present_in_base_ttl_same_guide
ci_unrelated_action_filter1,E-G-18-2026,밀폐공간 작업 프로그램 수립 및 시행에 관한 기술지원규정,exclusive,field_control,photo_actionable,7,WP-EG18-32,산소 및 유해가스 농도 측정,산소 및 유해가스 농도 측정,9.1,E-G-18-2026,present_in_base_ttl_same_guide
ci_unrelated_action_filter1,E-G-18-2026,밀폐공간 작업 프로그램 수립 및 시행에 관한 기술지원규정,exclusive,field_control,photo_actionable,8,WP-EG18-01,밀폐공간 사전 파악 및 목록화,밀폐공간 사전 파악 및 목록화,4,E-G-18-2026,present_in_base_ttl_same_guide
ci_unrelated_action_filter1,E-G-19-2026,호흡보호구의 선정·사용 및 관리에 관한 기술지원규정,exclusive,field_control,photo_actionable,1,WP-EG19-09,호흡보호구 선정 및 할당보호계수 확인,호흡보호구 선정 및 할당보호계수 확인,6.3,E-G-19-2026,present_in_base_ttl_same_guide
ci_unrelated_action_filter1,E-G-19-2026,호흡보호구의 선정·사용 및 관리에 관한 기술지원규정,exclusive,field_control,photo_actionable,2,WP-EG19-10,정화통 선정·교체주기 관리 및 밀착도 검사,정화통 선정·교체주기 관리 및 밀착도 검사,6.2,E-G-19-2026,present_in_base_ttl_same_guide
ci_unrelated_action_filter1,E-G-19-2026,호흡보호구의 선정·사용 및 관리에 관한 기술지원규정,exclusive,field_control,photo_actionable,3,WP-EG19-12,호흡보호구 선정 2단계 - 착용사유 선택 및 밀폐공간 확인,호흡보호구 선정 2단계 - 착용사유 선택 및 밀폐공간 확인,7.2,E-G-19-2026,present_in_base_ttl_same_guide
ci_unrelated_action_filter1,E-G-19-2026,호흡보호구의 선정·사용 및 관리에 관한 기술지원규정,exclusive,field_control,photo_actionable,4,WP-EG19-13,호흡보호구 선정 3단계 - 농도별 추천 호흡보호구 선정,호흡보호구 선정 3단계 - 농도별 추천 호흡보호구 선정,7.2,E-G-19-2026,present_in_base_ttl_same_guide
ci_unrelated_action_filter1,E-G-19-2026,호흡보호구의 선정·사용 및 관리에 관한 기술지원규정,exclusive,field_control,photo_actionable,5,WP-EG19-15,호흡보호구 선정 5단계 - 밀착도 검사 및 최종 선정,호흡보호구 선정 5단계 - 밀착도 검사 및 최종 선정,7.2,E-G-19-2026,present_in_base_ttl_same_guide
ci_unrelated_action_filter1,E-G-19-2026,호흡보호구의 선정·사용 및 관리에 관한 기술지원규정,exclusive,field_control,photo_actionable,6,WP-EG19-17,정성적 밀착도 검사(QLFT),정성적 밀착도 검사(QLFT),8.3.1,E-G-19-2026,present_in_base_ttl_same_guide
ci_unrelated_action_filter1,E-G-19-2026,호흡보호구의 선정·사용 및 관리에 관한 기술지원규정,exclusive,field_control,photo_actionable,7,WP-EG19-18,정량적 밀착도 검사(QNFT),정량적 밀착도 검사(QNFT),8.3.2,E-G-19-2026,present_in_base_ttl_same_guide
ci_unrelated_action_filter1,E-G-19-2026,호흡보호구의 선정·사용 및 관리에 관한 기술지원규정,exclusive,field_control,photo_actionable,8,WP-EG19-19,음압 자가 밀착점검,음압 자가 밀착점검,8.5,E-G-19-2026,present_in_base_ttl_same_guide
ci_unrelated_action_filter1,E-G-2-2025,직무스트레스로 인한 건강장해 예방 기술지원규정,domain_specific,field_control,photo_actionable,1,WP-EG2-02,유해요인 평가,유해요인 평가,6.2,E-G-2-2025,present_in_base_ttl_same_guide
ci_unrelated_action_filter1,E-G-2-2025,직무스트레스로 인한 건강장해 예방 기술지원규정,domain_specific,field_control,photo_actionable,2,WP-EG2-05,예방 프로그램 평가,예방 프로그램 평가,6.5,E-G-2-2025,present_in_base_ttl_same_guide
ci_unrelated_action_filter1,E-G-2-2025,직무스트레스로 인한 건강장해 예방 기술지원규정,domain_specific,field_control,photo_actionable,3,WP-EG2-01,추진팀 구성,추진팀 구성,6.1,E-G-2-2025,present_in_base_ttl_same_guide
ci_unrelated_action_filter1,E-G-2-2025,직무스트레스로 인한 건강장해 예방 기술지원규정,domain_specific,field_control,photo_actionable,4,WP-EG2-03,예방 계획 수립,예방 계획 수립,6.3,E-G-2-2025,present_in_base_ttl_same_guide
ci_unrelated_action_filter1,E-G-2-2025,직무스트레스로 인한 건강장해 예방 기술지원규정,domain_specific,field_control,photo_actionable,5,WP-EG2-04,예방 프로그램 실행,예방 프로그램 실행,6.4,E-G-2-2025,present_in_base_ttl_same_guide
ci_unrelated_action_filter1,E-G-2-2025,직무스트레스로 인한 건강장해 예방 기술지원규정,domain_specific,field_control,photo_actionable,6,WP-EG2-06,피드백,피드백,6.6,E-G-2-2025,present_in_base_ttl_same_guide
ci_unrelated_action_filter1,E-G-2-2025,직무스트레스로 인한 건강장해 예방 기술지원규정,domain_specific,field_control,photo_actionable,7,WP-EG2-20,직무스트레스 평가도구 선택,직무스트레스 평가도구 선택,부록 1-1,E-G-2-2025,present_in_base_ttl_same_guide
ci_unrelated_action_filter1,E-G-2-2025,직무스트레스로 인한 건강장해 예방 기술지원규정,domain_specific,field_control,photo_actionable,8,WP-EG2-21,직무스트레스 평가 실시 및 점수 산출,직무스트레스 평가 실시 및 점수 산출,부록 1-2,E-G-2-2025,present_in_base_ttl_same_guide
ci_unrelated_action_filter1,E-G-20-2026,건축물 등의 석면조사에 관한 기술지원규정,exclusive,measurement_analysis,photo_unmatchable,1,WP-EG20-36,고형시료채취 절차 기록,고형시료채취 절차 기록,9,E-G-20-2026,present_in_base_ttl_same_guide
ci_unrelated_action_filter1,E-G-20-2026,건축물 등의 석면조사에 관한 기술지원규정,exclusive,measurement_analysis,photo_unmatchable,2,WP-EG20-38,석면조사결과서 작성,석면조사결과서 작성,10,E-G-20-2026,present_in_base_ttl_same_guide
ci_unrelated_action_filter1,E-G-20-2026,건축물 등의 석면조사에 관한 기술지원규정,exclusive,measurement_analysis,photo_unmatchable,3,WP-EG20-06,석면조사 계획 수립,석면조사 계획 수립,4.1,E-G-20-2026,present_in_base_ttl_same_guide
ci_unrelated_action_filter1,E-G-20-2026,건축물 등의 석면조사에 관한 기술지원규정,exclusive,measurement_analysis,photo_unmatchable,4,WP-EG20-17,석면조사계획서 작성,석면조사계획서 작성,5.2,E-G-20-2026,present_in_base_ttl_same_guide
ci_unrelated_action_filter1,E-G-20-2026,건축물 등의 석면조사에 관한 기술지원규정,exclusive,measurement_analysis,photo_unmatchable,5,WP-EG20-22,석면조사 계획 수립 및 현장조사,석면조사 계획 수립 및 현장조사,6.1,E-G-20-2026,present_in_base_ttl_same_guide
ci_unrelated_action_filter1,E-G-20-2026,건축물 등의 석면조사에 관한 기술지원규정,exclusive,measurement_analysis,photo_unmatchable,6,WP-EG20-24,고형시료 채취 전략 수립,고형시료 채취 전략 수립,6.3,E-G-20-2026,present_in_base_ttl_same_guide
ci_unrelated_action_filter1,E-G-20-2026,건축물 등의 석면조사에 관한 기술지원규정,exclusive,measurement_analysis,photo_unmatchable,7,WP-EG20-27,단열재·석면시멘트·기타 물질 시료채취,단열재·석면시멘트·기타 물질 시료채취,6.4,E-G-20-2026,present_in_base_ttl_same_guide
ci_unrelated_action_filter1,E-G-20-2026,건축물 등의 석면조사에 관한 기술지원규정,exclusive,measurement_analysis,photo_unmatchable,8,WP-EG20-29,시료분석,시료분석,6.6,E-G-20-2026,present_in_base_ttl_same_guide
ci_unrelated_action_filter1,E-G-21-2026,산업환기설비에 관한 기술지원규정,domain_specific,field_control,photo_actionable,1,WP-EG21-24,국소배기장치 후드 및 덕트 설치,국소배기장치 후드 및 덕트 설치,9,E-G-21-2026,present_in_base_ttl_same_guide
ci_unrelated_action_filter1,E-G-21-2026,산업환기설비에 관한 기술지원규정,domain_specific,field_control,photo_actionable,2,WP-EG21-01,전체환기장치 설치,전체환기장치 설치,4,E-G-21-2026,present_in_base_ttl_same_guide
ci_unrelated_action_filter1,E-G-21-2026,산업환기설비에 관한 기술지원규정,domain_specific,field_control,photo_actionable,3,WP-EG21-29,횡단측정법에 의한 풍속 측정,횡단측정법에 의한 풍속 측정,10,E-G-21-2026,present_in_base_ttl_same_guide
ci_unrelated_action_filter1,E-G-21-2026,산업환기설비에 관한 기술지원규정,domain_specific,field_control,photo_actionable,4,WP-EG21-31,피토관 및 정압 측정,피토관 및 정압 측정,10,E-G-21-2026,present_in_base_ttl_same_guide
ci_unrelated_action_filter1,E-G-21-2026,산업환기설비에 관한 기술지원규정,domain_specific,field_control,photo_actionable,5,WP-EG21-32,국소배기장치 가동 및 유지관리,국소배기장치 가동 및 유지관리,10,E-G-21-2026,present_in_base_ttl_same_guide
ci_unrelated_action_filter1,E-G-21-2026,산업환기설비에 관한 기술지원규정,domain_specific,field_control,photo_actionable,6,WP-EG21-02,국소배기장치 구입 전 검토,국소배기장치 구입 전 검토,5,E-G-21-2026,present_in_base_ttl_same_guide
ci_unrelated_action_filter1,E-G-21-2026,산업환기설비에 관한 기술지원규정,domain_specific,field_control,photo_actionable,7,WP-EG21-06,후드 설치,후드 설치,6,E-G-21-2026,present_in_base_ttl_same_guide
ci_unrelated_action_filter1,E-G-21-2026,산업환기설비에 관한 기술지원규정,domain_specific,field_control,photo_actionable,8,WP-EG21-07,덕트 설치,덕트 설치,6,E-G-21-2026,present_in_base_ttl_same_guide
ci_unrelated_action_filter1,E-G-22-2026,고열작업환경 관리에 관한 기술지원규정,exclusive,field_control,photo_actionable,1,WP-EG22-02,WBGT 평가 및 노출기준 판정,WBGT 평가 및 노출기준 판정,4.2.5,E-G-22-2026,present_in_base_ttl_same_guide
ci_unrelated_action_filter1,E-G-22-2026,고열작업환경 관리에 관한 기술지원규정,exclusive,field_control,photo_actionable,2,WP-EG22-04,작업관리 조치,작업관리 조치,5.2,E-G-22-2026,present_in_base_ttl_same_guide
ci_unrelated_action_filter1,E-G-22-2026,고열작업환경 관리에 관한 기술지원규정,exclusive,field_control,photo_actionable,3,WP-EG22-05,응급 시 조치,응급 시 조치,5.6,E-G-22-2026,present_in_base_ttl_same_guide
ci_unrelated_action_filter1,E-G-22-2026,고열작업환경 관리에 관한 기술지원규정,exclusive,field_control,photo_actionable,4,WP-EG22-01,고열의 측정 및 평가,고열의 측정 및 평가,4.2,E-G-22-2026,present_in_base_ttl_same_guide
ci_unrelated_action_filter1,E-G-23-2026,작업자의 진동 제어 및 건강 예방에 관한 기술지원규정,exclusive,management_program,photo_conditional_followup,1,WP-EG23-02,손·팔 진동 노출 평가,손·팔 진동 노출 평가,5.2.2,E-G-23-2026,present_in_base_ttl_same_guide
ci_unrelated_action_filter1,E-G-23-2026,작업자의 진동 제어 및 건강 예방에 관한 기술지원규정,exclusive,management_program,photo_conditional_followup,2,WP-EG23-03,전신 진동 노출 평가,전신 진동 노출 평가,5.2.2,E-G-23-2026,present_in_base_ttl_same_guide
ci_unrelated_action_filter1,E-G-23-2026,작업자의 진동 제어 및 건강 예방에 관한 기술지원규정,exclusive,management_program,photo_conditional_followup,3,WP-EG23-09,보호구 지급 및 착용,보호구 지급 및 착용,6.4,E-G-23-2026,present_in_base_ttl_same_guide
ci_unrelated_action_filter1,E-G-23-2026,작업자의 진동 제어 및 건강 예방에 관한 기술지원규정,exclusive,management_program,photo_conditional_followup,4,WP-EG23-10,건강관리 및 모니터링,건강관리 및 모니터링,6.5,E-G-23-2026,present_in_base_ttl_same_guide
ci_unrelated_action_filter1,E-G-23-2026,작업자의 진동 제어 및 건강 예방에 관한 기술지원규정,exclusive,management_program,photo_conditional_followup,5,WP-EG23-01,진동 노출원 파악 및 위험성 평가 사전 절차,진동 노출원 파악 및 위험성 평가 사전 절차,5.2.1,E-G-23-2026,present_in_base_ttl_same_guide
ci_unrelated_action_filter1,E-G-23-2026,작업자의 진동 제어 및 건강 예방에 관한 기술지원규정,exclusive,management_program,photo_conditional_followup,6,WP-EG23-05,위험성 평가 결과 기록 및 검토,위험성 평가 결과 기록 및 검토,5.2.4,E-G-23-2026,present_in_base_ttl_same_guide
ci_unrelated_action_filter1,E-G-23-2026,작업자의 진동 제어 및 건강 예방에 관한 기술지원규정,exclusive,management_program,photo_conditional_followup,7,WP-EG23-06,기계·장비 구매 및 선정,기계·장비 구매 및 선정,6.1,E-G-23-2026,present_in_base_ttl_same_guide
ci_unrelated_action_filter1,E-G-23-2026,작업자의 진동 제어 및 건강 예방에 관한 기술지원규정,exclusive,management_program,photo_conditional_followup,8,WP-EG23-07,공학적 대책 적용,공학적 대책 적용,6.2,E-G-23-2026,present_in_base_ttl_same_guide
ci_unrelated_action_filter1,E-G-3-2025,영상표시단말기를 사용하는 사무환경 관리에 관한 기술지원규정,domain_specific,field_control,photo_actionable,1,WP-EG3-04,연속작업 관리 및 휴식 시행,연속작업 관리 및 휴식 시행,6.1,E-G-3-2025,present_in_base_ttl_same_guide
ci_unrelated_action_filter1,E-G-3-2025,영상표시단말기를 사용하는 사무환경 관리에 관한 기술지원규정,domain_specific,field_control,photo_actionable,2,WP-EG3-01,VDT 작업 전 사무환경 점검,VDT 작업 전 사무환경 점검,6.4,E-G-3-2025,present_in_base_ttl_same_guide
ci_unrelated_action_filter1,E-G-3-2025,영상표시단말기를 사용하는 사무환경 관리에 관한 기술지원규정,domain_specific,field_control,photo_actionable,3,WP-EG3-03,올바른 작업자세 설정,올바른 작업자세 설정,6.3,E-G-3-2025,present_in_base_ttl_same_guide
ci_unrelated_action_filter1,E-G-3-2025,영상표시단말기를 사용하는 사무환경 관리에 관한 기술지원규정,domain_specific,field_control,photo_actionable,4,WP-EG3-06,VDT 증후군 예방 안전보건교육,VDT 증후군 예방 안전보건교육,6.5,E-G-3-2025,present_in_base_ttl_same_guide
ci_unrelated_action_filter1,E-G-4-2025,근골격계질환 예방을 위한 업종직종별 기술지원규정,domain_specific,management_program,photo_conditional_followup,1,WP-EG4-02,유해요인 조사,유해요인 조사,4,E-G-4-2025,present_in_base_ttl_same_guide
ci_unrelated_action_filter1,E-G-4-2025,근골격계질환 예방을 위한 업종직종별 기술지원규정,domain_specific,management_program,photo_conditional_followup,2,WP-EG4-03,작업환경개선,작업환경개선,4,E-G-4-2025,present_in_base_ttl_same_guide
ci_unrelated_action_filter1,E-G-4-2025,근골격계질환 예방을 위한 업종직종별 기술지원규정,domain_specific,management_program,photo_conditional_followup,3,WP-EG4-39,의학적 관리 및 교육,의학적 관리 및 교육,7,E-G-4-2025,present_in_base_ttl_same_guide
ci_unrelated_action_filter1,E-G-4-2025,근골격계질환 예방을 위한 업종직종별 기술지원규정,domain_specific,management_program,photo_conditional_followup,4,WP-EG4-04,의학적관리,의학적관리,4,E-G-4-2025,present_in_base_ttl_same_guide
ci_unrelated_action_filter1,E-G-4-2025,근골격계질환 예방을 위한 업종직종별 기술지원규정,domain_specific,management_program,photo_conditional_followup,5,WP-EG4-05,평가,평가,4,E-G-4-2025,present_in_base_ttl_same_guide
ci_unrelated_action_filter1,E-G-4-2025,근골격계질환 예방을 위한 업종직종별 기술지원규정,domain_specific,management_program,photo_conditional_followup,6,WP-EG4-32,부적절한 자세 개선,부적절한 자세 개선,6,E-G-4-2025,present_in_base_ttl_same_guide
ci_unrelated_action_filter1,E-G-5-2025,"직무스트레스로 인한 건강장해 예방을 위한 업종별, 직종별 기술지원규정",domain_specific,field_control,photo_actionable,1,WP-EG5-03,예방 계획 수립,예방 계획 수립,4,E-G-5-2025,present_in_base_ttl_same_guide
ci_unrelated_action_filter1,E-G-5-2025,"직무스트레스로 인한 건강장해 예방을 위한 업종별, 직종별 기술지원규정",domain_specific,field_control,photo_actionable,2,WP-EG5-02,유해요인 평가,유해요인 평가,4,E-G-5-2025,present_in_base_ttl_same_guide
ci_unrelated_action_filter1,E-G-5-2025,"직무스트레스로 인한 건강장해 예방을 위한 업종별, 직종별 기술지원규정",domain_specific,field_control,photo_actionable,3,WP-EG5-04,예방 프로그램 실행,예방 프로그램 실행,4,E-G-5-2025,present_in_base_ttl_same_guide
ci_unrelated_action_filter1,E-G-5-2025,"직무스트레스로 인한 건강장해 예방을 위한 업종별, 직종별 기술지원규정",domain_specific,field_control,photo_actionable,4,WP-EG5-05,예방 프로그램 평가 및 피드백,예방 프로그램 평가 및 피드백,4,E-G-5-2025,present_in_base_ttl_same_guide
ci_unrelated_action_filter1,E-G-5-2025,"직무스트레스로 인한 건강장해 예방을 위한 업종별, 직종별 기술지원규정",domain_specific,field_control,photo_actionable,5,WP-EG5-06,제조업 직무스트레스 예방 관리,제조업 직무스트레스 예방 관리,5.1,E-G-5-2025,present_in_base_ttl_same_guide
ci_unrelated_action_filter1,E-G-5-2025,"직무스트레스로 인한 건강장해 예방을 위한 업종별, 직종별 기술지원규정",domain_specific,field_control,photo_actionable,6,WP-EG5-07,건설업 직무스트레스 예방 관리,건설업 직무스트레스 예방 관리,5.2,E-G-5-2025,present_in_base_ttl_same_guide
ci_unrelated_action_filter1,E-G-5-2025,"직무스트레스로 인한 건강장해 예방을 위한 업종별, 직종별 기술지원규정",domain_specific,field_control,photo_actionable,7,WP-EG5-08,도소매업 직무스트레스 예방 관리,도소매업 직무스트레스 예방 관리,5.3,E-G-5-2025,present_in_base_ttl_same_guide
ci_unrelated_action_filter1,E-G-5-2025,"직무스트레스로 인한 건강장해 예방을 위한 업종별, 직종별 기술지원규정",domain_specific,field_control,photo_actionable,8,WP-EG5-09,운수창고업 직무스트레스 예방 관리,운수창고업 직무스트레스 예방 관리,5.4,E-G-5-2025,present_in_base_ttl_same_guide
ci_unrelated_action_filter1,E-G-6-2025,건강한 사무환경 구축 기술지원규정,domain_specific,field_control,photo_actionable,1,WP-EG6-01,사무실 공기질 측정 계획 수립,사무실 공기질 측정 계획 수립,6.1,E-G-6-2025,present_in_base_ttl_same_guide
ci_unrelated_action_filter1,E-G-7-2025,폐기물 소각시설의 작업관리 기술지원규정,exclusive,field_control,photo_actionable,1,WP-EG7-01,소각재등 취급작업,소각재등 취급작업,4.1,E-G-7-2025,present_in_base_ttl_same_guide
ci_unrelated_action_filter1,E-G-7-2025,폐기물 소각시설의 작업관리 기술지원규정,exclusive,field_control,photo_actionable,2,WP-EG7-02,보수·점검작업,보수·점검작업,4.2,E-G-7-2025,present_in_base_ttl_same_guide
ci_unrelated_action_filter1,E-G-7-2025,폐기물 소각시설의 작업관리 기술지원규정,exclusive,field_control,photo_actionable,3,WP-EG7-03,해체작업 전 부착물 제거,해체작업 전 부착물 제거,5.3,E-G-7-2025,present_in_base_ttl_same_guide
ci_unrelated_action_filter1,E-G-7-2025,폐기물 소각시설의 작업관리 기술지원규정,exclusive,field_control,photo_actionable,4,WP-EG7-04,해체작업 실시,해체작업 실시,5.3,E-G-7-2025,present_in_base_ttl_same_guide
ci_unrelated_action_filter1,E-G-8-2026,잠수용 기압조절실에 관한 기술지원규정,exclusive,field_control,photo_actionable,1,WP-EG8-10,기압조절실 수압시험,기압조절실 수압시험,4.7,E-G-8-2026,present_in_base_ttl_same_guide
ci_unrelated_action_filter1,E-G-8-2026,잠수용 기압조절실에 관한 기술지원규정,exclusive,field_control,photo_actionable,2,WP-EG8-09,BIBS 마스크 기능 시험,BIBS 마스크 기능 시험,4.6,E-G-8-2026,present_in_base_ttl_same_guide
ci_unrelated_action_filter1,E-G-8-2026,잠수용 기압조절실에 관한 기술지원규정,exclusive,field_control,photo_actionable,3,WP-EG8-11,기압조절실 기압시험,기압조절실 기압시험,4.7,E-G-8-2026,present_in_base_ttl_same_guide
ci_unrelated_action_filter1,E-G-8-2026,잠수용 기압조절실에 관한 기술지원규정,exclusive,field_control,photo_actionable,4,WP-EG8-24,기압조절실 압력시험 사전 확인,기압조절실 압력시험 사전 확인,부록 2,E-G-8-2026,present_in_base_ttl_same_guide
ci_unrelated_action_filter1,E-G-8-2026,잠수용 기압조절실에 관한 기술지원규정,exclusive,field_control,photo_actionable,5,WP-EG8-28,최대 운영압력 시험 및 압력변동 시험,최대 운영압력 시험 및 압력변동 시험,부록 2,E-G-8-2026,present_in_base_ttl_same_guide
ci_unrelated_action_filter1,E-G-8-2026,잠수용 기압조절실에 관한 기술지원규정,exclusive,field_control,photo_actionable,6,WP-EG8-31,기압조절실 6개월 정기 점검,기압조절실 6개월 정기 점검,부록 3,E-G-8-2026,present_in_base_ttl_same_guide
ci_unrelated_action_filter1,E-G-8-2026,잠수용 기압조절실에 관한 기술지원규정,exclusive,field_control,photo_actionable,7,WP-EG8-32,기압조절실 12개월 정기 점검,기압조절실 12개월 정기 점검,부록 3,E-G-8-2026,present_in_base_ttl_same_guide
ci_unrelated_action_filter1,E-G-8-2026,잠수용 기압조절실에 관한 기술지원규정,exclusive,field_control,photo_actionable,8,WP-EG8-33,기압조절실 2년(~2년 6개월) 정기 점검,기압조절실 2년(~2년 6개월) 정기 점검,부록 3,E-G-8-2026,present_in_base_ttl_same_guide
ci_unrelated_action_filter1,E-G-9-2026,잠수용 비상기체통에 관한 기술지원규정,exclusive,field_control,photo_actionable,1,WP-EG9-02,압력제거,압력제거,4.2.1,E-G-9-2026,present_in_base_ttl_same_guide
ci_unrelated_action_filter1,E-G-9-2026,잠수용 비상기체통에 관한 기술지원규정,exclusive,field_control,photo_actionable,2,WP-EG9-01,압력확인,압력확인,4.2.1,E-G-9-2026,present_in_base_ttl_same_guide
ci_unrelated_action_filter1,E-G-9-2026,잠수용 비상기체통에 관한 기술지원규정,exclusive,field_control,photo_actionable,3,WP-EG9-06,나사산 검사,나사산 검사,4.2.1,E-G-9-2026,present_in_base_ttl_same_guide
ci_unrelated_action_filter1,E-G-9-2026,잠수용 비상기체통에 관한 기술지원규정,exclusive,field_control,photo_actionable,4,WP-EG9-08,내부검사,내부검사,4.2.1,E-G-9-2026,present_in_base_ttl_same_guide
ci_unrelated_action_filter1,E-G-9-2026,잠수용 비상기체통에 관한 기술지원규정,exclusive,field_control,photo_actionable,5,WP-EG9-11,조립,조립,4.2.1,E-G-9-2026,present_in_base_ttl_same_guide
ci_unrelated_action_filter1,E-G-9-2026,잠수용 비상기체통에 관한 기술지원규정,exclusive,field_control,photo_actionable,6,WP-EG9-13,표시와 기록,표시와 기록,4.2.1,E-G-9-2026,present_in_base_ttl_same_guide
ci_unrelated_action_filter1,E-G-9-2026,잠수용 비상기체통에 관한 기술지원규정,exclusive,field_control,photo_actionable,7,WP-EG9-14,부적합 비상기체통 폐기,부적합 비상기체통 폐기,4.2.3,E-G-9-2026,present_in_base_ttl_same_guide
ci_unrelated_action_filter1,E-G-9-2026,잠수용 비상기체통에 관한 기술지원규정,exclusive,field_control,photo_actionable,8,WP-EG9-15,비상기체통 보관,비상기체통 보관,4.3.2,E-G-9-2026,present_in_base_ttl_same_guide
ci_unrelated_action_filter1,E-H-1-2025,탄화수소(끓는점 36~216℃)에 대한 작업환경측정분석 기술지원규정,exclusive,measurement_analysis,photo_unmatchable,1,WP-EH1-01,시료채취 기구 및 측정방법 선택,시료채취 기구 및 측정방법 선택,5,E-H-1-2025,present_in_base_ttl_same_guide
ci_unrelated_action_filter1,E-H-1-2025,탄화수소(끓는점 36~216℃)에 대한 작업환경측정분석 기술지원규정,exclusive,measurement_analysis,photo_unmatchable,2,WP-EH1-02,검량선 작성을 위한 표준용액 제조,검량선 작성을 위한 표준용액 제조,5,E-H-1-2025,present_in_base_ttl_same_guide
ci_unrelated_action_filter1,E-H-1-2025,탄화수소(끓는점 36~216℃)에 대한 작업환경측정분석 기술지원규정,exclusive,measurement_analysis,photo_unmatchable,3,WP-EH1-03,내부표준물질 사용 및 보정,내부표준물질 사용 및 보정,5,E-H-1-2025,present_in_base_ttl_same_guide
ci_unrelated_action_filter1,E-H-1-2025,탄화수소(끓는점 36~216℃)에 대한 작업환경측정분석 기술지원규정,exclusive,measurement_analysis,photo_unmatchable,4,WP-EH1-04,탈착효율 검정,탈착효율 검정,5,E-H-1-2025,present_in_base_ttl_same_guide
ci_unrelated_action_filter1,E-H-1-2025,탄화수소(끓는점 36~216℃)에 대한 작업환경측정분석 기술지원규정,exclusive,measurement_analysis,photo_unmatchable,5,WP-EH1-25,시료채취,시료채취,6,E-H-1-2025,present_in_base_ttl_same_guide
ci_unrelated_action_filter1,E-H-1-2025,탄화수소(끓는점 36~216℃)에 대한 작업환경측정분석 기술지원규정,exclusive,measurement_analysis,photo_unmatchable,6,WP-EH1-27,검량선 작성 및 탈착효율 시험,검량선 작성 및 탈착효율 시험,6,E-H-1-2025,present_in_base_ttl_same_guide
ci_unrelated_action_filter1,E-H-1-2025,탄화수소(끓는점 36~216℃)에 대한 작업환경측정분석 기술지원규정,exclusive,measurement_analysis,photo_unmatchable,7,WP-EH1-28,GC-FID 기기분석,GC-FID 기기분석,6,E-H-1-2025,present_in_base_ttl_same_guide
ci_unrelated_action_filter1,E-H-1-2025,탄화수소(끓는점 36~216℃)에 대한 작업환경측정분석 기술지원규정,exclusive,measurement_analysis,photo_unmatchable,8,WP-EH1-29,농도 계산,농도 계산,6,E-H-1-2025,present_in_base_ttl_same_guide
ci_unrelated_action_filter1,E-H-2-2025,포스핀에 대한 작업환경측정분석 기술지원규정,exclusive,measurement_analysis,photo_unmatchable,1,WP-EH2-01,시료채취,시료채취,6.I,E-H-2-2025,present_in_base_ttl_same_guide
ci_unrelated_action_filter1,E-H-2-2025,포스핀에 대한 작업환경측정분석 기술지원규정,exclusive,measurement_analysis,photo_unmatchable,2,WP-EH2-03,검량선 작성 및 분석,검량선 작성 및 분석,6.III,E-H-2-2025,present_in_base_ttl_same_guide
ci_unrelated_action_filter1,E-H-2-2025,포스핀에 대한 작업환경측정분석 기술지원규정,exclusive,measurement_analysis,photo_unmatchable,3,WP-EH2-04,농도 계산,농도 계산,6.IV,E-H-2-2025,present_in_base_ttl_same_guide
ci_unrelated_action_filter1,E-H-3-2025,무수 말레산에 대한 작업환경측정분석 기술지원규정,exclusive,measurement_analysis,photo_unmatchable,1,WP-EH3-01,시료채취,시료채취,6-I,E-H-3-2025,present_in_base_ttl_same_guide
ci_unrelated_action_filter1,E-H-3-2025,무수 말레산에 대한 작업환경측정분석 기술지원규정,exclusive,measurement_analysis,photo_unmatchable,2,WP-EH3-02,표준용액 제조 (MAVA 합성),표준용액 제조 (MAVA 합성),6-II,E-H-3-2025,present_in_base_ttl_same_guide
ci_unrelated_action_filter1,E-H-3-2025,무수 말레산에 대한 작업환경측정분석 기술지원규정,exclusive,measurement_analysis,photo_unmatchable,3,WP-EH3-04,시료분석 (HPLC),시료분석 (HPLC),6-IV,E-H-3-2025,present_in_base_ttl_same_guide
ci_unrelated_action_filter1,E-H-3-2025,무수 말레산에 대한 작업환경측정분석 기술지원규정,exclusive,measurement_analysis,photo_unmatchable,4,WP-EH3-05,농도 계산,농도 계산,6-V,E-H-3-2025,present_in_base_ttl_same_guide
ci_unrelated_action_filter1,E-H-4-2026,유해인자 허용기준 이하 유지 유해인자에 대한 작업환경측정·분석에 관한 기술지원규정,exclusive,measurement_analysis,photo_unmatchable,1,WP-EH4-16,금속류(납/니켈/망간/베릴륨/카드뮴/코발트) 작업환경측정 - ICP/AAS 분석,금속류(납/니켈/망간/베릴륨/카드뮴/코발트) 작업환경측정 - ICP/AAS 분석,7.2,E-H-4-2026,present_in_base_ttl_same_guide
ci_unrelated_action_filter1,E-H-4-2026,유해인자 허용기준 이하 유지 유해인자에 대한 작업환경측정·분석에 관한 기술지원규정,exclusive,measurement_analysis,photo_unmatchable,2,WP-EH4-17,활성탄관 유기용제(벤젠/톨루엔/스티렌 등) 작업환경측정 - GC-FID 분석,활성탄관 유기용제(벤젠/톨루엔/스티렌 등) 작업환경측정 - GC-FID 분석,7.12,E-H-4-2026,present_in_base_ttl_same_guide
ci_unrelated_action_filter1,E-H-4-2026,유해인자 허용기준 이하 유지 유해인자에 대한 작업환경측정·분석에 관한 기술지원규정,exclusive,measurement_analysis,photo_unmatchable,3,WP-EH4-18,석면 작업환경측정 - 위상차현미경(PCM) 섬유계수 분석,석면 작업환경측정 - 위상차현미경(PCM) 섬유계수 분석,7.17,E-H-4-2026,present_in_base_ttl_same_guide
ci_unrelated_action_filter1,E-H-4-2026,유해인자 허용기준 이하 유지 유해인자에 대한 작업환경측정·분석에 관한 기술지원규정,exclusive,measurement_analysis,photo_unmatchable,4,WP-EH4-19,이소시아네이트류(MDI/TDI) 작업환경측정 - HPLC 분석,이소시아네이트류(MDI/TDI) 작업환경측정 - HPLC 분석,7.10,E-H-4-2026,present_in_base_ttl_same_guide
ci_unrelated_action_filter1,E-H-4-2026,유해인자 허용기준 이하 유지 유해인자에 대한 작업환경측정·분석에 관한 기술지원규정,exclusive,measurement_analysis,photo_unmatchable,5,WP-EH4-20,6가 크롬 작업환경측정 - 이온크로마토그래피 분석,6가 크롬 작업환경측정 - 이온크로마토그래피 분석,7.1,E-H-4-2026,present_in_base_ttl_same_guide
ci_unrelated_action_filter1,E-H-4-2026,유해인자 허용기준 이하 유지 유해인자에 대한 작업환경측정·분석에 관한 기술지원규정,exclusive,measurement_analysis,photo_unmatchable,6,WP-EH4-21,콜타르피치 작업환경측정 - 중량분석,콜타르피치 작업환경측정 - 중량분석,7.30,E-H-4-2026,present_in_base_ttl_same_guide
ci_unrelated_action_filter1,E-H-4-2026,유해인자 허용기준 이하 유지 유해인자에 대한 작업환경측정·분석에 관한 기술지원규정,exclusive,measurement_analysis,photo_unmatchable,7,WP-EH4-23,포름알데히드 작업환경측정 - DNPH-HPLC 분석,포름알데히드 작업환경측정 - DNPH-HPLC 분석,7.36,E-H-4-2026,present_in_base_ttl_same_guide
ci_unrelated_action_filter1,E-H-4-2026,유해인자 허용기준 이하 유지 유해인자에 대한 작업환경측정·분석에 관한 기술지원규정,exclusive,measurement_analysis,photo_unmatchable,8,WP-EH4-06,시료채취,시료채취,5,E-H-4-2026,present_in_base_ttl_same_guide
ci_unrelated_action_filter1,E-M-1-2025,청력보존프로그램의 수립.시행에 관한 기술지원규정,domain_specific,health_screening,photo_unmatchable,1,WP-EM1-02,소음노출 평가,소음노출 평가,7,E-M-1-2025,present_in_base_ttl_same_guide
ci_unrelated_action_filter1,E-M-1-2025,청력보존프로그램의 수립.시행에 관한 기술지원규정,domain_specific,health_screening,photo_unmatchable,2,WP-EM1-08,기록·관리 및 프로그램 평가,기록·관리 및 프로그램 평가,12,E-M-1-2025,present_in_base_ttl_same_guide
ci_unrelated_action_filter1,E-M-1-2025,청력보존프로그램의 수립.시행에 관한 기술지원규정,domain_specific,health_screening,photo_unmatchable,3,WP-EM1-01,추진팀 구성 및 운영체계 구축,추진팀 구성 및 운영체계 구축,6,E-M-1-2025,present_in_base_ttl_same_guide
ci_unrelated_action_filter1,E-M-1-2025,청력보존프로그램의 수립.시행에 관한 기술지원규정,domain_specific,health_screening,photo_unmatchable,4,WP-EM1-03,공학적 대책 수립·시행,공학적 대책 수립·시행,8,E-M-1-2025,present_in_base_ttl_same_guide
ci_unrelated_action_filter1,E-M-1-2025,청력보존프로그램의 수립.시행에 관한 기술지원규정,domain_specific,health_screening,photo_unmatchable,5,WP-EM1-04,청력보호구 지급과 착용,청력보호구 지급과 착용,9,E-M-1-2025,present_in_base_ttl_same_guide
ci_unrelated_action_filter1,E-M-1-2025,청력보존프로그램의 수립.시행에 관한 기술지원규정,domain_specific,health_screening,photo_unmatchable,6,WP-EM1-05,소음 유해성 및 예방 관련 교육,소음 유해성 및 예방 관련 교육,10,E-M-1-2025,present_in_base_ttl_same_guide
ci_unrelated_action_filter1,E-M-1-2025,청력보존프로그램의 수립.시행에 관한 기술지원규정,domain_specific,health_screening,photo_unmatchable,7,WP-EM1-07,청력평가 후 관리,청력평가 후 관리,11.3,E-M-1-2025,present_in_base_ttl_same_guide
ci_unrelated_action_filter1,E-M-2-2025,소음성난청으로 진단된 근로자의 의학적 관리를 위한 기술지원규정,domain_specific,health_screening,photo_unmatchable,1,WP-EM2-03,업무능력 평가,업무능력 평가,5.5,E-M-2-2025,present_in_base_ttl_same_guide
ci_unrelated_action_filter1,E-M-2-2025,소음성난청으로 진단된 근로자의 의학적 관리를 위한 기술지원규정,domain_specific,health_screening,photo_unmatchable,2,WP-EM2-05,청력보호구 적합도 검사,청력보호구 적합도 검사,8,E-M-2-2025,present_in_base_ttl_same_guide
ci_unrelated_action_filter1,E-M-3-2025,병.의원 종사자의 주사침 등에 의한 손상예방 기술지원규정,exclusive,field_control,photo_actionable,1,WP-EM3-02,채혈 및 주사기 사용 안전작업,채혈 및 주사기 사용 안전작업,부록,E-M-3-2025,present_in_base_ttl_same_guide
ci_unrelated_action_filter1,E-M-3-2025,병.의원 종사자의 주사침 등에 의한 손상예방 기술지원규정,exclusive,field_control,photo_actionable,2,WP-EM3-03,사용 후 주사침 폐기,사용 후 주사침 폐기,부록,E-M-3-2025,present_in_base_ttl_same_guide
ci_unrelated_action_filter1,E-M-3-2025,병.의원 종사자의 주사침 등에 의한 손상예방 기술지원규정,exclusive,field_control,photo_actionable,3,WP-EM3-05,손상사고 보고 및 추적관리,손상사고 보고 및 추적관리,5.2,E-M-3-2025,present_in_base_ttl_same_guide
ci_unrelated_action_filter1,E-M-3-2025,병.의원 종사자의 주사침 등에 의한 손상예방 기술지원규정,exclusive,field_control,photo_actionable,4,WP-EM3-04,손상사고 발생 시 응급처치,손상사고 발생 시 응급처치,5.2,E-M-3-2025,present_in_base_ttl_same_guide
ci_unrelated_action_filter1,E-M-4-2025,혈액원성 병원체에 의한 건강장해 예방 기술지원규정,exclusive,field_control,photo_actionable,1,WP-EM4-04,채혈 및 주사기 사용,채혈 및 주사기 사용,6.1.1,E-M-4-2025,present_in_base_ttl_same_guide
ci_unrelated_action_filter1,E-M-4-2025,혈액원성 병원체에 의한 건강장해 예방 기술지원규정,exclusive,field_control,photo_actionable,2,WP-EM4-05,주사기 사고 대처,주사기 사고 대처,6.1.2,E-M-4-2025,present_in_base_ttl_same_guide
ci_unrelated_action_filter1,E-M-4-2025,혈액원성 병원체에 의한 건강장해 예방 기술지원규정,exclusive,field_control,photo_actionable,3,WP-EM4-09,실험장비(원심분리기 등) 사용,실험장비(원심분리기 등) 사용,6.1.6,E-M-4-2025,present_in_base_ttl_same_guide
ci_unrelated_action_filter1,E-M-4-2025,혈액원성 병원체에 의한 건강장해 예방 기술지원규정,exclusive,field_control,photo_actionable,4,WP-EM4-01,실험실 설계 및 설치,실험실 설계 및 설치,5.1,E-M-4-2025,present_in_base_ttl_same_guide
ci_unrelated_action_filter1,E-M-4-2025,혈액원성 병원체에 의한 건강장해 예방 기술지원규정,exclusive,field_control,photo_actionable,5,WP-EM4-02,실험실 운영 관리,실험실 운영 관리,5.2.1,E-M-4-2025,present_in_base_ttl_same_guide
ci_unrelated_action_filter1,E-M-4-2025,혈액원성 병원체에 의한 건강장해 예방 기술지원규정,exclusive,field_control,photo_actionable,6,WP-EM4-03,실험실 환경관리,실험실 환경관리,5.2.2,E-M-4-2025,present_in_base_ttl_same_guide
ci_unrelated_action_filter1,E-M-4-2025,혈액원성 병원체에 의한 건강장해 예방 기술지원규정,exclusive,field_control,photo_actionable,7,WP-EM4-06,혈액노출 사고 조사,혈액노출 사고 조사,6.1.3,E-M-4-2025,present_in_base_ttl_same_guide
ci_unrelated_action_filter1,E-M-4-2025,혈액원성 병원체에 의한 건강장해 예방 기술지원규정,exclusive,field_control,photo_actionable,8,WP-EM4-08,실험실내 혈액 이동,실험실내 혈액 이동,6.1.5,E-M-4-2025,present_in_base_ttl_same_guide
ci_unrelated_action_filter1,E-M-6-2026,생물학적 노출지표물질(유기화합물_1차 검사항목)분석에 관한 기술지원규정,exclusive,measurement_analysis,photo_unmatchable,1,WP-EM6-01,표준용액 조제,표준용액 조제,5.1,E-M-6-2026,present_in_base_ttl_same_guide
ci_unrelated_action_filter1,E-M-6-2026,생물학적 노출지표물질(유기화합물_1차 검사항목)분석에 관한 기술지원규정,exclusive,measurement_analysis,photo_unmatchable,2,WP-EM6-18,GC-FID 분석용 시약 조제,GC-FID 분석용 시약 조제,6.1.3,E-M-6-2026,present_in_base_ttl_same_guide
ci_unrelated_action_filter1,E-M-6-2026,생물학적 노출지표물질(유기화합물_1차 검사항목)분석에 관한 기술지원규정,exclusive,measurement_analysis,photo_unmatchable,3,WP-EM6-21,HPLC-UVD 분석용 시약 및 이동상 조제,HPLC-UVD 분석용 시약 및 이동상 조제,6.1.3,E-M-6-2026,present_in_base_ttl_same_guide
ci_unrelated_action_filter1,E-M-6-2026,생물학적 노출지표물질(유기화합물_1차 검사항목)분석에 관한 기술지원규정,exclusive,measurement_analysis,photo_unmatchable,4,WP-EM6-40,GC-FID 표준용액 및 내부표준용액 조제,GC-FID 표준용액 및 내부표준용액 조제,6.1.6,E-M-6-2026,present_in_base_ttl_same_guide
ci_unrelated_action_filter1,E-M-6-2026,생물학적 노출지표물질(유기화합물_1차 검사항목)분석에 관한 기술지원규정,exclusive,measurement_analysis,photo_unmatchable,5,WP-EM6-43,HS GC-FID 표준용액 및 포화용액 조제,HS GC-FID 표준용액 및 포화용액 조제,6.1.6,E-M-6-2026,present_in_base_ttl_same_guide
ci_unrelated_action_filter1,E-M-6-2026,생물학적 노출지표물질(유기화합물_1차 검사항목)분석에 관한 기술지원규정,exclusive,measurement_analysis,photo_unmatchable,6,WP-EM6-45,HS GC-MS 표준용액 및 포화용액 조제,HS GC-MS 표준용액 및 포화용액 조제,6.1.6,E-M-6-2026,present_in_base_ttl_same_guide
ci_unrelated_action_filter1,E-M-6-2026,생물학적 노출지표물질(유기화합물_1차 검사항목)분석에 관한 기술지원규정,exclusive,measurement_analysis,photo_unmatchable,7,WP-EM6-02,검량선 작성 및 농도계산,검량선 작성 및 농도계산,5.1,E-M-6-2026,present_in_base_ttl_same_guide
ci_unrelated_action_filter1,E-M-6-2026,생물학적 노출지표물질(유기화합물_1차 검사항목)분석에 관한 기술지원규정,exclusive,measurement_analysis,photo_unmatchable,8,WP-EM6-03,소변 중 크레아티닌 보정,소변 중 크레아티닌 보정,5.1,E-M-6-2026,present_in_base_ttl_same_guide
ci_unrelated_action_filter1,E-M-7-2026,생물학적 노출지표물질(유기화합물_2차 및 권장 검사항목)분석에 관한 기술지원규정,exclusive,measurement_analysis,photo_unmatchable,1,WP-EM7-02,소변 시료 농도 계산 및 크레아티닌 보정,소변 시료 농도 계산 및 크레아티닌 보정,5.1,E-M-7-2026,present_in_base_ttl_same_guide
ci_unrelated_action_filter1,E-M-7-2026,생물학적 노출지표물질(유기화합물_2차 및 권장 검사항목)분석에 관한 기술지원규정,exclusive,measurement_analysis,photo_unmatchable,2,WP-EM7-04,혈액 시료 농도 계산,혈액 시료 농도 계산,5.2,E-M-7-2026,present_in_base_ttl_same_guide
ci_unrelated_action_filter1,E-M-7-2026,생물학적 노출지표물질(유기화합물_2차 및 권장 검사항목)분석에 관한 기술지원규정,exclusive,measurement_analysis,photo_unmatchable,3,WP-EM7-05,검출한계 산출,검출한계 산출,5,E-M-7-2026,present_in_base_ttl_same_guide
ci_unrelated_action_filter1,E-M-7-2026,생물학적 노출지표물질(유기화합물_2차 및 권장 검사항목)분석에 관한 기술지원규정,exclusive,measurement_analysis,photo_unmatchable,4,WP-EM7-06,메탄올[소변] HS GC-FID 분석,메탄올[소변] HS GC-FID 분석,6.1.1,E-M-7-2026,present_in_base_ttl_same_guide
ci_unrelated_action_filter1,E-M-7-2026,생물학적 노출지표물질(유기화합물_2차 및 권장 검사항목)분석에 관한 기술지원규정,exclusive,measurement_analysis,photo_unmatchable,5,WP-EM7-07,메탄올[소변] HS GC-MS 분석,메탄올[소변] HS GC-MS 분석,6.1.1,E-M-7-2026,present_in_base_ttl_same_guide
ci_unrelated_action_filter1,E-M-7-2026,생물학적 노출지표물질(유기화합물_2차 및 권장 검사항목)분석에 관한 기술지원규정,exclusive,measurement_analysis,photo_unmatchable,6,WP-EM7-09,아세톤[소변] HS GC-FID 분석,아세톤[소변] HS GC-FID 분석,6.1.3,E-M-7-2026,present_in_base_ttl_same_guide
ci_unrelated_action_filter1,E-M-7-2026,생물학적 노출지표물질(유기화합물_2차 및 권장 검사항목)분석에 관한 기술지원규정,exclusive,measurement_analysis,photo_unmatchable,7,WP-EM7-44,TTCA 표준용액 및 이동상 조제,TTCA 표준용액 및 이동상 조제,7.1.2,E-M-7-2026,present_in_base_ttl_same_guide
ci_unrelated_action_filter1,E-M-7-2026,생물학적 노출지표물질(유기화합물_2차 및 권장 검사항목)분석에 관한 기술지원규정,exclusive,measurement_analysis,photo_unmatchable,8,WP-EM7-46,톨루엔[혈액] 표준용액 및 시약 조제,톨루엔[혈액] 표준용액 및 시약 조제,7.2.1,E-M-7-2026,present_in_base_ttl_same_guide
ci_unrelated_action_filter1,E-M-8-2026,생체시료 채취 및 관리에 관한 기술지원규정,exclusive,measurement_analysis,photo_unmatchable,1,WP-EM8-06,시료 종류 확인,시료 종류 확인,4.1,E-M-8-2026,present_in_base_ttl_same_guide
ci_unrelated_action_filter1,E-M-8-2026,생체시료 채취 및 관리에 관한 기술지원규정,exclusive,measurement_analysis,photo_unmatchable,2,WP-EM8-08,시료 채취 용기 준비 및 채취량 확보,시료 채취 용기 준비 및 채취량 확보,4.3,E-M-8-2026,present_in_base_ttl_same_guide
ci_unrelated_action_filter1,E-M-8-2026,생체시료 채취 및 관리에 관한 기술지원규정,exclusive,measurement_analysis,photo_unmatchable,3,WP-EM8-29,시료 보관,시료 보관,6,E-M-8-2026,present_in_base_ttl_same_guide
ci_unrelated_action_filter1,E-M-8-2026,생체시료 채취 및 관리에 관한 기술지원규정,exclusive,measurement_analysis,photo_unmatchable,4,WP-EM8-32,소변시료 폐기,소변시료 폐기,6,E-M-8-2026,present_in_base_ttl_same_guide
ci_unrelated_action_filter1,E-M-8-2026,생체시료 채취 및 관리에 관한 기술지원규정,exclusive,measurement_analysis,photo_unmatchable,5,WP-EM8-34,위탁 시료 보관 및 폐기,위탁 시료 보관 및 폐기,7,E-M-8-2026,present_in_base_ttl_same_guide
ci_unrelated_action_filter1,E-M-8-2026,생체시료 채취 및 관리에 관한 기술지원규정,exclusive,measurement_analysis,photo_unmatchable,6,WP-EM8-09,시료 채취 실시,시료 채취 실시,4.4,E-M-8-2026,present_in_base_ttl_same_guide
ci_unrelated_action_filter1,E-M-8-2026,생체시료 채취 및 관리에 관한 기술지원규정,exclusive,measurement_analysis,photo_unmatchable,7,WP-EM8-31,혈액시료 폐기,혈액시료 폐기,6,E-M-8-2026,present_in_base_ttl_same_guide
ci_unrelated_action_filter1,E-M-8-2026,생체시료 채취 및 관리에 관한 기술지원규정,exclusive,measurement_analysis,photo_unmatchable,8,WP-EM8-40,소변 시료 채취,소변 시료 채취,별지 제1호서식,E-M-8-2026,present_in_base_ttl_same_guide
ci_unrelated_action_filter1,E-T-2-2025,화학물질의 급성흡입독성시험(독성등급법) 기술지원규정,exclusive,test_protocol,photo_unmatchable,1,WP-ET2-01,시험계획서 작성 및 승인,시험계획서 작성 및 승인,5.2,E-T-2-2025,present_in_base_ttl_same_guide
ci_unrelated_action_filter1,E-T-8-2026,화학물질의 아급성(28일) 경구 및  흡입독성시험에 관한 기술지원규정,exclusive,test_protocol,photo_unmatchable,1,WP-ET8-22,흡입독성시험 시험동물 준비,흡입독성시험 시험동물 준비,5.2.1,E-T-8-2026,present_in_base_ttl_same_guide
ci_unrelated_action_filter1,F-2-2011,목재가공시설의 화재폭발 예방기준,domain_specific,field_control,photo_actionable,1,WP-F2-02,폭발압력 방산구 설치,폭발압력 방산구 설치,5,F-2-2011,present_in_base_ttl_same_guide
ci_unrelated_action_filter1,F-2-2011,목재가공시설의 화재폭발 예방기준,domain_specific,field_control,photo_actionable,2,WP-F2-07,분진폭발 위험설비 시공 및 관리,분진폭발 위험설비 시공 및 관리,9.2,F-2-2011,present_in_base_ttl_same_guide
ci_unrelated_action_filter1,F-2-2011,목재가공시설의 화재폭발 예방기준,domain_specific,field_control,photo_actionable,3,WP-F2-06,목분진 포집·이송설비 설치,목분진 포집·이송설비 설치,9.1,F-2-2011,present_in_base_ttl_same_guide
ci_unrelated_action_filter1,F-2-2011,목재가공시설의 화재폭발 예방기준,domain_specific,field_control,photo_actionable,4,WP-F2-01,건물 방화구조 설계 및 시공,건물 방화구조 설계 및 시공,4,F-2-2011,present_in_base_ttl_same_guide
ci_unrelated_action_filter1,F-2-2011,목재가공시설의 화재폭발 예방기준,domain_specific,field_control,photo_actionable,5,WP-F2-03,작업장 분진 관리,작업장 분진 관리,6,F-2-2011,present_in_base_ttl_same_guide
ci_unrelated_action_filter1,F-2-2011,목재가공시설의 화재폭발 예방기준,domain_specific,field_control,photo_actionable,6,WP-F2-04,점화원 관리,점화원 관리,7,F-2-2011,present_in_base_ttl_same_guide
ci_unrelated_action_filter1,F-2-2011,목재가공시설의 화재폭발 예방기준,domain_specific,field_control,photo_actionable,7,WP-F2-09,미세 목재분쇄 작업,미세 목재분쇄 작업,11,F-2-2011,present_in_base_ttl_same_guide
ci_unrelated_action_filter1,F-2-2011,목재가공시설의 화재폭발 예방기준,domain_specific,field_control,photo_actionable,8,WP-F2-10,합판공장 설비 관리,합판공장 설비 관리,12,F-2-2011,present_in_base_ttl_same_guide
ci_unrelated_action_filter1,F-3-2014,경질폴리우레탄폼 취급시 화재예방에 관한 기술지침,exclusive,field_control,photo_actionable,1,WP-F3-04,발포작업 후,발포작업 후,5.4,F-3-2014,present_in_base_ttl_same_guide
ci_unrelated_action_filter1,F-3-2014,경질폴리우레탄폼 취급시 화재예방에 관한 기술지침,exclusive,field_control,photo_actionable,2,WP-F3-05,우레탄 원액 여분처리,우레탄 원액 여분처리,5.5,F-3-2014,present_in_base_ttl_same_guide
ci_unrelated_action_filter1,F-3-2014,경질폴리우레탄폼 취급시 화재예방에 관한 기술지침,exclusive,field_control,photo_actionable,3,WP-F3-03,발포작업 중,발포작업 중,5.3,F-3-2014,present_in_base_ttl_same_guide
ci_unrelated_action_filter1,G-1-2023,소용량 탱크 및 드럼의 화기작업에 관한 안전지침,domain_specific,field_control,photo_actionable,1,WP-G1-01,위험성평가,위험성평가,4.2,G-1-2023,present_in_base_ttl_same_guide
ci_unrelated_action_filter1,G-1-2023,소용량 탱크 및 드럼의 화기작업에 관한 안전지침,domain_specific,field_control,photo_actionable,2,WP-G1-02,화기작업 허가,화기작업 허가,5.1,G-1-2023,present_in_base_ttl_same_guide
ci_unrelated_action_filter1,G-1-2023,소용량 탱크 및 드럼의 화기작업에 관한 안전지침,domain_specific,field_control,photo_actionable,3,WP-G1-07,검사,검사,6.5,G-1-2023,present_in_base_ttl_same_guide
ci_unrelated_action_filter1,G-1-2023,소용량 탱크 및 드럼의 화기작업에 관한 안전지침,domain_specific,field_control,photo_actionable,4,WP-G1-08,불활성화,불활성화,6.6,G-1-2023,present_in_base_ttl_same_guide
ci_unrelated_action_filter1,G-10-2023,작업장 내 운반차량의 운행에 관한 안전지침,domain_specific,field_control,photo_actionable,1,WP-G10-04,차량 연결(Coupling),차량 연결(Coupling),7.7,G-10-2023,present_in_base_ttl_same_guide
ci_unrelated_action_filter1,G-10-2023,작업장 내 운반차량의 운행에 관한 안전지침,domain_specific,field_control,photo_actionable,2,WP-G10-01,위험요소 확인 및 공지,위험요소 확인 및 공지,5.2,G-10-2023,present_in_base_ttl_same_guide
ci_unrelated_action_filter1,G-10-2023,작업장 내 운반차량의 운행에 관한 안전지침,domain_specific,field_control,photo_actionable,3,WP-G10-02,차량 후진 작업,차량 후진 작업,7.4,G-10-2023,present_in_base_ttl_same_guide
ci_unrelated_action_filter1,G-10-2023,작업장 내 운반차량의 운행에 관한 안전지침,domain_specific,field_control,photo_actionable,4,WP-G10-03,주차,주차,7.6,G-10-2023,present_in_base_ttl_same_guide
ci_unrelated_action_filter1,G-10-2023,작업장 내 운반차량의 운행에 관한 안전지침,domain_specific,field_control,photo_actionable,5,WP-G10-05,차량 해제(Uncoupling),차량 해제(Uncoupling),7.7,G-10-2023,present_in_base_ttl_same_guide
ci_unrelated_action_filter1,G-100-2013,지게차 운전자의 안전교육훈련에 관한 기술지침,domain_specific,field_control,photo_actionable,1,WP-G100-05,전환 교육훈련,전환 교육훈련,7.2,G-100-2013,present_in_base_ttl_same_guide
ci_unrelated_action_filter1,G-100-2013,지게차 운전자의 안전교육훈련에 관한 기술지침,domain_specific,field_control,photo_actionable,2,WP-G100-01,기본 안전교육훈련,기본 안전교육훈련,7.1,G-100-2013,present_in_base_ttl_same_guide
ci_unrelated_action_filter1,G-100-2013,지게차 운전자의 안전교육훈련에 관한 기술지침,domain_specific,field_control,photo_actionable,3,WP-G100-02,특정 안전교육훈련,특정 안전교육훈련,7.1,G-100-2013,present_in_base_ttl_same_guide
ci_unrelated_action_filter1,G-100-2013,지게차 운전자의 안전교육훈련에 관한 기술지침,domain_specific,field_control,photo_actionable,4,WP-G100-03,숙달 안전교육훈련,숙달 안전교육훈련,7.1,G-100-2013,present_in_base_ttl_same_guide
ci_unrelated_action_filter1,G-100-2013,지게차 운전자의 안전교육훈련에 관한 기술지침,domain_specific,field_control,photo_actionable,5,WP-G100-04,재교육훈련,재교육훈련,7.2,G-100-2013,present_in_base_ttl_same_guide
ci_unrelated_action_filter1,G-100-2013,지게차 운전자의 안전교육훈련에 관한 기술지침,domain_specific,field_control,photo_actionable,6,WP-G100-06,모니터링과 평가,모니터링과 평가,9,G-100-2013,present_in_base_ttl_same_guide
ci_unrelated_action_filter1,G-101-2013,운송용 차량에서의 작업 시 떨어짐 사고를 방지하기 위한 기술지침,domain_specific,field_control,photo_actionable,1,WP-G101-02,차량 승·하차,차량 승·하차,7.1,G-101-2013,present_in_base_ttl_same_guide
ci_unrelated_action_filter1,G-101-2013,운송용 차량에서의 작업 시 떨어짐 사고를 방지하기 위한 기술지침,domain_specific,field_control,photo_actionable,2,WP-G101-03,적재칸 바닥관리,적재칸 바닥관리,7.2,G-101-2013,present_in_base_ttl_same_guide
ci_unrelated_action_filter1,G-101-2013,운송용 차량에서의 작업 시 떨어짐 사고를 방지하기 위한 기술지침,domain_specific,field_control,photo_actionable,3,WP-G101-04,차량 안전관리 점검,차량 안전관리 점검,7.3,G-101-2013,present_in_base_ttl_same_guide
ci_unrelated_action_filter1,G-101-2013,운송용 차량에서의 작업 시 떨어짐 사고를 방지하기 위한 기술지침,domain_specific,field_control,photo_actionable,4,WP-G101-05,테일 리프트 작업,테일 리프트 작업,7.4.(1),G-101-2013,present_in_base_ttl_same_guide
ci_unrelated_action_filter1,G-102-2013,농장의 안전경영에 관한 기술지침,domain_specific,field_control,photo_actionable,1,WP-G102-01,관리체계 1단계 – 계획,관리체계 1단계 – 계획,5.1,G-102-2013,present_in_base_ttl_same_guide
ci_unrelated_action_filter1,G-102-2013,농장의 안전경영에 관한 기술지침,domain_specific,field_control,photo_actionable,2,WP-G102-05,위험성 평가 1단계 – 위험요소 확인,위험성 평가 1단계 – 위험요소 확인,6.1,G-102-2013,present_in_base_ttl_same_guide
ci_unrelated_action_filter1,G-102-2013,농장의 안전경영에 관한 기술지침,domain_specific,field_control,photo_actionable,3,WP-G102-06,위험성 평가 2단계 – 상해사고 대상 및 유형 파악,위험성 평가 2단계 – 상해사고 대상 및 유형 파악,6.2,G-102-2013,present_in_base_ttl_same_guide
ci_unrelated_action_filter1,G-102-2013,농장의 안전경영에 관한 기술지침,domain_specific,field_control,photo_actionable,4,WP-G102-07,위험성 평가 3단계 – 위험성 평가 및 예방책 결정,위험성 평가 3단계 – 위험성 평가 및 예방책 결정,6.3,G-102-2013,present_in_base_ttl_same_guide
ci_unrelated_action_filter1,G-102-2013,농장의 안전경영에 관한 기술지침,domain_specific,field_control,photo_actionable,5,WP-G102-08,위험성 평가 4단계 – 결과 적용,위험성 평가 4단계 – 결과 적용,6.4,G-102-2013,present_in_base_ttl_same_guide
ci_unrelated_action_filter1,G-102-2013,농장의 안전경영에 관한 기술지침,domain_specific,field_control,photo_actionable,6,WP-G102-09,위험성 평가 5단계 – 관리실행 여부 검사 및 재검토,위험성 평가 5단계 – 관리실행 여부 검사 및 재검토,6.5,G-102-2013,present_in_base_ttl_same_guide
ci_unrelated_action_filter1,G-102-2013,농장의 안전경영에 관한 기술지침,domain_specific,field_control,photo_actionable,7,WP-G102-10,응급조치 실행,응급조치 실행,9.1,G-102-2013,present_in_base_ttl_same_guide
ci_unrelated_action_filter1,G-106-2013,실리카 분진이 발생되는 작업 시의 안전보건에 관한 기술지침,exclusive,field_control,photo_actionable,1,WP-G106-01,작업장 분진 관리,작업장 분진 관리,5.1,G-106-2013,present_in_base_ttl_same_guide
ci_unrelated_action_filter1,G-106-2013,실리카 분진이 발생되는 작업 시의 안전보건에 관한 기술지침,exclusive,field_control,photo_actionable,2,WP-G106-03,작업 유형별 실리카 분진 저감,작업 유형별 실리카 분진 저감,6,G-106-2013,present_in_base_ttl_same_guide
ci_unrelated_action_filter1,G-106-2013,실리카 분진이 발생되는 작업 시의 안전보건에 관한 기술지침,exclusive,field_control,photo_actionable,3,WP-G106-02,작업 외 사항 관리 (비작업자 보호),작업 외 사항 관리 (비작업자 보호),5.2,G-106-2013,present_in_base_ttl_same_guide
ci_unrelated_action_filter1,G-106-2013,실리카 분진이 발생되는 작업 시의 안전보건에 관한 기술지침,exclusive,field_control,photo_actionable,4,WP-G106-04,호흡용 보호구 유지관리,호흡용 보호구 유지관리,7,G-106-2013,present_in_base_ttl_same_guide
ci_unrelated_action_filter1,G-106-2013,실리카 분진이 발생되는 작업 시의 안전보건에 관한 기술지침,exclusive,field_control,photo_actionable,5,WP-G106-05,건강보호조치 실행,건강보호조치 실행,10,G-106-2013,present_in_base_ttl_same_guide
ci_unrelated_action_filter1,G-108-2014,경운기 사용 시 안전에 관한 기술지침,domain_specific,field_control,photo_actionable,1,WP-G108-10,경운기 보관,경운기 보관,10.2,G-108-2014,present_in_base_ttl_same_guide
ci_unrelated_action_filter1,G-108-2014,경운기 사용 시 안전에 관한 기술지침,domain_specific,field_control,photo_actionable,2,WP-G108-01,작업 시작 전 점검 및 준비,작업 시작 전 점검 및 준비,4,G-108-2014,present_in_base_ttl_same_guide
ci_unrelated_action_filter1,G-108-2014,경운기 사용 시 안전에 관한 기술지침,domain_specific,field_control,photo_actionable,3,WP-G108-04,연료 보급,연료 보급,5.3,G-108-2014,present_in_base_ttl_same_guide
ci_unrelated_action_filter1,G-108-2014,경운기 사용 시 안전에 관한 기술지침,domain_specific,field_control,photo_actionable,4,WP-G108-06,트레일러 운행,트레일러 운행,7,G-108-2014,present_in_base_ttl_same_guide
ci_unrelated_action_filter1,G-108-2014,경운기 사용 시 안전에 관한 기술지침,domain_specific,field_control,photo_actionable,5,WP-G108-07,경운 작업,경운 작업,8,G-108-2014,present_in_base_ttl_same_guide
ci_unrelated_action_filter1,G-108-2014,경운기 사용 시 안전에 관한 기술지침,domain_specific,field_control,photo_actionable,6,WP-G108-08,주변 안전 확보,주변 안전 확보,9,G-108-2014,present_in_base_ttl_same_guide
ci_unrelated_action_filter1,G-11-2017,넘어짐 방지를 위한 위험관리 기술지침,domain_specific,field_control,photo_actionable,1,WP-G11-01,위험요소 파악,위험요소 파악,4.1,G-11-2017,present_in_base_ttl_same_guide
ci_unrelated_action_filter1,G-11-2017,넘어짐 방지를 위한 위험관리 기술지침,domain_specific,field_control,photo_actionable,2,WP-G11-02,위험 노출 대상 판단,위험 노출 대상 판단,4.1,G-11-2017,present_in_base_ttl_same_guide
ci_unrelated_action_filter1,G-110-2014,폐지 선별 및 압축 시 안전에 관한 기술지침,domain_specific,field_control,photo_actionable,1,WP-G110-04,호퍼(Hoppers) 작업,호퍼(Hoppers) 작업,5.6,G-110-2014,present_in_base_ttl_same_guide
ci_unrelated_action_filter1,G-110-2014,폐지 선별 및 압축 시 안전에 관한 기술지침,domain_specific,field_control,photo_actionable,2,WP-G110-01,폐지 선별작업,폐지 선별작업,4,G-110-2014,present_in_base_ttl_same_guide
ci_unrelated_action_filter1,G-110-2014,폐지 선별 및 압축 시 안전에 관한 기술지침,domain_specific,field_control,photo_actionable,3,WP-G110-02,압착기(Balers) 작업,압착기(Balers) 작업,5,G-110-2014,present_in_base_ttl_same_guide
ci_unrelated_action_filter1,G-110-2014,폐지 선별 및 압축 시 안전에 관한 기술지침,domain_specific,field_control,photo_actionable,4,WP-G110-03,컨베이어 작업,컨베이어 작업,5.5,G-110-2014,present_in_base_ttl_same_guide
ci_unrelated_action_filter1,G-110-2014,폐지 선별 및 압축 시 안전에 관한 기술지침,domain_specific,field_control,photo_actionable,5,WP-G110-05,분배기 작업,분배기 작업,5.7,G-110-2014,present_in_base_ttl_same_guide
ci_unrelated_action_filter1,G-110-2014,폐지 선별 및 압축 시 안전에 관한 기술지침,domain_specific,field_control,photo_actionable,6,WP-G110-08,막힘 제거 작업,막힘 제거 작업,5.10,G-110-2014,present_in_base_ttl_same_guide
ci_unrelated_action_filter1,G-111-2014,농업용 기계작업 시 전신진동의 위험성 저감에 관한 안전기술지침,exclusive,field_control,photo_actionable,1,WP-G111-02,농로 관리,농로 관리,6.2,G-111-2014,present_in_base_ttl_same_guide
ci_unrelated_action_filter1,G-111-2014,농업용 기계작업 시 전신진동의 위험성 저감에 관한 안전기술지침,exclusive,field_control,photo_actionable,2,WP-G111-03,적합한 농업용 기계 선택,적합한 농업용 기계 선택,6.3.1,G-111-2014,present_in_base_ttl_same_guide
ci_unrelated_action_filter1,G-111-2014,농업용 기계작업 시 전신진동의 위험성 저감에 관한 안전기술지침,exclusive,field_control,photo_actionable,3,WP-G111-04,농업용 기계 좌석 관리,농업용 기계 좌석 관리,6.3.2,G-111-2014,present_in_base_ttl_same_guide
ci_unrelated_action_filter1,G-111-2014,농업용 기계작업 시 전신진동의 위험성 저감에 관한 안전기술지침,exclusive,field_control,photo_actionable,4,WP-G111-05,농업용 기계 운전 시 관리,농업용 기계 운전 시 관리,6.3.3,G-111-2014,present_in_base_ttl_same_guide
ci_unrelated_action_filter1,G-111-2014,농업용 기계작업 시 전신진동의 위험성 저감에 관한 안전기술지침,exclusive,field_control,photo_actionable,5,WP-G111-06,작업자 교육,작업자 교육,7.1,G-111-2014,present_in_base_ttl_same_guide
ci_unrelated_action_filter1,G-111-2014,농업용 기계작업 시 전신진동의 위험성 저감에 관한 안전기술지침,exclusive,field_control,photo_actionable,6,WP-G111-01,전신진동 위험성 평가 및 분류,전신진동 위험성 평가 및 분류,5,G-111-2014,present_in_base_ttl_same_guide
ci_unrelated_action_filter1,G-111-2014,농업용 기계작업 시 전신진동의 위험성 저감에 관한 안전기술지침,exclusive,field_control,photo_actionable,7,WP-G111-07,감독 및 관리,감독 및 관리,7.2,G-111-2014,present_in_base_ttl_same_guide
ci_unrelated_action_filter1,G-112-2014,수목 등주 작업 시 안전에 관한 기술지침,domain_specific,field_control,photo_actionable,1,WP-G112-02,사다리를 사용한 수목 작업,사다리를 사용한 수목 작업,5.2,G-112-2014,present_in_base_ttl_same_guide
ci_unrelated_action_filter1,G-112-2014,수목 등주 작업 시 안전에 관한 기술지침,domain_specific,field_control,photo_actionable,2,WP-G112-03,고소작업차를 사용한 작업,고소작업차를 사용한 작업,5.3,G-112-2014,present_in_base_ttl_same_guide
ci_unrelated_action_filter1,G-112-2014,수목 등주 작업 시 안전에 관한 기술지침,domain_specific,field_control,photo_actionable,3,WP-G112-05,등목벌채 작업,등목벌채 작업,5.5,G-112-2014,present_in_base_ttl_same_guide
ci_unrelated_action_filter1,G-112-2014,수목 등주 작업 시 안전에 관한 기술지침,domain_specific,field_control,photo_actionable,4,WP-G112-06,지상 지원 작업,지상 지원 작업,6,G-112-2014,present_in_base_ttl_same_guide
ci_unrelated_action_filter1,G-116-2014,도크 내 선박건조작업 시 안전보건에 관한 기술지침,exclusive,field_control,photo_actionable,1,WP-G116-04,선박 진입 및 고소작업,선박 진입 및 고소작업,6,G-116-2014,present_in_base_ttl_same_guide
ci_unrelated_action_filter1,G-116-2014,도크 내 선박건조작업 시 안전보건에 관한 기술지침,exclusive,field_control,photo_actionable,2,WP-G116-05,도크 모서리부분 안전 확보,도크 모서리부분 안전 확보,6.3,G-116-2014,present_in_base_ttl_same_guide
ci_unrelated_action_filter1,G-117-2014,선박내부에서 도장작업 시 안전에 관한 기술 지침,exclusive,field_control,photo_actionable,1,WP-G117-06,밀폐공간 스프레이 도장 작업,밀폐공간 스프레이 도장 작업,7,G-117-2014,present_in_base_ttl_same_guide
ci_unrelated_action_filter1,G-117-2014,선박내부에서 도장작업 시 안전에 관한 기술 지침,exclusive,field_control,photo_actionable,2,WP-G117-02,스프레이 부스 구획관리 및 격리,스프레이 부스 구획관리 및 격리,6.2,G-117-2014,present_in_base_ttl_same_guide
ci_unrelated_action_filter1,G-117-2014,선박내부에서 도장작업 시 안전에 관한 기술 지침,exclusive,field_control,photo_actionable,3,WP-G117-04,환기설비 설치 및 운용,환기설비 설치 및 운용,6.3.2,G-117-2014,present_in_base_ttl_same_guide
ci_unrelated_action_filter1,G-117-2014,선박내부에서 도장작업 시 안전에 관한 기술 지침,exclusive,field_control,photo_actionable,4,WP-G117-05,점화원 관리,점화원 관리,6.4,G-117-2014,present_in_base_ttl_same_guide
ci_unrelated_action_filter1,G-117-2014,선박내부에서 도장작업 시 안전에 관한 기술 지침,exclusive,field_control,photo_actionable,5,WP-G117-07,인화점 27℃ 이상 물질 도장작업,인화점 27℃ 이상 물질 도장작업,8.1,G-117-2014,present_in_base_ttl_same_guide
ci_unrelated_action_filter1,G-117-2014,선박내부에서 도장작업 시 안전에 관한 기술 지침,exclusive,field_control,photo_actionable,6,WP-G117-08,인화점 27℃ 미만 물질 도장작업,인화점 27℃ 미만 물질 도장작업,8.2,G-117-2014,present_in_base_ttl_same_guide
ci_unrelated_action_filter1,G-121-2015,조도계 사용에 관한 기술지침,domain_specific,measurement_analysis,photo_unmatchable,1,WP-G121-05,평균조도 산출 및 결과 기록,평균조도 산출 및 결과 기록,7,G-121-2015,present_in_base_ttl_same_guide
ci_unrelated_action_filter1,G-121-2015,조도계 사용에 관한 기술지침,domain_specific,measurement_analysis,photo_unmatchable,2,WP-G121-01,측정 전 준비 및 확인,측정 전 준비 및 확인,6,G-121-2015,present_in_base_ttl_same_guide
ci_unrelated_action_filter1,G-121-2015,조도계 사용에 관한 기술지침,domain_specific,measurement_analysis,photo_unmatchable,3,WP-G121-04,조도 측정 실시,조도 측정 실시,7,G-121-2015,present_in_base_ttl_same_guide
ci_unrelated_action_filter1,G-121-2015,조도계 사용에 관한 기술지침,domain_specific,measurement_analysis,photo_unmatchable,4,WP-G121-03,측정점 결정,측정점 결정,7,G-121-2015,present_in_base_ttl_same_guide
ci_unrelated_action_filter1,G-125-2017,사업장 지진대비 비상대응 및 조치에 관한 지침,domain_specific,field_control,photo_actionable,1,WP-G125-05,대피장소 지정 및 피난경로 점검,대피장소 지정 및 피난경로 점검,4.6,G-125-2017,present_in_base_ttl_same_guide
ci_unrelated_action_filter1,G-125-2017,사업장 지진대비 비상대응 및 조치에 관한 지침,domain_specific,field_control,photo_actionable,2,WP-G125-01,비상대응 조직 구성 및 비상연락망 작성,비상대응 조직 구성 및 비상연락망 작성,4.4,G-125-2017,present_in_base_ttl_same_guide
ci_unrelated_action_filter1,G-125-2017,사업장 지진대비 비상대응 및 조치에 관한 지침,domain_specific,field_control,photo_actionable,3,WP-G125-02,건축물·설비 점검 및 내진 보강,건축물·설비 점검 및 내진 보강,4.5.2,G-125-2017,present_in_base_ttl_same_guide
ci_unrelated_action_filter1,G-125-2017,사업장 지진대비 비상대응 및 조치에 관한 지침,domain_specific,field_control,photo_actionable,4,WP-G125-03,위험물 저장·취급 설비 점검 및 보강,위험물 저장·취급 설비 점검 및 보강,4.5.3,G-125-2017,present_in_base_ttl_same_guide
ci_unrelated_action_filter1,G-125-2017,사업장 지진대비 비상대응 및 조치에 관한 지침,domain_specific,field_control,photo_actionable,5,WP-G125-07,교육 및 훈련,교육 및 훈련,4.8,G-125-2017,present_in_base_ttl_same_guide
ci_unrelated_action_filter1,G-125-2017,사업장 지진대비 비상대응 및 조치에 관한 지침,domain_specific,field_control,photo_actionable,6,WP-G125-08,지진 발생 시 즉시 행동,지진 발생 시 즉시 행동,5.1,G-125-2017,present_in_base_ttl_same_guide
ci_unrelated_action_filter1,G-125-2017,사업장 지진대비 비상대응 및 조치에 관한 지침,domain_specific,field_control,photo_actionable,7,WP-G125-09,상황 전파 및 정보 수집,상황 전파 및 정보 수집,5.2,G-125-2017,present_in_base_ttl_same_guide
ci_unrelated_action_filter1,G-125-2017,사업장 지진대비 비상대응 및 조치에 관한 지침,domain_specific,field_control,photo_actionable,8,WP-G125-11,비상대응 및 공장 가동정지,비상대응 및 공장 가동정지,5.4,G-125-2017,present_in_base_ttl_same_guide
ci_unrelated_action_filter1,G-126-2018,화약공장 안전에 관한 기술지침,exclusive,field_control,photo_actionable,1,WP-G126-01,분체상 화약류 운반,분체상 화약류 운반,4.1.1,G-126-2018,present_in_base_ttl_same_guide
ci_unrelated_action_filter1,G-126-2018,화약공장 안전에 관한 기술지침,exclusive,field_control,photo_actionable,2,WP-G126-02,화약류 건조,화약류 건조,4.1.2,G-126-2018,present_in_base_ttl_same_guide
ci_unrelated_action_filter1,G-126-2018,화약공장 안전에 관한 기술지침,exclusive,field_control,photo_actionable,3,WP-G126-03,사분(체질),사분(체질),4.1.3,G-126-2018,present_in_base_ttl_same_guide
ci_unrelated_action_filter1,G-126-2018,화약공장 안전에 관한 기술지침,exclusive,field_control,photo_actionable,4,WP-G126-05,충전작업,충전작업,4.2,G-126-2018,present_in_base_ttl_same_guide
ci_unrelated_action_filter1,G-126-2018,화약공장 안전에 관한 기술지침,exclusive,field_control,photo_actionable,5,WP-G126-09,폐약처리,폐약처리,4.6,G-126-2018,present_in_base_ttl_same_guide
ci_unrelated_action_filter1,G-126-2018,화약공장 안전에 관한 기술지침,exclusive,field_control,photo_actionable,6,WP-G126-14,피뢰침 및 가공지선 설치,피뢰침 및 가공지선 설치,5.3.1,G-126-2018,present_in_base_ttl_same_guide
ci_unrelated_action_filter1,G-126-2018,화약공장 안전에 관한 기술지침,exclusive,field_control,photo_actionable,7,WP-G126-15,인하 도선 설치,인하 도선 설치,5.3.2,G-126-2018,present_in_base_ttl_same_guide
ci_unrelated_action_filter1,G-126-2018,화약공장 안전에 관한 기술지침,exclusive,field_control,photo_actionable,8,WP-G126-17,접지전극 매설,접지전극 매설,5.3.4,G-126-2018,present_in_base_ttl_same_guide
ci_unrelated_action_filter1,G-131-2020,생활폐기물 수거 및 처리작업의 안전보건에 관한 기술지침,domain_specific,field_control,photo_actionable,1,WP-G131-05,생활폐기물 분류·분리 처리,생활폐기물 분류·분리 처리,5.2,G-131-2020,present_in_base_ttl_same_guide
ci_unrelated_action_filter1,G-131-2020,생활폐기물 수거 및 처리작업의 안전보건에 관한 기술지침,domain_specific,field_control,photo_actionable,2,WP-G131-01,생활폐기물 수거작업 사전 점검,생활폐기물 수거작업 사전 점검,4,G-131-2020,present_in_base_ttl_same_guide
ci_unrelated_action_filter1,G-131-2020,생활폐기물 수거 및 처리작업의 안전보건에 관한 기술지침,domain_specific,field_control,photo_actionable,3,WP-G131-02,도로변 생활폐기물 수거,도로변 생활폐기물 수거,4.1,G-131-2020,present_in_base_ttl_same_guide
ci_unrelated_action_filter1,G-131-2020,생활폐기물 수거 및 처리작업의 안전보건에 관한 기술지침,domain_specific,field_control,photo_actionable,4,WP-G131-03,수거차량 적재 및 운반,수거차량 적재 및 운반,4.4,G-131-2020,present_in_base_ttl_same_guide
ci_unrelated_action_filter1,G-131-2020,생활폐기물 수거 및 처리작업의 안전보건에 관한 기술지침,domain_specific,field_control,photo_actionable,5,WP-G131-06,파쇄물 이송 및 컨베이어 작업,파쇄물 이송 및 컨베이어 작업,5.3,G-131-2020,present_in_base_ttl_same_guide
ci_unrelated_action_filter1,G-131-2020,생활폐기물 수거 및 처리작업의 안전보건에 관한 기술지침,domain_specific,field_control,photo_actionable,6,WP-G131-07,차량계 중장비(집게차·로더) 작업,차량계 중장비(집게차·로더) 작업,5.1,G-131-2020,present_in_base_ttl_same_guide
ci_unrelated_action_filter1,G-131-2020,생활폐기물 수거 및 처리작업의 안전보건에 관한 기술지침,domain_specific,field_control,photo_actionable,7,WP-G131-09,압축기 정비·청소,압축기 정비·청소,5.4,G-131-2020,present_in_base_ttl_same_guide
ci_unrelated_action_filter1,G-133-2020,와이어로프 슬링 사용·점검 등에 관한 기술지침,exclusive,field_control,photo_actionable,1,WP-G133-03,줄걸이 작업(매달기),줄걸이 작업(매달기),7,G-133-2020,present_in_base_ttl_same_guide
ci_unrelated_action_filter1,G-133-2020,와이어로프 슬링 사용·점검 등에 관한 기술지침,exclusive,field_control,photo_actionable,2,WP-G133-01,와이어로프 슬링 선정,와이어로프 슬링 선정,7,G-133-2020,present_in_base_ttl_same_guide
ci_unrelated_action_filter1,G-133-2020,와이어로프 슬링 사용·점검 등에 관한 기술지침,exclusive,field_control,photo_actionable,3,WP-G133-41,와이어로프 슬링 일상점검 (사용 전 점검),와이어로프 슬링 일상점검 (사용 전 점검),부록 11,G-133-2020,present_in_base_ttl_same_guide
ci_unrelated_action_filter1,G-133-2020,와이어로프 슬링 사용·점검 등에 관한 기술지침,exclusive,field_control,photo_actionable,4,WP-G133-42,와이어로프 슬링 정기점검 (원칙적으로 1개월마다),와이어로프 슬링 정기점검 (원칙적으로 1개월마다),부록 11,G-133-2020,present_in_base_ttl_same_guide
ci_unrelated_action_filter1,G-133-2020,와이어로프 슬링 사용·점검 등에 관한 기술지침,exclusive,field_control,photo_actionable,5,WP-G133-02,사용 전 일상점검,사용 전 일상점검,7,G-133-2020,present_in_base_ttl_same_guide
ci_unrelated_action_filter1,G-134-2023,체인 슬링 사용·점검 등에 관한 기술지침,domain_specific,field_control,photo_actionable,1,WP-G134-31,체인 슬링 일상점검 (사용 전 점검),체인 슬링 일상점검 (사용 전 점검),부록5,G-134-2023,present_in_base_ttl_same_guide
ci_unrelated_action_filter1,G-134-2023,체인 슬링 사용·점검 등에 관한 기술지침,domain_specific,field_control,photo_actionable,2,WP-G134-32,체인 슬링 정기점검 (원칙적으로 1개월마다),체인 슬링 정기점검 (원칙적으로 1개월마다),부록5,G-134-2023,present_in_base_ttl_same_guide
ci_unrelated_action_filter1,G-134-2023,체인 슬링 사용·점검 등에 관한 기술지침,domain_specific,field_control,photo_actionable,3,WP-G134-04,체인 슬링 정기 점검,체인 슬링 정기 점검,7,G-134-2023,present_in_base_ttl_same_guide
ci_unrelated_action_filter1,G-134-2023,체인 슬링 사용·점검 등에 관한 기술지침,domain_specific,field_control,photo_actionable,4,WP-G134-01,체인 슬링 사용 전 점검 (일상점검),체인 슬링 사용 전 점검 (일상점검),7,G-134-2023,present_in_base_ttl_same_guide
ci_unrelated_action_filter1,G-134-2023,체인 슬링 사용·점검 등에 관한 기술지침,domain_specific,field_control,photo_actionable,5,WP-G134-02,줄걸이 작업 준비,줄걸이 작업 준비,7,G-134-2023,present_in_base_ttl_same_guide
ci_unrelated_action_filter1,G-134-2023,체인 슬링 사용·점검 등에 관한 기술지침,domain_specific,field_control,photo_actionable,6,WP-G134-03,화물 인양 및 하역 작업,화물 인양 및 하역 작업,7,G-134-2023,present_in_base_ttl_same_guide
ci_unrelated_action_filter1,G-134-2023,체인 슬링 사용·점검 등에 관한 기술지침,domain_specific,field_control,photo_actionable,7,WP-G134-05,체인 슬링 보관,체인 슬링 보관,7,G-134-2023,present_in_base_ttl_same_guide
ci_unrelated_action_filter1,G-135-2021,스마트팩토리 안전시스템 평가에 관한 기술지침,domain_specific,field_control,photo_actionable,1,WP-G135-01,안전성평가 실시규정 작성,안전성평가 실시규정 작성,6.1,G-135-2021,present_in_base_ttl_same_guide
ci_unrelated_action_filter1,G-135-2021,스마트팩토리 안전시스템 평가에 관한 기술지침,domain_specific,field_control,photo_actionable,2,WP-G135-02,안전성평가에 관한 교육 실시,안전성평가에 관한 교육 실시,6.2,G-135-2021,present_in_base_ttl_same_guide
ci_unrelated_action_filter1,G-135-2021,스마트팩토리 안전시스템 평가에 관한 기술지침,domain_specific,field_control,photo_actionable,3,WP-G135-03,평가대상 선정,평가대상 선정,6.3,G-135-2021,present_in_base_ttl_same_guide
ci_unrelated_action_filter1,G-135-2021,스마트팩토리 안전시스템 평가에 관한 기술지침,domain_specific,field_control,photo_actionable,4,WP-G135-04,평가대상 작업별 분류,평가대상 작업별 분류,6.4,G-135-2021,present_in_base_ttl_same_guide
ci_unrelated_action_filter1,G-135-2021,스마트팩토리 안전시스템 평가에 관한 기술지침,domain_specific,field_control,photo_actionable,5,WP-G135-05,안전보건정보 사전 조사,안전보건정보 사전 조사,6.5,G-135-2021,present_in_base_ttl_same_guide
ci_unrelated_action_filter1,G-135-2021,스마트팩토리 안전시스템 평가에 관한 기술지침,domain_specific,field_control,photo_actionable,6,WP-G135-13,안전제어시스템 설계검토,안전제어시스템 설계검토,부록 1,G-135-2021,present_in_base_ttl_same_guide
ci_unrelated_action_filter1,G-135-2021,스마트팩토리 안전시스템 평가에 관한 기술지침,domain_specific,field_control,photo_actionable,7,WP-G135-20,현장 안전제어시스템 확인,현장 안전제어시스템 확인,부록 1,G-135-2021,present_in_base_ttl_same_guide
ci_unrelated_action_filter1,G-135-2021,스마트팩토리 안전시스템 평가에 관한 기술지침,domain_specific,field_control,photo_actionable,8,WP-G135-29,안전 스위치 시스템 점검,안전 스위치 시스템 점검,부록 2-2,G-135-2021,present_in_base_ttl_same_guide
ci_unrelated_action_filter1,G-14-2011,기계적 진동과 충격의 임상실험에 대한 안전가이드,exclusive,field_control,photo_actionable,1,WP-G14-01,실험대상자 선발 및 사전 동의,실험대상자 선발 및 사전 동의,7,G-14-2011,present_in_base_ttl_same_guide
ci_unrelated_action_filter1,G-14-2011,기계적 진동과 충격의 임상실험에 대한 안전가이드,exclusive,field_control,photo_actionable,2,WP-G14-04,실험 기록 및 문서화,실험 기록 및 문서화,6.3,G-14-2011,present_in_base_ttl_same_guide
ci_unrelated_action_filter1,G-14-2011,기계적 진동과 충격의 임상실험에 대한 안전가이드,exclusive,field_control,photo_actionable,3,WP-G14-03,실험 수행 및 모니터링,실험 수행 및 모니터링,6.1,G-14-2011,present_in_base_ttl_same_guide
ci_unrelated_action_filter1,G-14-2011,기계적 진동과 충격의 임상실험에 대한 안전가이드,exclusive,field_control,photo_actionable,4,WP-G14-02,실험 준비 및 장비 사전 점검,실험 준비 및 장비 사전 점검,6.2,G-14-2011,present_in_base_ttl_same_guide
ci_unrelated_action_filter1,G-17-2017,압축공기의 안전한 사용에 관한 기술지침,domain_specific,field_control,photo_actionable,1,WP-G17-01,압축기 설치,압축기 설치,4.3.1,G-17-2017,present_in_base_ttl_same_guide
ci_unrelated_action_filter1,G-17-2017,압축공기의 안전한 사용에 관한 기술지침,domain_specific,field_control,photo_actionable,2,WP-G17-02,공기저장탱크(리시버) 설치,공기저장탱크(리시버) 설치,4.3.2,G-17-2017,present_in_base_ttl_same_guide
ci_unrelated_action_filter1,G-17-2017,압축공기의 안전한 사용에 관한 기술지침,domain_specific,field_control,photo_actionable,3,WP-G17-04,공기 건조기 설치 및 운전,공기 건조기 설치 및 운전,4.3.4,G-17-2017,present_in_base_ttl_same_guide
ci_unrelated_action_filter1,G-17-2017,압축공기의 안전한 사용에 관한 기술지침,domain_specific,field_control,photo_actionable,4,WP-G17-07,일상적 검사 및 정기 검사,일상적 검사 및 정기 검사,4.4.2,G-17-2017,present_in_base_ttl_same_guide
ci_unrelated_action_filter1,G-17-2017,압축공기의 안전한 사용에 관한 기술지침,domain_specific,field_control,photo_actionable,5,WP-G17-03,냉각기 설치 및 운전,냉각기 설치 및 운전,4.3.3,G-17-2017,present_in_base_ttl_same_guide
ci_unrelated_action_filter1,G-17-2017,압축공기의 안전한 사용에 관한 기술지침,domain_specific,field_control,photo_actionable,6,WP-G17-06,호스 및 공압장치 사용,호스 및 공압장치 사용,4.3.6,G-17-2017,present_in_base_ttl_same_guide
ci_unrelated_action_filter1,G-20-2011,철강 및 금속 자재의 보관취급에 관한 안전가이드,domain_specific,field_control,photo_actionable,1,WP-G20-07,보관시스템 검사 및 유지보수,보관시스템 검사 및 유지보수,7.1,G-20-2011,present_in_base_ttl_same_guide
ci_unrelated_action_filter1,G-20-2011,철강 및 금속 자재의 보관취급에 관한 안전가이드,domain_specific,field_control,photo_actionable,2,WP-G20-02,보관시스템 선택 및 운용,보관시스템 선택 및 운용,5.1,G-20-2011,present_in_base_ttl_same_guide
ci_unrelated_action_filter1,G-20-2011,철강 및 금속 자재의 보관취급에 관한 안전가이드,domain_specific,field_control,photo_actionable,3,WP-G20-04,운반 계획 수립,운반 계획 수립,6.1,G-20-2011,present_in_base_ttl_same_guide
ci_unrelated_action_filter1,G-20-2011,철강 및 금속 자재의 보관취급에 관한 안전가이드,domain_specific,field_control,photo_actionable,4,WP-G20-05,하역 작업,하역 작업,6.2,G-20-2011,present_in_base_ttl_same_guide
ci_unrelated_action_filter1,G-20-2011,철강 및 금속 자재의 보관취급에 관한 안전가이드,domain_specific,field_control,photo_actionable,5,WP-G20-06,들어올리기 작업,들어올리기 작업,6.4,G-20-2011,present_in_base_ttl_same_guide
ci_unrelated_action_filter1,G-23-2011,요양 후 복직 시의 재적응에 관한 안전가이드,general,field_control,photo_actionable,1,WP-G23-02,요양 중 접촉 유지 및 복직 시 면담,요양 중 접촉 유지 및 복직 시 면담,5.3,G-23-2011,present_in_base_ttl_same_guide
ci_unrelated_action_filter1,G-23-2011,요양 후 복직 시의 재적응에 관한 안전가이드,general,field_control,photo_actionable,2,WP-G23-03,작업장 조정 계획과 실행,작업장 조정 계획과 실행,5.4,G-23-2011,present_in_base_ttl_same_guide
ci_unrelated_action_filter1,G-23-2011,요양 후 복직 시의 재적응에 관한 안전가이드,general,field_control,photo_actionable,3,WP-G23-04,복직 계획 수립 및 동의,복직 계획 수립 및 동의,5.5,G-23-2011,present_in_base_ttl_same_guide
ci_unrelated_action_filter1,G-23-2011,요양 후 복직 시의 재적응에 관한 안전가이드,general,field_control,photo_actionable,4,WP-G23-05,복직 과정 조정 및 정책 운용,복직 과정 조정 및 정책 운용,5.6,G-23-2011,present_in_base_ttl_same_guide
ci_unrelated_action_filter1,G-23-2011,요양 후 복직 시의 재적응에 관한 안전가이드,general,field_control,photo_actionable,5,WP-G23-01,요양 확인 및 기록,요양 확인 및 기록,5.2,G-23-2011,present_in_base_ttl_same_guide
ci_unrelated_action_filter1,G-24-2011,기계류의 방사성 물질로부터 위험을 줄이기 위한 안전가이드,exclusive,field_control,photo_actionable,1,WP-G24-01,방사성 물질의 확인 및 평가,방사성 물질의 확인 및 평가,5,G-24-2011,present_in_base_ttl_same_guide
ci_unrelated_action_filter1,G-24-2011,기계류의 방사성 물질로부터 위험을 줄이기 위한 안전가이드,exclusive,field_control,photo_actionable,2,WP-G24-02,방사의 축소 및 제거,방사의 축소 및 제거,6,G-24-2011,present_in_base_ttl_same_guide
ci_unrelated_action_filter1,G-24-2011,기계류의 방사성 물질로부터 위험을 줄이기 위한 안전가이드,exclusive,field_control,photo_actionable,3,WP-G24-04,기계류 설치 위치 조정에 의한 방지,기계류 설치 위치 조정에 의한 방지,6,G-24-2011,present_in_base_ttl_same_guide
ci_unrelated_action_filter1,G-24-2011,기계류의 방사성 물질로부터 위험을 줄이기 위한 안전가이드,exclusive,field_control,photo_actionable,4,WP-G24-05,작업자를 위한 방지대책,작업자를 위한 방지대책,6,G-24-2011,present_in_base_ttl_same_guide
ci_unrelated_action_filter1,G-26-2013,사업장의 조명에 관한 기술지침,domain_specific,field_control,photo_actionable,1,WP-G26-01,조명 문제점 진단,조명 문제점 진단,4.1,G-26-2013,present_in_base_ttl_same_guide
ci_unrelated_action_filter1,G-26-2013,사업장의 조명에 관한 기술지침,domain_specific,field_control,photo_actionable,2,WP-G26-02,조명 개선 조치,조명 개선 조치,4.1,G-26-2013,present_in_base_ttl_same_guide
ci_unrelated_action_filter1,G-26-2013,사업장의 조명에 관한 기술지침,domain_specific,field_control,photo_actionable,3,WP-G26-03,눈부심 방지 조치,눈부심 방지 조치,4.2,G-26-2013,present_in_base_ttl_same_guide
ci_unrelated_action_filter1,G-28-2016,요양시설의 안전에 관한 기술지침,exclusive,field_control,photo_actionable,1,WP-G28-03,욕실 이용자 화상위험 사전 점검,욕실 이용자 화상위험 사전 점검,6.1,G-28-2016,present_in_base_ttl_same_guide
ci_unrelated_action_filter1,G-29-2011,굴착작업 시 지하 매설물 위험 방지를 위한 기술지침,domain_specific,field_control,photo_actionable,1,WP-G29-03,케이블 및 배관 위치탐지,케이블 및 배관 위치탐지,5.3,G-29-2011,present_in_base_ttl_same_guide
ci_unrelated_action_filter1,G-29-2011,굴착작업 시 지하 매설물 위험 방지를 위한 기술지침,domain_specific,field_control,photo_actionable,2,WP-G29-04,안전한 굴착 실행,안전한 굴착 실행,5.4,G-29-2011,present_in_base_ttl_same_guide
ci_unrelated_action_filter1,G-29-2011,굴착작업 시 지하 매설물 위험 방지를 위한 기술지침,domain_specific,field_control,photo_actionable,3,WP-G29-06,굴착구역 복구 및 경고표지,굴착구역 복구 및 경고표지,5.4,G-29-2011,present_in_base_ttl_same_guide
ci_unrelated_action_filter1,G-29-2011,굴착작업 시 지하 매설물 위험 방지를 위한 기술지침,domain_specific,field_control,photo_actionable,4,WP-G29-02,지하 매설물 정보 수집,지하 매설물 정보 수집,5.2,G-29-2011,present_in_base_ttl_same_guide
ci_unrelated_action_filter1,G-29-2011,굴착작업 시 지하 매설물 위험 방지를 위한 기술지침,domain_specific,field_control,photo_actionable,5,WP-G29-05,매설물 유형별 위험 방지,매설물 유형별 위험 방지,6,G-29-2011,present_in_base_ttl_same_guide
ci_unrelated_action_filter1,G-29-2011,굴착작업 시 지하 매설물 위험 방지를 위한 기술지침,domain_specific,field_control,photo_actionable,6,WP-G29-07,응급처치 및 사고 대응,응급처치 및 사고 대응,7,G-29-2011,present_in_base_ttl_same_guide
ci_unrelated_action_filter1,G-32-2016,임산부 근로자의 유해위험요인 관리에 관한 기술지침,exclusive,management_program,photo_conditional_followup,1,WP-G32-01,물리적 유해위험요인 평가 및 관리,물리적 유해위험요인 평가 및 관리,4.1,G-32-2016,present_in_base_ttl_same_guide
ci_unrelated_action_filter1,G-32-2016,임산부 근로자의 유해위험요인 관리에 관한 기술지침,exclusive,management_program,photo_conditional_followup,2,WP-G32-02,생물학적 유해위험요인 평가 및 관리,생물학적 유해위험요인 평가 및 관리,4.2,G-32-2016,present_in_base_ttl_same_guide
ci_unrelated_action_filter1,G-32-2016,임산부 근로자의 유해위험요인 관리에 관한 기술지침,exclusive,management_program,photo_conditional_followup,3,WP-G32-03,화학적 유해위험요인 평가 및 관리,화학적 유해위험요인 평가 및 관리,4.3,G-32-2016,present_in_base_ttl_same_guide
ci_unrelated_action_filter1,G-32-2016,임산부 근로자의 유해위험요인 관리에 관한 기술지침,exclusive,management_program,photo_conditional_followup,4,WP-G32-04,작업조건 개선 및 편의시설 제공,작업조건 개선 및 편의시설 제공,4.4,G-32-2016,present_in_base_ttl_same_guide
ci_unrelated_action_filter1,G-34-2012,도기 생산 시 건강 유해물질 관리 기술지침,exclusive,field_control,photo_actionable,1,WP-G34-01,실리카 원료 취급 작업,실리카 원료 취급 작업,6.1,G-34-2012,present_in_base_ttl_same_guide
ci_unrelated_action_filter1,G-34-2012,도기 생산 시 건강 유해물질 관리 기술지침,exclusive,field_control,photo_actionable,2,WP-G34-02,납 및 유약 취급 작업,납 및 유약 취급 작업,6.2,G-34-2012,present_in_base_ttl_same_guide
ci_unrelated_action_filter1,G-34-2012,도기 생산 시 건강 유해물질 관리 기술지침,exclusive,field_control,photo_actionable,3,WP-G34-03,설비 유지보수 및 세척,설비 유지보수 및 세척,6.3,G-34-2012,present_in_base_ttl_same_guide
ci_unrelated_action_filter1,G-36-2012,안전보건표지에 관한 기술지침,general,field_control,photo_actionable,1,WP-G36-01,안전보건표지 설치,안전보건표지 설치,5.3,G-36-2012,present_in_base_ttl_same_guide
ci_unrelated_action_filter1,G-36-2012,안전보건표지에 관한 기술지침,general,field_control,photo_actionable,2,WP-G36-02,안전보건표지 유지관리,안전보건표지 유지관리,5.2,G-36-2012,present_in_base_ttl_same_guide
ci_unrelated_action_filter1,G-36-2012,안전보건표지에 관한 기술지침,general,field_control,photo_actionable,3,WP-G36-03,화재안전표지 설치 및 관리,화재안전표지 설치 및 관리,6,G-36-2012,present_in_base_ttl_same_guide
ci_unrelated_action_filter1,G-37-2012,근로자의 일반적인 건강관리에 관한 지침,general,field_control,photo_actionable,1,WP-G37-06,결과 기록 및 조치,결과 기록 및 조치,5.(4).(사),G-37-2012,present_in_base_ttl_same_guide
ci_unrelated_action_filter1,G-37-2012,근로자의 일반적인 건강관리에 관한 지침,general,field_control,photo_actionable,2,WP-G37-04,유해인자 조사 및 의학적 검사,유해인자 조사 및 의학적 검사,5.(4).(다),G-37-2012,present_in_base_ttl_same_guide
ci_unrelated_action_filter1,G-37-2012,근로자의 일반적인 건강관리에 관한 지침,general,field_control,photo_actionable,3,WP-G37-01,건강관리 목적 설정 및 근로자 참여,건강관리 목적 설정 및 근로자 참여,5.(1),G-37-2012,present_in_base_ttl_same_guide
ci_unrelated_action_filter1,G-37-2012,근로자의 일반적인 건강관리에 관한 지침,general,field_control,photo_actionable,4,WP-G37-02,건강관리 프로그램 선정,건강관리 프로그램 선정,5.(3),G-37-2012,present_in_base_ttl_same_guide
ci_unrelated_action_filter1,G-37-2012,근로자의 일반적인 건강관리에 관한 지침,general,field_control,photo_actionable,5,WP-G37-05,생물학적 및 병리학적 모니터링,생물학적 및 병리학적 모니터링,5.(4).(마),G-37-2012,present_in_base_ttl_same_guide
ci_unrelated_action_filter1,G-4-2011,배관내 이송물질 표시에 관한 안전가이드,domain_specific,field_control,photo_actionable,1,WP-G4-01,이송물질 분류 및 위험도 파악,이송물질 분류 및 위험도 파악,5.1,G-4-2011,present_in_base_ttl_same_guide
ci_unrelated_action_filter1,G-4-2011,배관내 이송물질 표시에 관한 안전가이드,domain_specific,field_control,photo_actionable,2,WP-G4-02,색상 및 표지 결정,색상 및 표지 결정,5.3,G-4-2011,present_in_base_ttl_same_guide
ci_unrelated_action_filter1,G-4-2011,배관내 이송물질 표시에 관한 안전가이드,domain_specific,field_control,photo_actionable,3,WP-G4-03,표지 부착 및 가시성 확인,표지 부착 및 가시성 확인,4,G-4-2011,present_in_base_ttl_same_guide
ci_unrelated_action_filter1,G-40-2012,해상운송을 위한 포장·운반 및 선적에 관한 기술지침,domain_specific,field_control,photo_actionable,1,WP-G40-05,선적 및 인도,선적 및 인도,7,G-40-2012,present_in_base_ttl_same_guide
ci_unrelated_action_filter1,G-40-2012,해상운송을 위한 포장·운반 및 선적에 관한 기술지침,domain_specific,field_control,photo_actionable,2,WP-G40-03,운송 서류 준비 및 확인,운송 서류 준비 및 확인,7,G-40-2012,present_in_base_ttl_same_guide
ci_unrelated_action_filter1,G-40-2012,해상운송을 위한 포장·운반 및 선적에 관한 기술지침,domain_specific,field_control,photo_actionable,3,WP-G40-02,화물 적재 및 고정,화물 적재 및 고정,6.1,G-40-2012,present_in_base_ttl_same_guide
ci_unrelated_action_filter1,G-41-2012,훈증작업 시 유해물질의 관리에 관한 기술지침,exclusive,measurement_analysis,photo_unmatchable,1,WP-G41-03,지침 마련 및 교육·훈련,지침 마련 및 교육·훈련,6.1,G-41-2012,present_in_base_ttl_same_guide
ci_unrelated_action_filter1,G-41-2012,훈증작업 시 유해물질의 관리에 관한 기술지침,exclusive,measurement_analysis,photo_unmatchable,2,WP-G41-04,훈증작업 수행,훈증작업 수행,7.1,G-41-2012,present_in_base_ttl_same_guide
ci_unrelated_action_filter1,G-41-2012,훈증작업 시 유해물질의 관리에 관한 기술지침,exclusive,measurement_analysis,photo_unmatchable,3,WP-G41-05,훈증작업 후 환풍 및 모니터링,훈증작업 후 환풍 및 모니터링,7.1,G-41-2012,present_in_base_ttl_same_guide
ci_unrelated_action_filter1,G-41-2012,훈증작업 시 유해물질의 관리에 관한 기술지침,exclusive,measurement_analysis,photo_unmatchable,4,WP-G41-01,훈증작업 평가,훈증작업 평가,4.1,G-41-2012,present_in_base_ttl_same_guide
ci_unrelated_action_filter1,G-41-2012,훈증작업 시 유해물질의 관리에 관한 기술지침,exclusive,measurement_analysis,photo_unmatchable,5,WP-G41-02,관리전략 수립 및 노출 관리,관리전략 수립 및 노출 관리,5.1,G-41-2012,present_in_base_ttl_same_guide
ci_unrelated_action_filter1,G-41-2012,훈증작업 시 유해물질의 관리에 관한 기술지침,exclusive,measurement_analysis,photo_unmatchable,6,WP-G41-06,작업환경측정,작업환경측정,8.1,G-41-2012,present_in_base_ttl_same_guide
ci_unrelated_action_filter1,G-41-2012,훈증작업 시 유해물질의 관리에 관한 기술지침,exclusive,measurement_analysis,photo_unmatchable,7,WP-G41-07,개인 보호구 유지관리 및 검사,개인 보호구 유지관리 및 검사,9.1,G-41-2012,present_in_base_ttl_same_guide
ci_unrelated_action_filter1,G-44-2011,수공구 사용 안전지침,domain_specific,field_control,photo_actionable,1,WP-G44-03,"절단공구(칼, 톱, 가위, 끌 등) 사용 작업","절단공구(칼, 톱, 가위, 끌 등) 사용 작업",6.2,G-44-2011,present_in_base_ttl_same_guide
ci_unrelated_action_filter1,G-44-2011,수공구 사용 안전지침,domain_specific,field_control,photo_actionable,2,WP-G44-01,수공구 선택 및 사전 점검,수공구 선택 및 사전 점검,5,G-44-2011,present_in_base_ttl_same_guide
ci_unrelated_action_filter1,G-44-2011,수공구 사용 안전지침,domain_specific,field_control,photo_actionable,3,WP-G44-02,"조립공구(렌치, 드라이버, 플라이어 등) 사용 작업","조립공구(렌치, 드라이버, 플라이어 등) 사용 작업",6.1,G-44-2011,present_in_base_ttl_same_guide
ci_unrelated_action_filter1,G-44-2011,수공구 사용 안전지침,domain_specific,field_control,photo_actionable,4,WP-G44-04,타격공구(해머 등) 사용 작업,타격공구(해머 등) 사용 작업,6.3,G-44-2011,present_in_base_ttl_same_guide
ci_unrelated_action_filter1,G-44-2011,수공구 사용 안전지침,domain_specific,field_control,photo_actionable,5,WP-G44-06,수공구 사후 관리 및 보관,수공구 사후 관리 및 보관,7.2,G-44-2011,present_in_base_ttl_same_guide
ci_unrelated_action_filter1,G-47-2012,촬영작업 안전에 관한 기술지침,domain_specific,field_control,photo_actionable,1,WP-G47-05,수상 촬영작업,수상 촬영작업,5.7,G-47-2012,present_in_base_ttl_same_guide
ci_unrelated_action_filter1,G-47-2012,촬영작업 안전에 관한 기술지침,domain_specific,field_control,photo_actionable,2,WP-G47-01,촬영 전 위험성 평가,촬영 전 위험성 평가,4,G-47-2012,present_in_base_ttl_same_guide
ci_unrelated_action_filter1,G-47-2012,촬영작업 안전에 관한 기술지침,domain_specific,field_control,photo_actionable,3,WP-G47-02,조명기구 설치 및 관리,조명기구 설치 및 관리,5.3,G-47-2012,present_in_base_ttl_same_guide
ci_unrelated_action_filter1,G-47-2012,촬영작업 안전에 관한 기술지침,domain_specific,field_control,photo_actionable,4,WP-G47-03,카메라 장비 운반,카메라 장비 운반,5.4,G-47-2012,present_in_base_ttl_same_guide
ci_unrelated_action_filter1,G-47-2012,촬영작업 안전에 관한 기술지침,domain_specific,field_control,photo_actionable,5,WP-G47-04,고소 촬영작업,고소 촬영작업,5.6,G-47-2012,present_in_base_ttl_same_guide
ci_unrelated_action_filter1,G-5-2017,업무상 사고조사에 관한 기술지침,general,measurement_analysis,photo_unmatchable,1,WP-G5-02,사고원인 파악을 위한 정보 수집,사고원인 파악을 위한 정보 수집,6.2.1,G-5-2017,present_in_base_ttl_same_guide
ci_unrelated_action_filter1,G-5-2017,업무상 사고조사에 관한 기술지침,general,measurement_analysis,photo_unmatchable,2,WP-G5-04,적절한 위험관리대책 제시,적절한 위험관리대책 제시,6.2.3,G-5-2017,present_in_base_ttl_same_guide
ci_unrelated_action_filter1,G-5-2017,업무상 사고조사에 관한 기술지침,general,measurement_analysis,photo_unmatchable,3,WP-G5-05,위험관리 대책에 대한 계획 및 이행,위험관리 대책에 대한 계획 및 이행,6.2.4,G-5-2017,present_in_base_ttl_same_guide
ci_unrelated_action_filter1,G-52-2017,액상유체 이송용 배관시공 안전에 관한 기술지침,domain_specific,field_control,photo_actionable,1,WP-G52-01,배관 반입 및 보관,배관 반입 및 보관,5.1,G-52-2017,present_in_base_ttl_same_guide
ci_unrelated_action_filter1,G-52-2017,액상유체 이송용 배관시공 안전에 관한 기술지침,domain_specific,field_control,photo_actionable,2,WP-G52-02,배관 설치,배관 설치,5.2.1,G-52-2017,present_in_base_ttl_same_guide
ci_unrelated_action_filter1,G-52-2017,액상유체 이송용 배관시공 안전에 관한 기술지침,domain_specific,field_control,photo_actionable,3,WP-G52-03,표면 손상 제거 및 보수,표면 손상 제거 및 보수,5.2.2,G-52-2017,present_in_base_ttl_same_guide
ci_unrelated_action_filter1,G-52-2017,액상유체 이송용 배관시공 안전에 관한 기술지침,domain_specific,field_control,photo_actionable,4,WP-G52-04,플랜지 연결,플랜지 연결,5.2.3,G-52-2017,present_in_base_ttl_same_guide
ci_unrelated_action_filter1,G-52-2017,액상유체 이송용 배관시공 안전에 관한 기술지침,domain_specific,field_control,photo_actionable,5,WP-G52-05,나사 이음작업,나사 이음작업,5.2.4,G-52-2017,present_in_base_ttl_same_guide
ci_unrelated_action_filter1,G-52-2017,액상유체 이송용 배관시공 안전에 관한 기술지침,domain_specific,field_control,photo_actionable,6,WP-G52-06,밸브 설치,밸브 설치,5.2.5,G-52-2017,present_in_base_ttl_same_guide
ci_unrelated_action_filter1,G-52-2017,액상유체 이송용 배관시공 안전에 관한 기술지침,domain_specific,field_control,photo_actionable,7,WP-G52-08,현장 알림 표지판 설치,현장 알림 표지판 설치,6,G-52-2017,present_in_base_ttl_same_guide
ci_unrelated_action_filter1,G-53-2013,공연 및 체육 행사 개최시 안전에 관한 지침,domain_specific,field_control,photo_actionable,1,WP-G53-03,주요 사고 대비 계획 수립,주요 사고 대비 계획 수립,4.3,G-53-2013,present_in_base_ttl_same_guide
ci_unrelated_action_filter1,G-53-2013,공연 및 체육 행사 개최시 안전에 관한 지침,domain_specific,field_control,photo_actionable,2,WP-G53-01,행사 계획 수립 및 안전관리팀 구성,행사 계획 수립 및 안전관리팀 구성,4.1,G-53-2013,present_in_base_ttl_same_guide
ci_unrelated_action_filter1,G-53-2013,공연 및 체육 행사 개최시 안전에 관한 지침,domain_specific,field_control,photo_actionable,3,WP-G53-02,참가인원 관리 계획,참가인원 관리 계획,4.2,G-53-2013,present_in_base_ttl_same_guide
ci_unrelated_action_filter1,G-53-2013,공연 및 체육 행사 개최시 안전에 관한 지침,domain_specific,field_control,photo_actionable,4,WP-G53-06,비상 시 대피 계획 수립,비상 시 대피 계획 수립,4.6,G-53-2013,present_in_base_ttl_same_guide
ci_unrelated_action_filter1,G-53-2013,공연 및 체육 행사 개최시 안전에 관한 지침,domain_specific,field_control,photo_actionable,5,WP-G53-05,화재 예방 및 진압 준비,화재 예방 및 진압 준비,4.5,G-53-2013,present_in_base_ttl_same_guide
ci_unrelated_action_filter1,G-53-2013,공연 및 체육 행사 개최시 안전에 관한 지침,domain_specific,field_control,photo_actionable,6,WP-G53-08,안전 방책 설치 및 관리,안전 방책 설치 및 관리,5.2,G-53-2013,present_in_base_ttl_same_guide
ci_unrelated_action_filter1,G-53-2013,공연 및 체육 행사 개최시 안전에 관한 지침,domain_specific,field_control,photo_actionable,7,WP-G53-10,행사장 정리 및 철거,행사장 정리 및 철거,6.2,G-53-2013,present_in_base_ttl_same_guide
ci_unrelated_action_filter1,G-55-2012,차량경정비작업안전에관한기술지침,exclusive,field_control,photo_actionable,1,WP-G55-01,리프트를 이용한 차량 승강 작업,리프트를 이용한 차량 승강 작업,4.1(1),G-55-2012,present_in_base_ttl_same_guide
ci_unrelated_action_filter1,G-55-2012,차량경정비작업안전에관한기술지침,exclusive,field_control,photo_actionable,2,WP-G55-02,잭과 차축거치대를 이용한 차량 승강 작업,잭과 차축거치대를 이용한 차량 승강 작업,4.1(2),G-55-2012,present_in_base_ttl_same_guide
ci_unrelated_action_filter1,G-55-2012,차량경정비작업안전에관한기술지침,exclusive,field_control,photo_actionable,3,WP-G55-03,전기기계·기구 점검 및 관리,전기기계·기구 점검 및 관리,4.2,G-55-2012,present_in_base_ttl_same_guide
ci_unrelated_action_filter1,G-55-2012,차량경정비작업안전에관한기술지침,exclusive,field_control,photo_actionable,4,WP-G55-04,휠과 타이어 정비,휠과 타이어 정비,5.3,G-55-2012,present_in_base_ttl_same_guide
ci_unrelated_action_filter1,G-55-2012,차량경정비작업안전에관한기술지침,exclusive,field_control,photo_actionable,5,WP-G55-07,엔진 시동 및 배기가스 관리,엔진 시동 및 배기가스 관리,5.7,G-55-2012,present_in_base_ttl_same_guide
ci_unrelated_action_filter1,G-6-2011,산업폐기물 처리 사업장에 관한 안전가이드,domain_specific,field_control,photo_actionable,1,WP-G6-01,작업장 운송 안전 환경조성,작업장 운송 안전 환경조성,4.1,G-6-2011,present_in_base_ttl_same_guide
ci_unrelated_action_filter1,G-60-2012,건물 관리 작업 시 안전보건에 관한 기술지침,domain_specific,field_control,photo_actionable,1,WP-G60-06,맨홀 작업 (계량기 검침 등),건물 바닥 청소 및 배수관 통수 작업,4.6,G-60-2012,present_in_base_ttl_same_guide
ci_unrelated_action_filter1,G-60-2012,건물 관리 작업 시 안전보건에 관한 기술지침,domain_specific,field_control,photo_actionable,2,WP-G60-02,공조기계 송풍기 벨트 점검,공조기계 송풍기 벨트 점검,4.1,G-60-2012,present_in_base_ttl_same_guide
ci_unrelated_action_filter1,G-60-2012,건물 관리 작업 시 안전보건에 관한 기술지침,domain_specific,field_control,photo_actionable,3,WP-G60-04,변전실 전기 작업,변전실 전기 작업,4.3,G-60-2012,present_in_base_ttl_same_guide
ci_unrelated_action_filter1,G-60-2012,건물 관리 작업 시 안전보건에 관한 기술지침,domain_specific,field_control,photo_actionable,4,WP-G60-05,자동문 고장 확인 및 수리,자동문 고장 확인 및 수리,4.4,G-60-2012,present_in_base_ttl_same_guide
ci_unrelated_action_filter1,G-60-2012,건물 관리 작업 시 안전보건에 관한 기술지침,domain_specific,field_control,photo_actionable,5,WP-G60-10,산소결핍 위험장소(맨홀·정화조·탱크) 작업,산소결핍 위험장소(맨홀·정화조·탱크) 작업,5.1,G-60-2012,present_in_base_ttl_same_guide
ci_unrelated_action_filter1,G-60-2012,건물 관리 작업 시 안전보건에 관한 기술지침,domain_specific,field_control,photo_actionable,6,WP-G60-01,,맨홀 작업 (계량기 검침 등),4.1,G-60-2012,present_in_base_ttl_same_guide
ci_unrelated_action_filter1,G-64-2011,벌목작업 현장의 응급처치에 관한 지침,domain_specific,field_control,photo_actionable,1,WP-G64-03,절단 재해 응급처치,절단 재해 응급처치,7,G-64-2011,present_in_base_ttl_same_guide
ci_unrelated_action_filter1,G-64-2011,벌목작업 현장의 응급처치에 관한 지침,domain_specific,field_control,photo_actionable,2,WP-G64-04,깔림 재해 응급처치,깔림 재해 응급처치,8,G-64-2011,present_in_base_ttl_same_guide
ci_unrelated_action_filter1,G-64-2011,벌목작업 현장의 응급처치에 관한 지침,domain_specific,field_control,photo_actionable,3,WP-G64-01,응급처치 사전 준비,응급처치 사전 준비,5,G-64-2011,present_in_base_ttl_same_guide
ci_unrelated_action_filter1,G-64-2011,벌목작업 현장의 응급처치에 관한 지침,domain_specific,field_control,photo_actionable,4,WP-G64-05,응급처치 후 관리 및 이송,응급처치 후 관리 및 이송,9,G-64-2011,present_in_base_ttl_same_guide
ci_unrelated_action_filter1,G-65-2011,장애인 근로자의 안전작업에 관한 지침,general,risk_method,photo_actionable,1,WP-G65-05,작업과정·환경·장비 조치,작업과정·환경·장비 조치,5.3,G-65-2011,present_in_base_ttl_same_guide
ci_unrelated_action_filter1,G-65-2011,장애인 근로자의 안전작업에 관한 지침,general,risk_method,photo_actionable,2,WP-G65-01,위험요소 확인,위험요소 확인,5.3,G-65-2011,present_in_base_ttl_same_guide
ci_unrelated_action_filter1,G-65-2011,장애인 근로자의 안전작업에 관한 지침,general,risk_method,photo_actionable,3,WP-G65-02,사고 가능성 대상자 결정,사고 가능성 대상자 결정,5.3,G-65-2011,present_in_base_ttl_same_guide
ci_unrelated_action_filter1,G-65-2011,장애인 근로자의 안전작업에 관한 지침,general,risk_method,photo_actionable,4,WP-G65-07,근로자 상담,근로자 상담,5.3,G-65-2011,present_in_base_ttl_same_guide
ci_unrelated_action_filter1,G-65-2011,장애인 근로자의 안전작업에 관한 지침,general,risk_method,photo_actionable,5,WP-G65-08,정기 위험성 평가 및 점검,정기 위험성 평가 및 점검,5.3,G-65-2011,present_in_base_ttl_same_guide
ci_unrelated_action_filter1,G-66-2011,외국인 근로자의 안전작업에 관한 지침,general,risk_method,photo_actionable,1,WP-G66-04,위험성 평가,위험성 평가,5.5,G-66-2011,present_in_base_ttl_same_guide
ci_unrelated_action_filter1,G-66-2011,외국인 근로자의 안전작업에 관한 지침,general,risk_method,photo_actionable,2,WP-G66-05,개선대책 수립,개선대책 수립,5.5,G-66-2011,present_in_base_ttl_same_guide
ci_unrelated_action_filter1,G-66-2011,외국인 근로자의 안전작업에 관한 지침,general,risk_method,photo_actionable,3,WP-G66-01,평가대상작업 선정,평가대상작업 선정,5.5,G-66-2011,present_in_base_ttl_same_guide
ci_unrelated_action_filter1,G-66-2011,외국인 근로자의 안전작업에 관한 지침,general,risk_method,photo_actionable,4,WP-G66-02,외국인 근로자에게 발생할 수 있는 위험요인의 도출,외국인 근로자에게 발생할 수 있는 위험요인의 도출,5.5,G-66-2011,present_in_base_ttl_same_guide
ci_unrelated_action_filter1,G-66-2011,외국인 근로자의 안전작업에 관한 지침,general,risk_method,photo_actionable,5,WP-G66-03,위험도 계산,위험도 계산,5.5,G-66-2011,present_in_base_ttl_same_guide
ci_unrelated_action_filter1,G-66-2011,외국인 근로자의 안전작업에 관한 지침,general,risk_method,photo_actionable,6,WP-G66-06,위험성 평가 결과의 타당성 검토,위험성 평가 결과의 타당성 검토,5.6,G-66-2011,present_in_base_ttl_same_guide
ci_unrelated_action_filter1,G-67-2011,건물 외벽 청소 작업에 관한 기술지침,domain_specific,field_control,photo_actionable,1,WP-G67-03,작업 도구 및 장비 점검,작업 도구 및 장비 점검,5.5,G-67-2011,present_in_base_ttl_same_guide
ci_unrelated_action_filter1,G-67-2011,건물 외벽 청소 작업에 관한 기술지침,domain_specific,field_control,photo_actionable,2,WP-G67-04,로프 설치 및 결속,로프 설치 및 결속,6,G-67-2011,present_in_base_ttl_same_guide
ci_unrelated_action_filter1,G-67-2011,건물 외벽 청소 작업에 관한 기술지침,domain_specific,field_control,photo_actionable,3,WP-G67-06,낙하물 방지 및 지상 통제,낙하물 방지 및 지상 통제,7.2,G-67-2011,present_in_base_ttl_same_guide
ci_unrelated_action_filter1,G-70-2011,동물원 근로자의 안전작업에 관한 지침,domain_specific,field_control,photo_actionable,1,WP-G70-01,동물 이동 작업,동물 이동 작업,4.4,G-70-2011,present_in_base_ttl_same_guide
ci_unrelated_action_filter1,G-70-2011,동물원 근로자의 안전작업에 관한 지침,domain_specific,field_control,photo_actionable,2,WP-G70-02,동물 접촉 작업,동물 접촉 작업,5.4,G-70-2011,present_in_base_ttl_same_guide
ci_unrelated_action_filter1,G-70-2011,동물원 근로자의 안전작업에 관한 지침,domain_specific,field_control,photo_actionable,3,WP-G70-03,동물 울타리 내 출입 작업,동물 울타리 내 출입 작업,5.5,G-70-2011,present_in_base_ttl_same_guide
ci_unrelated_action_filter1,G-70-2011,동물원 근로자의 안전작업에 관한 지침,domain_specific,field_control,photo_actionable,4,WP-G70-05,동물 탈출 시 대응,동물 탈출 시 대응,6.4,G-70-2011,present_in_base_ttl_same_guide
ci_unrelated_action_filter1,G-71-2011,안전보건 벤치마킹에 관한 기술지침,general,measurement_analysis,photo_unmatchable,1,WP-G71-03,벤치마킹 파트너의 선택,벤치마킹 파트너의 선택,6.3,G-71-2011,present_in_base_ttl_same_guide
ci_unrelated_action_filter1,G-71-2011,안전보건 벤치마킹에 관한 기술지침,general,measurement_analysis,photo_unmatchable,2,WP-G71-04,파트너와의 작업,파트너와의 작업,6.4,G-71-2011,present_in_base_ttl_same_guide
ci_unrelated_action_filter1,G-73-2011,소 사육장 내에서의 안전지침,domain_specific,field_control,photo_actionable,1,WP-G73-04,소 차량 적재 및 이송,소 차량 적재 및 이송,8.1,G-73-2011,present_in_base_ttl_same_guide
ci_unrelated_action_filter1,G-76-2011,공기재킷의 제작·사용에 관한 기술지침,domain_specific,field_control,photo_actionable,1,WP-G76-04,공기재킷 착용 및 사용,공기재킷 착용 및 사용,5,G-76-2011,present_in_base_ttl_same_guide
ci_unrelated_action_filter1,G-76-2011,공기재킷의 제작·사용에 관한 기술지침,domain_specific,field_control,photo_actionable,2,WP-G76-02,공기재킷 제작 - 호스 및 배관 설치,공기재킷 제작 - 호스 및 배관 설치,4.2,G-76-2011,present_in_base_ttl_same_guide
ci_unrelated_action_filter1,G-76-2011,공기재킷의 제작·사용에 관한 기술지침,domain_specific,field_control,photo_actionable,3,WP-G76-03,공기재킷 제작 - 플러그·커플링·매니폴드 설치,공기재킷 제작 - 플러그·커플링·매니폴드 설치,4.4,G-76-2011,present_in_base_ttl_same_guide
ci_unrelated_action_filter1,G-76-2011,공기재킷의 제작·사용에 관한 기술지침,domain_specific,field_control,photo_actionable,4,WP-G76-05,공기재킷 관리 및 보관,공기재킷 관리 및 보관,6,G-76-2011,present_in_base_ttl_same_guide
ci_unrelated_action_filter1,G-76-2011,공기재킷의 제작·사용에 관한 기술지침,domain_specific,field_control,photo_actionable,5,WP-G76-01,공기재킷 제작 - 재킷 제작,공기재킷 제작 - 재킷 제작,4.1,G-76-2011,present_in_base_ttl_same_guide
ci_unrelated_action_filter1,G-78-2021,유해위험물 탱크로리의 검사 및 입출하 등에 관한 기술지침,exclusive,field_control,photo_actionable,1,WP-G78-39,정전기 완화 조치,정전기 완화 조치,11.1,G-78-2021,present_in_base_ttl_same_guide
ci_unrelated_action_filter1,G-78-2021,유해위험물 탱크로리의 검사 및 입출하 등에 관한 기술지침,exclusive,field_control,photo_actionable,2,WP-G78-02,잔류가스 처리작업,잔류가스 처리작업,4.3,G-78-2021,present_in_base_ttl_same_guide
ci_unrelated_action_filter1,G-78-2021,유해위험물 탱크로리의 검사 및 입출하 등에 관한 기술지침,exclusive,field_control,photo_actionable,3,WP-G78-25,입·출하용 배관 외관검사,입·출하용 배관 외관검사,8.1.1,G-78-2021,present_in_base_ttl_same_guide
ci_unrelated_action_filter1,G-78-2021,유해위험물 탱크로리의 검사 및 입출하 등에 관한 기술지침,exclusive,field_control,photo_actionable,4,WP-G78-36,출하작업 준비,출하작업 준비,10.1,G-78-2021,present_in_base_ttl_same_guide
ci_unrelated_action_filter1,G-78-2021,유해위험물 탱크로리의 검사 및 입출하 등에 관한 기술지침,exclusive,field_control,photo_actionable,5,WP-G78-37,출하작업 실시,출하작업 실시,10.2,G-78-2021,present_in_base_ttl_same_guide
ci_unrelated_action_filter1,G-78-2021,유해위험물 탱크로리의 검사 및 입출하 등에 관한 기술지침,exclusive,field_control,photo_actionable,6,WP-G78-38,LPG 충전용 탱크로리 출하작업,LPG 충전용 탱크로리 출하작업,10.3,G-78-2021,present_in_base_ttl_same_guide
ci_unrelated_action_filter1,G-78-2021,유해위험물 탱크로리의 검사 및 입출하 등에 관한 기술지침,exclusive,field_control,photo_actionable,7,WP-G78-40,본딩 작업,본딩 작업,11.2,G-78-2021,present_in_base_ttl_same_guide
ci_unrelated_action_filter1,G-78-2021,유해위험물 탱크로리의 검사 및 입출하 등에 관한 기술지침,exclusive,field_control,photo_actionable,8,WP-G78-44,안전운송,안전운송,14,G-78-2021,present_in_base_ttl_same_guide
ci_unrelated_action_filter1,G-82-2018,실험실 안전보건에 관한기술지침,exclusive,field_control,photo_actionable,1,WP-G82-03,실험 후 정리 및 폐액 처리,실험 후 정리 및 폐액 처리,4.1,G-82-2018,present_in_base_ttl_same_guide
ci_unrelated_action_filter1,G-82-2018,실험실 안전보건에 관한기술지침,exclusive,field_control,photo_actionable,2,WP-G82-02,유해물질 취급 실험 수행,유해물질 취급 실험 수행,4.2,G-82-2018,present_in_base_ttl_same_guide
ci_unrelated_action_filter1,G-82-2018,실험실 안전보건에 관한기술지침,exclusive,field_control,photo_actionable,3,WP-G82-04,실험실 안전점검,실험실 안전점검,4.1,G-82-2018,present_in_base_ttl_same_guide
ci_unrelated_action_filter1,G-82-2018,실험실 안전보건에 관한기술지침,exclusive,field_control,photo_actionable,4,WP-G82-01,실험 준비 및 안전확인,실험 준비 및 안전확인,4.2,G-82-2018,present_in_base_ttl_same_guide
ci_unrelated_action_filter1,G-82-2018,실험실 안전보건에 관한기술지침,exclusive,field_control,photo_actionable,5,WP-G82-06,응급조치,응급조치,5,G-82-2018,present_in_base_ttl_same_guide
ci_unrelated_action_filter1,G-82-2018,실험실 안전보건에 관한기술지침,exclusive,field_control,photo_actionable,6,WP-G82-14,유해물질 운반,유해물질 운반,7.1,G-82-2018,present_in_base_ttl_same_guide
ci_unrelated_action_filter1,G-82-2018,실험실 안전보건에 관한기술지침,exclusive,field_control,photo_actionable,7,WP-G82-15,유해물질 저장,유해물질 저장,7.2,G-82-2018,present_in_base_ttl_same_guide
ci_unrelated_action_filter1,G-82-2018,실험실 안전보건에 관한기술지침,exclusive,field_control,photo_actionable,8,WP-G82-16,유해물질 취급,유해물질 취급,7.3,G-82-2018,present_in_base_ttl_same_guide
ci_unrelated_action_filter1,G-87-2012,고령근로자의 작업에 관한 안전지침,general,field_control,photo_actionable,1,WP-G87-01,유해·위험요인 확인하기,유해·위험요인 확인하기,부록 1,G-87-2012,present_in_base_ttl_same_guide
ci_unrelated_action_filter1,G-88-2012,도로변 수목 관리작업 안전에 관한 기술지침,domain_specific,field_control,photo_actionable,1,WP-G88-02,가지치기 고소작업,가지치기 고소작업,6.1.2,G-88-2012,present_in_base_ttl_same_guide
ci_unrelated_action_filter1,G-88-2012,도로변 수목 관리작업 안전에 관한 기술지침,domain_specific,field_control,photo_actionable,2,WP-G88-01,가지치기 지상 작업,가지치기 지상 작업,6.1.1,G-88-2012,present_in_base_ttl_same_guide
ci_unrelated_action_filter1,G-88-2012,도로변 수목 관리작업 안전에 관한 기술지침,domain_specific,field_control,photo_actionable,3,WP-G88-03,물주기 작업,물주기 작업,6.1.3,G-88-2012,present_in_base_ttl_same_guide
ci_unrelated_action_filter1,G-88-2012,도로변 수목 관리작업 안전에 관한 기술지침,domain_specific,field_control,photo_actionable,4,WP-G88-04,방충작업 (농약 희석 및 분무),방충작업 (농약 희석 및 분무),6.2,G-88-2012,present_in_base_ttl_same_guide
ci_unrelated_action_filter1,G-89-2012,숙박시설객실청소작업에관한 안전지침,domain_specific,field_control,photo_actionable,1,WP-G89-02,바닥 청소작업,바닥 청소작업,6.2,G-89-2012,present_in_base_ttl_same_guide
ci_unrelated_action_filter1,G-89-2012,숙박시설객실청소작업에관한 안전지침,domain_specific,field_control,photo_actionable,2,WP-G89-03,욕실 및 화장실 청소작업,욕실 및 화장실 청소작업,6.3,G-89-2012,present_in_base_ttl_same_guide
ci_unrelated_action_filter1,G-89-2012,숙박시설객실청소작업에관한 안전지침,domain_specific,field_control,photo_actionable,3,WP-G89-05,린넨류 및 비품 유지 관리 작업,린넨류 및 비품 유지 관리 작업,6.5,G-89-2012,present_in_base_ttl_same_guide
ci_unrelated_action_filter1,G-9-2013,위험물질 취급작업장 위험표시에 관한 기술지침,exclusive,field_control,photo_actionable,1,WP-G9-02,소방기관 및 관계기관 신고,소방기관 및 관계기관 신고,5.2,G-9-2013,present_in_base_ttl_same_guide
ci_unrelated_action_filter1,G-9-2013,위험물질 취급작업장 위험표시에 관한 기술지침,exclusive,field_control,photo_actionable,2,WP-G9-04,경고표지 제작 및 부착,경고표지 제작 및 부착,6.2,G-9-2013,present_in_base_ttl_same_guide
ci_unrelated_action_filter1,G-90-2015,운반구에 관한 안전지침,domain_specific,field_control,photo_actionable,1,WP-G90-02,운반구 작업 전 점검,운반구 작업 전 점검,부록1,G-90-2015,present_in_base_ttl_same_guide
ci_unrelated_action_filter1,G-90-2015,운반구에 관한 안전지침,domain_specific,field_control,photo_actionable,2,WP-G90-03,자재 적재,자재 적재,6,G-90-2015,present_in_base_ttl_same_guide
ci_unrelated_action_filter1,G-90-2015,운반구에 관한 안전지침,domain_specific,field_control,photo_actionable,3,WP-G90-01,작업 전 준비 및 안전교육,작업 전 준비 및 안전교육,5,G-90-2015,present_in_base_ttl_same_guide
ci_unrelated_action_filter1,G-90-2015,운반구에 관한 안전지침,domain_specific,field_control,photo_actionable,4,WP-G90-04,운반구 이동 및 운반,운반구 이동 및 운반,7.1,G-90-2015,present_in_base_ttl_same_guide
ci_unrelated_action_filter1,G-90-2015,운반구에 관한 안전지침,domain_specific,field_control,photo_actionable,5,WP-G90-05,자재 상·하차,자재 상·하차,6,G-90-2015,present_in_base_ttl_same_guide
ci_unrelated_action_filter1,G-90-2015,운반구에 관한 안전지침,domain_specific,field_control,photo_actionable,6,WP-G90-06,운반구 보관 및 유지보수,운반구 보관 및 유지보수,6,G-90-2015,present_in_base_ttl_same_guide
ci_unrelated_action_filter1,G-91-2012,장애인 및 환자이송용 호이스트 이용에 관한 안전지침,exclusive,field_control,photo_actionable,1,WP-G91-01,슬링 및 하네스 착용,슬링 및 하네스 착용,7.1,G-91-2012,present_in_base_ttl_same_guide
ci_unrelated_action_filter1,G-91-2012,장애인 및 환자이송용 호이스트 이용에 관한 안전지침,exclusive,field_control,photo_actionable,2,WP-G91-02,호이스트에 환자 탑승,호이스트에 환자 탑승,7.2,G-91-2012,present_in_base_ttl_same_guide
ci_unrelated_action_filter1,G-91-2012,장애인 및 환자이송용 호이스트 이용에 관한 안전지침,exclusive,field_control,photo_actionable,3,WP-G91-03,호이스트 이동,호이스트 이동,7.3,G-91-2012,present_in_base_ttl_same_guide
ci_unrelated_action_filter1,G-91-2012,장애인 및 환자이송용 호이스트 이용에 관한 안전지침,exclusive,field_control,photo_actionable,4,WP-G91-04,안전점검 및 보관,안전점검 및 보관,7.4,G-91-2012,present_in_base_ttl_same_guide
ci_unrelated_action_filter1,G-93-2012,고령근로자의 안전보건교육에 관한 기술지침,general,field_control,photo_actionable,1,WP-G93-01,신체능력 증진 운동프로그램 운영,신체능력 증진 운동프로그램 운영,부록1,G-93-2012,present_in_base_ttl_same_guide
ci_unrelated_action_filter1,G-93-2012,고령근로자의 안전보건교육에 관한 기술지침,general,field_control,photo_actionable,2,WP-G93-02,인지능력 증진 프로그램 운영,인지능력 증진 프로그램 운영,부록2,G-93-2012,present_in_base_ttl_same_guide
ci_unrelated_action_filter1,G-93-2012,고령근로자의 안전보건교육에 관한 기술지침,general,field_control,photo_actionable,3,WP-G93-03,직무스트레스 예방관리 프로그램 운영,직무스트레스 예방관리 프로그램 운영,부록3,G-93-2012,present_in_base_ttl_same_guide
ci_unrelated_action_filter1,G-94-2012,산업재해 예방을 위한 작업능력 증진에 관한 기술지침,general,measurement_analysis,photo_unmatchable,1,WP-G94-01,작업능력 수준 측정,작업능력 수준 측정,5,G-94-2012,present_in_base_ttl_same_guide
ci_unrelated_action_filter1,G-94-2012,산업재해 예방을 위한 작업능력 증진에 관한 기술지침,general,measurement_analysis,photo_unmatchable,2,WP-G94-02,작업능력 부족원인 분석,작업능력 부족원인 분석,5,G-94-2012,present_in_base_ttl_same_guide
ci_unrelated_action_filter1,G-94-2012,산업재해 예방을 위한 작업능력 증진에 관한 기술지침,general,measurement_analysis,photo_unmatchable,3,WP-G94-03,작업능력 증진 계획 수립,작업능력 증진 계획 수립,6,G-94-2012,present_in_base_ttl_same_guide
ci_unrelated_action_filter1,G-94-2012,산업재해 예방을 위한 작업능력 증진에 관한 기술지침,general,measurement_analysis,photo_unmatchable,4,WP-G94-04,작업능력 증진 프로그램 운영,작업능력 증진 프로그램 운영,5,G-94-2012,present_in_base_ttl_same_guide
ci_unrelated_action_filter1,G-94-2012,산업재해 예방을 위한 작업능력 증진에 관한 기술지침,general,measurement_analysis,photo_unmatchable,5,WP-G94-05,작업능력 증진 효과 평가,작업능력 증진 효과 평가,5,G-94-2012,present_in_base_ttl_same_guide
ci_unrelated_action_filter1,G-95-2012,산업현장의 안전디자인 적용에 관한 기술지침,general,field_control,photo_actionable,1,WP-G95-01,예비 디자인 단계,예비 디자인 단계,5.3,G-95-2012,present_in_base_ttl_same_guide
ci_unrelated_action_filter1,G-95-2012,산업현장의 안전디자인 적용에 관한 기술지침,general,field_control,photo_actionable,2,WP-G95-02,컨셉 개발 단계,컨셉 개발 단계,5.3,G-95-2012,present_in_base_ttl_same_guide
ci_unrelated_action_filter1,G-95-2012,산업현장의 안전디자인 적용에 관한 기술지침,general,field_control,photo_actionable,3,WP-G95-03,디자인 옵션 단계,디자인 옵션 단계,5.3,G-95-2012,present_in_base_ttl_same_guide
ci_unrelated_action_filter1,G-95-2012,산업현장의 안전디자인 적용에 관한 기술지침,general,field_control,photo_actionable,4,WP-G95-04,디자인 통합 단계,디자인 통합 단계,5.3,G-95-2012,present_in_base_ttl_same_guide
ci_unrelated_action_filter1,G-95-2012,산업현장의 안전디자인 적용에 관한 기술지침,general,field_control,photo_actionable,5,WP-G95-05,디자인 완성 단계,디자인 완성 단계,5.3,G-95-2012,present_in_base_ttl_same_guide
ci_unrelated_action_filter1,G-96-2012,인적오류 예방에 관한 인간공학적 안전보건 관리 지침,general,field_control,photo_actionable,1,WP-G96-05,조직변화 안전보건관리,조직변화 안전보건관리,8,G-96-2012,present_in_base_ttl_same_guide
ci_unrelated_action_filter1,G-96-2012,인적오류 예방에 관한 인간공학적 안전보건 관리 지침,general,field_control,photo_actionable,2,WP-G96-01,인적오류 위험성평가 실시,인적오류 위험성평가 실시,4,G-96-2012,present_in_base_ttl_same_guide
ci_unrelated_action_filter1,G-96-2012,인적오류 예방에 관한 인간공학적 안전보건 관리 지침,general,field_control,photo_actionable,3,WP-G96-03,안전보건교육 실시,안전보건교육 실시,6,G-96-2012,present_in_base_ttl_same_guide
ci_unrelated_action_filter1,G-96-2012,인적오류 예방에 관한 인간공학적 안전보건 관리 지침,general,field_control,photo_actionable,4,WP-G96-06,의사소통체계 구축 및 운영,의사소통체계 구축 및 운영,9,G-96-2012,present_in_base_ttl_same_guide
ci_unrelated_action_filter1,G-96-2012,인적오류 예방에 관한 인간공학적 안전보건 관리 지침,general,field_control,photo_actionable,5,WP-G96-07,인간공학적 작업장 설계,인간공학적 작업장 설계,10,G-96-2012,present_in_base_ttl_same_guide
ci_unrelated_action_filter1,G-96-2012,인적오류 예방에 관한 인간공학적 안전보건 관리 지침,general,field_control,photo_actionable,6,WP-G96-09,유지관리·검사·시험 관리,유지관리·검사·시험 관리,12,G-96-2012,present_in_base_ttl_same_guide
ci_unrelated_action_filter1,G-96-2012,인적오류 예방에 관한 인간공학적 안전보건 관리 지침,general,field_control,photo_actionable,7,WP-G96-38,의사소통 효과성 점검,의사소통 효과성 점검,부록3,G-96-2012,present_in_base_ttl_same_guide
ci_unrelated_action_filter1,G-96-2012,인적오류 예방에 관한 인간공학적 안전보건 관리 지침,general,field_control,photo_actionable,8,WP-G96-39,유지관리 과정 안전 점검,유지관리 과정 안전 점검,부록4,G-96-2012,present_in_base_ttl_same_guide
ci_unrelated_action_filter1,G-99-2013,근로자 회합 시 근로자 안전에 관한 기술지침,domain_specific,field_control,photo_actionable,1,WP-G99-01,회합 계획 수립,회합 계획 수립,4,G-99-2013,present_in_base_ttl_same_guide
ci_unrelated_action_filter1,G-99-2013,근로자 회합 시 근로자 안전에 관한 기술지침,domain_specific,field_control,photo_actionable,2,WP-G99-03,회합장소 외부 관리,회합장소 외부 관리,6.1,G-99-2013,present_in_base_ttl_same_guide
ci_unrelated_action_filter1,G-99-2013,근로자 회합 시 근로자 안전에 관한 기술지침,domain_specific,field_control,photo_actionable,3,WP-G99-04,회합장소 내부 관리,회합장소 내부 관리,6.2,G-99-2013,present_in_base_ttl_same_guide
ci_unrelated_action_filter1,G-99-2013,근로자 회합 시 근로자 안전에 관한 기술지침,domain_specific,field_control,photo_actionable,4,WP-G99-05,응급상황 대응,응급상황 대응,7,G-99-2013,present_in_base_ttl_same_guide
ci_unrelated_action_filter1,G-99-2013,근로자 회합 시 근로자 안전에 관한 기술지침,domain_specific,field_control,photo_actionable,5,WP-G99-06,회합 후 평가,회합 후 평가,10,G-99-2013,present_in_base_ttl_same_guide
ci_unrelated_action_filter1,G-99-2013,근로자 회합 시 근로자 안전에 관한 기술지침,domain_specific,field_control,photo_actionable,6,WP-G99-02,위험성 평가,위험성 평가,5,G-99-2013,present_in_base_ttl_same_guide
ci_unrelated_action_filter1,H-100-2012,PCBs 폐기물 처리작업에서의 작업환경관리 기술지침,exclusive,field_control,photo_actionable,1,WP-H100-03,무해화 처리시설 운전 작업,무해화 처리시설 운전 작업,6.3,H-100-2012,present_in_base_ttl_same_guide
ci_unrelated_action_filter1,H-100-2012,PCBs 폐기물 처리작업에서의 작업환경관리 기술지침,exclusive,field_control,photo_actionable,2,WP-H100-01,PCBs 오염 폐 변압기 현장해체 사전조사 작업,PCBs 오염 폐 변압기 현장해체 사전조사 작업,6.1,H-100-2012,present_in_base_ttl_same_guide
ci_unrelated_action_filter1,H-100-2012,PCBs 폐기물 처리작업에서의 작업환경관리 기술지침,exclusive,field_control,photo_actionable,3,WP-H100-04,무해화 처리시설 보수·점검 작업,무해화 처리시설 보수·점검 작업,6.3,H-100-2012,present_in_base_ttl_same_guide
ci_unrelated_action_filter1,H-100-2012,PCBs 폐기물 처리작업에서의 작업환경관리 기술지침,exclusive,field_control,photo_actionable,4,WP-H100-05,PCBs 폐기물 소각설비 해체 작업,PCBs 폐기물 소각설비 해체 작업,6.2,H-100-2012,present_in_base_ttl_same_guide
ci_unrelated_action_filter1,H-100-2012,PCBs 폐기물 처리작업에서의 작업환경관리 기술지침,exclusive,field_control,photo_actionable,5,WP-H100-02,PCBs 함유폐기물 수집 및 운반 작업,PCBs 함유폐기물 수집 및 운반 작업,6.2,H-100-2012,present_in_base_ttl_same_guide
ci_unrelated_action_filter1,H-101-2015,실험실 자체 정도관리 지침,domain_specific,measurement_analysis,photo_unmatchable,1,WP-H101-06,오류의 확인 및 교정,오류의 확인 및 교정,5.6,H-101-2015,present_in_base_ttl_same_guide
ci_unrelated_action_filter1,H-101-2015,실험실 자체 정도관리 지침,domain_specific,measurement_analysis,photo_unmatchable,2,WP-H101-04,시료분배 및 결과보고,시료분배 및 결과보고,5.4,H-101-2015,present_in_base_ttl_same_guide
ci_unrelated_action_filter1,H-101-2015,실험실 자체 정도관리 지침,domain_specific,measurement_analysis,photo_unmatchable,3,WP-H101-05,기준 값·적합범위·관리한계 설정,기준 값·적합범위·관리한계 설정,5.5,H-101-2015,present_in_base_ttl_same_guide
ci_unrelated_action_filter1,H-102-2014,사업장 화학물질관리 프로그램 작성 시행지침,domain_specific,management_program,photo_conditional_followup,1,WP-H102-02,화학물질별 유해성·위험성 확인,화학물질별 유해성·위험성 확인,5.2,H-102-2014,present_in_base_ttl_same_guide
ci_unrelated_action_filter1,H-102-2014,사업장 화학물질관리 프로그램 작성 시행지침,domain_specific,management_program,photo_conditional_followup,2,WP-H102-04,노출특성 파악 및 노출관리,노출특성 파악 및 노출관리,5.4,H-102-2014,present_in_base_ttl_same_guide
ci_unrelated_action_filter1,H-102-2014,사업장 화학물질관리 프로그램 작성 시행지침,domain_specific,management_program,photo_conditional_followup,3,WP-H102-06,비상대응 계획 수립 및 훈련,비상대응 계획 수립 및 훈련,6,H-102-2014,present_in_base_ttl_same_guide
ci_unrelated_action_filter1,H-103-2012,냉동설비 보유 기계실의 안전보건 작업지침,exclusive,field_control,photo_actionable,1,WP-H103-01,일상적 점검을 위한 기계실 출입,일상적 점검을 위한 기계실 출입,6.1,H-103-2012,present_in_base_ttl_same_guide
ci_unrelated_action_filter1,H-103-2012,냉동설비 보유 기계실의 안전보건 작업지침,exclusive,field_control,photo_actionable,2,WP-H103-02,설비 운전 및 유지·보수작업을 위한 기계실 출입,설비 운전 및 유지·보수작업을 위한 기계실 출입,6.2,H-103-2012,present_in_base_ttl_same_guide
ci_unrelated_action_filter1,H-104-2012,세탁업 종사자의 건강장해 예방관리 지침,domain_specific,management_program,photo_conditional_followup,1,WP-H104-03,본세(드라이클리닝기 가동),본세(드라이클리닝기 가동),4.2,H-104-2012,present_in_base_ttl_same_guide
ci_unrelated_action_filter1,H-104-2012,세탁업 종사자의 건강장해 예방관리 지침,domain_specific,management_program,photo_conditional_followup,2,WP-H104-02,전처리,전처리,4.2,H-104-2012,present_in_base_ttl_same_guide
ci_unrelated_action_filter1,H-104-2012,세탁업 종사자의 건강장해 예방관리 지침,domain_specific,management_program,photo_conditional_followup,3,WP-H104-04,탈액,탈액,4.2,H-104-2012,present_in_base_ttl_same_guide
ci_unrelated_action_filter1,H-104-2012,세탁업 종사자의 건강장해 예방관리 지침,domain_specific,management_program,photo_conditional_followup,4,WP-H104-05,건조,건조,4.2,H-104-2012,present_in_base_ttl_same_guide
ci_unrelated_action_filter1,H-109-2019,카드뮴 또는 그 화합물 노출 근로자의 보건관리지침,domain_specific,measurement_analysis,photo_unmatchable,1,WP-H109-01,카드뮴 취급 작업장 작업관리,카드뮴 취급 작업장 작업관리,8.1.1,H-109-2019,present_in_base_ttl_same_guide
ci_unrelated_action_filter1,H-109-2019,카드뮴 또는 그 화합물 노출 근로자의 보건관리지침,domain_specific,measurement_analysis,photo_unmatchable,2,WP-H109-02,특별안전보건교육 실시,특별안전보건교육 실시,8.1.2,H-109-2019,present_in_base_ttl_same_guide
ci_unrelated_action_filter1,H-109-2019,카드뮴 또는 그 화합물 노출 근로자의 보건관리지침,domain_specific,measurement_analysis,photo_unmatchable,3,WP-H109-03,작업환경측정 및 평가,작업환경측정 및 평가,8.2.1,H-109-2019,present_in_base_ttl_same_guide
ci_unrelated_action_filter1,H-109-2019,카드뮴 또는 그 화합물 노출 근로자의 보건관리지침,domain_specific,measurement_analysis,photo_unmatchable,4,WP-H109-04,발산원 밀폐 및 환기설비 설치·관리,발산원 밀폐 및 환기설비 설치·관리,8.3.3,H-109-2019,present_in_base_ttl_same_guide
ci_unrelated_action_filter1,H-109-2019,카드뮴 또는 그 화합물 노출 근로자의 보건관리지침,domain_specific,measurement_analysis,photo_unmatchable,5,WP-H109-05,개인보호구 선택 및 착용,개인보호구 선택 및 착용,8.3.5,H-109-2019,present_in_base_ttl_same_guide
ci_unrelated_action_filter1,H-109-2019,카드뮴 또는 그 화합물 노출 근로자의 보건관리지침,domain_specific,measurement_analysis,photo_unmatchable,6,WP-H109-06,건강진단 및 건강관리,건강진단 및 건강관리,8.4.1,H-109-2019,present_in_base_ttl_same_guide
ci_unrelated_action_filter1,H-110-2013,결정형 유리규산 노출 근로자의 보건관리지침,exclusive,measurement_analysis,photo_unmatchable,1,WP-H110-07,결정형 유리규산 취급 작업 수행,결정형 유리규산 취급 작업 수행,8.1.4,H-110-2013,present_in_base_ttl_same_guide
ci_unrelated_action_filter1,H-110-2013,결정형 유리규산 노출 근로자의 보건관리지침,exclusive,measurement_analysis,photo_unmatchable,2,WP-H110-02,특별안전보건교육 실시,특별안전보건교육 실시,8.1.2,H-110-2013,present_in_base_ttl_same_guide
ci_unrelated_action_filter1,H-110-2013,결정형 유리규산 노출 근로자의 보건관리지침,exclusive,measurement_analysis,photo_unmatchable,3,WP-H110-01,작업관리 및 사전 준비,작업관리 및 사전 준비,8.1.1,H-110-2013,present_in_base_ttl_same_guide
ci_unrelated_action_filter1,H-110-2013,결정형 유리규산 노출 근로자의 보건관리지침,exclusive,measurement_analysis,photo_unmatchable,4,WP-H110-03,작업환경측정 및 평가,작업환경측정 및 평가,8.2.1,H-110-2013,present_in_base_ttl_same_guide
ci_unrelated_action_filter1,H-110-2013,결정형 유리규산 노출 근로자의 보건관리지침,exclusive,measurement_analysis,photo_unmatchable,5,WP-H110-04,발산원 밀폐 및 환기장치 설치,발산원 밀폐 및 환기장치 설치,8.3.3,H-110-2013,present_in_base_ttl_same_guide
ci_unrelated_action_filter1,H-110-2013,결정형 유리규산 노출 근로자의 보건관리지침,exclusive,measurement_analysis,photo_unmatchable,6,WP-H110-05,국소배기장치 가동 및 관리,국소배기장치 가동 및 관리,8.3.4.3,H-110-2013,present_in_base_ttl_same_guide
ci_unrelated_action_filter1,H-111-2019,포름알데히드 노출 근로자의 보건관리지침,domain_specific,measurement_analysis,photo_unmatchable,1,WP-H111-01,작업관리 및 교육,작업관리 및 교육,8.1,H-111-2019,present_in_base_ttl_same_guide
ci_unrelated_action_filter1,H-111-2019,포름알데히드 노출 근로자의 보건관리지침,domain_specific,measurement_analysis,photo_unmatchable,2,WP-H111-02,작업환경측정 및 평가,작업환경측정 및 평가,8.2,H-111-2019,present_in_base_ttl_same_guide
ci_unrelated_action_filter1,H-111-2019,포름알데히드 노출 근로자의 보건관리지침,domain_specific,measurement_analysis,photo_unmatchable,3,WP-H111-03,발생원 밀폐 및 환기설비 설치,발생원 밀폐 및 환기설비 설치,8.3,H-111-2019,present_in_base_ttl_same_guide
ci_unrelated_action_filter1,H-111-2019,포름알데히드 노출 근로자의 보건관리지침,domain_specific,measurement_analysis,photo_unmatchable,4,WP-H111-04,국소배기장치 운영 및 관리,국소배기장치 운영 및 관리,8.3.4,H-111-2019,present_in_base_ttl_same_guide
ci_unrelated_action_filter1,H-111-2019,포름알데히드 노출 근로자의 보건관리지침,domain_specific,measurement_analysis,photo_unmatchable,5,WP-H111-05,개인보호구 착용 및 관리,개인보호구 착용 및 관리,8.3.5,H-111-2019,present_in_base_ttl_same_guide
ci_unrelated_action_filter1,H-112-2020,"1,3-부타디엔 노출 근로자의 암 예방지침",domain_specific,measurement_analysis,photo_unmatchable,1,WP-H112-01,작업관리 및 게시,작업관리 및 게시,8.1.1,H-112-2020,present_in_base_ttl_same_guide
ci_unrelated_action_filter1,H-112-2020,"1,3-부타디엔 노출 근로자의 암 예방지침",domain_specific,measurement_analysis,photo_unmatchable,2,WP-H112-02,특별안전보건교육 실시,특별안전보건교육 실시,8.1.2,H-112-2020,present_in_base_ttl_same_guide
ci_unrelated_action_filter1,H-112-2020,"1,3-부타디엔 노출 근로자의 암 예방지침",domain_specific,measurement_analysis,photo_unmatchable,3,WP-H112-03,작업환경측정 및 평가,작업환경측정 및 평가,8.2.1,H-112-2020,present_in_base_ttl_same_guide
ci_unrelated_action_filter1,H-112-2020,"1,3-부타디엔 노출 근로자의 암 예방지침",domain_specific,measurement_analysis,photo_unmatchable,4,WP-H112-04,발생원 밀폐 및 격리,발생원 밀폐 및 격리,8.3.3,H-112-2020,present_in_base_ttl_same_guide
ci_unrelated_action_filter1,H-112-2020,"1,3-부타디엔 노출 근로자의 암 예방지침",domain_specific,measurement_analysis,photo_unmatchable,5,WP-H112-05,국소배기장치 설치·가동·관리,국소배기장치 설치·가동·관리,8.3.4.2,H-112-2020,present_in_base_ttl_same_guide
ci_unrelated_action_filter1,H-112-2020,"1,3-부타디엔 노출 근로자의 암 예방지침",domain_specific,measurement_analysis,photo_unmatchable,6,WP-H112-06,개인보호구 착용,개인보호구 착용,8.3.5,H-112-2020,present_in_base_ttl_same_guide
ci_unrelated_action_filter1,H-112-2020,"1,3-부타디엔 노출 근로자의 암 예방지침",domain_specific,measurement_analysis,photo_unmatchable,7,WP-H112-07,건강진단 및 건강관리,건강진단 및 건강관리,8.4.1.1,H-112-2020,present_in_base_ttl_same_guide
ci_unrelated_action_filter1,H-113-2013,산화에틸렌 노출 근로자의 암 예방지침,domain_specific,measurement_analysis,photo_unmatchable,1,WP-H113-01,작업관리 방법 수립,작업관리 방법 수립,8.1,H-113-2013,present_in_base_ttl_same_guide
ci_unrelated_action_filter1,H-113-2013,산화에틸렌 노출 근로자의 암 예방지침,domain_specific,measurement_analysis,photo_unmatchable,2,WP-H113-02,특별안전보건 교육 실시,특별안전보건 교육 실시,8.1.2,H-113-2013,present_in_base_ttl_same_guide
ci_unrelated_action_filter1,H-113-2013,산화에틸렌 노출 근로자의 암 예방지침,domain_specific,measurement_analysis,photo_unmatchable,3,WP-H113-07,산화에틸렌 투입·운반·정제,산화에틸렌 투입·운반·정제,8.3.6,H-113-2013,present_in_base_ttl_same_guide
ci_unrelated_action_filter1,H-113-2013,산화에틸렌 노출 근로자의 암 예방지침,domain_specific,measurement_analysis,photo_unmatchable,4,WP-H113-03,작업환경측정 및 평가,작업환경측정 및 평가,8.2.1,H-113-2013,present_in_base_ttl_same_guide
ci_unrelated_action_filter1,H-113-2013,산화에틸렌 노출 근로자의 암 예방지침,domain_specific,measurement_analysis,photo_unmatchable,5,WP-H113-05,환기설비 설치 및 관리,환기설비 설치 및 관리,8.3.4,H-113-2013,present_in_base_ttl_same_guide
ci_unrelated_action_filter1,H-113-2013,산화에틸렌 노출 근로자의 암 예방지침,domain_specific,measurement_analysis,photo_unmatchable,6,WP-H113-08,개인보호구 착용 및 관리,개인보호구 착용 및 관리,8.3.7,H-113-2013,present_in_base_ttl_same_guide
ci_unrelated_action_filter1,H-114-2019,니켈 또는 그 화합물 노출 근로자의 보건관리지침,domain_specific,measurement_analysis,photo_unmatchable,1,WP-H114-01,작업관리 및 작업장 정비,작업관리 및 작업장 정비,8.1.1,H-114-2019,present_in_base_ttl_same_guide
ci_unrelated_action_filter1,H-114-2019,니켈 또는 그 화합물 노출 근로자의 보건관리지침,domain_specific,measurement_analysis,photo_unmatchable,2,WP-H114-02,특별안전보건교육 실시,특별안전보건교육 실시,8.1.2,H-114-2019,present_in_base_ttl_same_guide
ci_unrelated_action_filter1,H-114-2019,니켈 또는 그 화합물 노출 근로자의 보건관리지침,domain_specific,measurement_analysis,photo_unmatchable,3,WP-H114-04,발산원 밀폐 및 환기설비 관리,발산원 밀폐 및 환기설비 관리,8.3,H-114-2019,present_in_base_ttl_same_guide
ci_unrelated_action_filter1,H-114-2019,니켈 또는 그 화합물 노출 근로자의 보건관리지침,domain_specific,measurement_analysis,photo_unmatchable,4,WP-H114-05,개인보호구 착용,개인보호구 착용,8.3.5,H-114-2019,present_in_base_ttl_same_guide
ci_unrelated_action_filter1,H-114-2019,니켈 또는 그 화합물 노출 근로자의 보건관리지침,domain_specific,measurement_analysis,photo_unmatchable,5,WP-H114-03,작업환경측정 및 평가,작업환경측정 및 평가,8.2.1,H-114-2019,present_in_base_ttl_same_guide
ci_unrelated_action_filter1,H-114-2019,니켈 또는 그 화합물 노출 근로자의 보건관리지침,domain_specific,measurement_analysis,photo_unmatchable,6,WP-H114-06,건강관리 및 건강진단,건강관리 및 건강진단,8.4,H-114-2019,present_in_base_ttl_same_guide
ci_unrelated_action_filter1,H-115-2013,시안화수소 노출 사업장의 중독 예방 및 응급대응 지침,exclusive,field_control,photo_actionable,1,WP-H115-06,시안화수소 누출사고 처리,시안화수소 누출사고 처리,7.2,H-115-2013,present_in_base_ttl_same_guide
ci_unrelated_action_filter1,H-115-2013,시안화수소 노출 사업장의 중독 예방 및 응급대응 지침,exclusive,field_control,photo_actionable,2,WP-H115-02,응급처치구역(Decontamination zone) 운영,응급처치구역(Decontamination zone) 운영,6.2,H-115-2013,present_in_base_ttl_same_guide
ci_unrelated_action_filter1,H-115-2013,시안화수소 노출 사업장의 중독 예방 및 응급대응 지침,exclusive,field_control,photo_actionable,3,WP-H115-04,시안화수소 취급지역 사전예방 점검,시안화수소 취급지역 사전예방 점검,7.1,H-115-2013,present_in_base_ttl_same_guide
ci_unrelated_action_filter1,H-115-2013,시안화수소 노출 사업장의 중독 예방 및 응급대응 지침,exclusive,field_control,photo_actionable,4,WP-H115-01,위험구역(Hot zone) 구조활동,위험구역(Hot zone) 구조활동,6.1,H-115-2013,present_in_base_ttl_same_guide
ci_unrelated_action_filter1,H-115-2013,시안화수소 노출 사업장의 중독 예방 및 응급대응 지침,exclusive,field_control,photo_actionable,5,WP-H115-05,호흡보호구 정기 점검 및 관리,호흡보호구 정기 점검 및 관리,7.1,H-115-2013,present_in_base_ttl_same_guide
ci_unrelated_action_filter1,H-115-2013,시안화수소 노출 사업장의 중독 예방 및 응급대응 지침,exclusive,field_control,photo_actionable,6,WP-H115-07,시안화수소 보관 탱크 보수작업,시안화수소 보관 탱크 보수작업,7.2,H-115-2013,present_in_base_ttl_same_guide
ci_unrelated_action_filter1,H-116-2019,이산화질소 노출 사업장의 중독 예방 및 응급대응 지침,exclusive,field_control,photo_actionable,1,WP-H116-01,위험구역(Hot zone) 구조 활동,위험구역(Hot zone) 구조 활동,6.1,H-116-2019,present_in_base_ttl_same_guide
ci_unrelated_action_filter1,H-116-2019,이산화질소 노출 사업장의 중독 예방 및 응급대응 지침,exclusive,field_control,photo_actionable,2,WP-H116-03,응급처치구역 전문응급치료 이송,응급처치구역 전문응급치료 이송,6.2,H-116-2019,present_in_base_ttl_same_guide
ci_unrelated_action_filter1,H-116-2019,이산화질소 노출 사업장의 중독 예방 및 응급대응 지침,exclusive,field_control,photo_actionable,3,WP-H116-06,이산화질소 누출사고 현장 처리,이산화질소 누출사고 현장 처리,7.2,H-116-2019,present_in_base_ttl_same_guide
ci_unrelated_action_filter1,H-116-2019,이산화질소 노출 사업장의 중독 예방 및 응급대응 지침,exclusive,field_control,photo_actionable,4,WP-H116-07,이산화질소 보관 탱크 보수,이산화질소 보관 탱크 보수,7.2,H-116-2019,present_in_base_ttl_same_guide
ci_unrelated_action_filter1,H-117-2019,황화수소 취급근로자의 중독예방 및 응급대응 지침,exclusive,measurement_analysis,photo_actionable,1,WP-H117-05,밀폐공간 작업 전 안전조치 및 황화수소 중독 예방,밀폐공간 작업 전 안전조치 및 황화수소 중독 예방,7.3,H-117-2019,present_in_base_ttl_same_guide
ci_unrelated_action_filter1,H-117-2019,황화수소 취급근로자의 중독예방 및 응급대응 지침,exclusive,measurement_analysis,photo_actionable,2,WP-H117-01,위험구역(Hot zone) 구조 작업,위험구역(Hot zone) 구조 작업,6.1,H-117-2019,present_in_base_ttl_same_guide
ci_unrelated_action_filter1,H-117-2019,황화수소 취급근로자의 중독예방 및 응급대응 지침,exclusive,measurement_analysis,photo_actionable,3,WP-H117-03,보호구역(Support zone) 관리 및 사후 조치,보호구역(Support zone) 관리 및 사후 조치,6.1,H-117-2019,present_in_base_ttl_same_guide
ci_unrelated_action_filter1,H-117-2019,황화수소 취급근로자의 중독예방 및 응급대응 지침,exclusive,measurement_analysis,photo_actionable,4,WP-H117-04,황화수소 누출사고 현장 조치,황화수소 누출사고 현장 조치,7.2,H-117-2019,present_in_base_ttl_same_guide
ci_unrelated_action_filter1,H-118-2013,곡물분진 및 곡분 노출 근로자의 보건관리지침,domain_specific,measurement_analysis,photo_unmatchable,1,WP-H118-01,곡분 투입 작업,곡분 투입 작업,5.3,H-118-2013,present_in_base_ttl_same_guide
ci_unrelated_action_filter1,H-118-2013,곡물분진 및 곡분 노출 근로자의 보건관리지침,domain_specific,measurement_analysis,photo_unmatchable,2,WP-H118-02,배합(혼합) 작업,배합(혼합) 작업,5.3,H-118-2013,present_in_base_ttl_same_guide
ci_unrelated_action_filter1,H-118-2013,곡물분진 및 곡분 노출 근로자의 보건관리지침,domain_specific,measurement_analysis,photo_unmatchable,3,WP-H118-03,바닥 청소 작업,바닥 청소 작업,5.3,H-118-2013,present_in_base_ttl_same_guide
ci_unrelated_action_filter1,H-119-2013,6가 크롬 또는 그 화합물 노출 근로자의 보건관리지침,domain_specific,measurement_analysis,photo_unmatchable,1,WP-H119-01,작업관리 및 교육,작업관리 및 교육,8.1,H-119-2013,present_in_base_ttl_same_guide
ci_unrelated_action_filter1,H-119-2013,6가 크롬 또는 그 화합물 노출 근로자의 보건관리지침,domain_specific,measurement_analysis,photo_unmatchable,2,WP-H119-02,작업환경측정 및 평가,작업환경측정 및 평가,8.2,H-119-2013,present_in_base_ttl_same_guide
ci_unrelated_action_filter1,H-119-2013,6가 크롬 또는 그 화합물 노출 근로자의 보건관리지침,domain_specific,measurement_analysis,photo_unmatchable,3,WP-H119-03,작업환경관리 (대체·밀폐·환기),작업환경관리 (대체·밀폐·환기),8.3,H-119-2013,present_in_base_ttl_same_guide
ci_unrelated_action_filter1,H-119-2013,6가 크롬 또는 그 화합물 노출 근로자의 보건관리지침,domain_specific,measurement_analysis,photo_unmatchable,4,WP-H119-04,개인보호구 착용 및 관리,개인보호구 착용 및 관리,8.3.5,H-119-2013,present_in_base_ttl_same_guide
ci_unrelated_action_filter1,H-119-2013,6가 크롬 또는 그 화합물 노출 근로자의 보건관리지침,domain_specific,measurement_analysis,photo_unmatchable,5,WP-H119-06,퇴적·누출 6가 크롬 제거 작업,퇴적·누출 6가 크롬 제거 작업,8.1.1,H-119-2013,present_in_base_ttl_same_guide
ci_unrelated_action_filter1,H-120-2020,비소 또는 그 무기 화학물 노출 근로자의 보건관리지침,domain_specific,measurement_analysis,photo_unmatchable,1,WP-H120-01,작업환경측정 준비 및 실시,작업환경측정 준비 및 실시,8.2.1,H-120-2020,present_in_base_ttl_same_guide
ci_unrelated_action_filter1,H-120-2020,비소 또는 그 무기 화학물 노출 근로자의 보건관리지침,domain_specific,measurement_analysis,photo_unmatchable,2,WP-H120-02,국소배기장치 점검 및 관리,국소배기장치 점검 및 관리,8.3.4.4,H-120-2020,present_in_base_ttl_same_guide
ci_unrelated_action_filter1,H-120-2020,비소 또는 그 무기 화학물 노출 근로자의 보건관리지침,domain_specific,measurement_analysis,photo_unmatchable,3,WP-H120-03,비소 오염 제거 작업,비소 오염 제거 작업,8.1.1,H-120-2020,present_in_base_ttl_same_guide
ci_unrelated_action_filter1,H-121-2013,염화비닐 노출 근로자의 보건관리지침,domain_specific,measurement_analysis,photo_unmatchable,1,WP-H121-01,작업관리 방법 수립 및 교육,작업관리 방법 수립 및 교육,8.1.1,H-121-2013,present_in_base_ttl_same_guide
ci_unrelated_action_filter1,H-121-2013,염화비닐 노출 근로자의 보건관리지침,domain_specific,measurement_analysis,photo_unmatchable,2,WP-H121-02,작업환경측정 및 평가,작업환경측정 및 평가,8.2.1,H-121-2013,present_in_base_ttl_same_guide
ci_unrelated_action_filter1,H-121-2013,염화비닐 노출 근로자의 보건관리지침,domain_specific,measurement_analysis,photo_unmatchable,3,WP-H121-03,작업공정 배치 및 발생원 밀폐,작업공정 배치 및 발생원 밀폐,8.3.2,H-121-2013,present_in_base_ttl_same_guide
ci_unrelated_action_filter1,H-121-2013,염화비닐 노출 근로자의 보건관리지침,domain_specific,measurement_analysis,photo_unmatchable,4,WP-H121-04,환기설비 설치 및 운영,환기설비 설치 및 운영,8.3.4,H-121-2013,present_in_base_ttl_same_guide
ci_unrelated_action_filter1,H-121-2013,염화비닐 노출 근로자의 보건관리지침,domain_specific,measurement_analysis,photo_unmatchable,5,WP-H121-05,개인보호구 착용,개인보호구 착용,8.3.5,H-121-2013,present_in_base_ttl_same_guide
ci_unrelated_action_filter1,H-122-2013,목재 분진 노출 근로자의 보건관리지침,domain_specific,measurement_analysis,photo_unmatchable,1,WP-H122-01,작업공정 배치 및 격리,작업공정 배치 및 격리,6.1,H-122-2013,present_in_base_ttl_same_guide
ci_unrelated_action_filter1,H-122-2013,목재 분진 노출 근로자의 보건관리지침,domain_specific,measurement_analysis,photo_unmatchable,2,WP-H122-02,분진 발산원 밀폐 조치,분진 발산원 밀폐 조치,6.2,H-122-2013,present_in_base_ttl_same_guide
ci_unrelated_action_filter1,H-122-2013,목재 분진 노출 근로자의 보건관리지침,domain_specific,measurement_analysis,photo_unmatchable,3,WP-H122-05,국소배기장치 정상 가동 및 관리,국소배기장치 정상 가동 및 관리,6.3.3,H-122-2013,present_in_base_ttl_same_guide
ci_unrelated_action_filter1,H-122-2013,목재 분진 노출 근로자의 보건관리지침,domain_specific,measurement_analysis,photo_unmatchable,4,WP-H122-06,국소배기장치 점검 및 안전검사,국소배기장치 점검 및 안전검사,6.3.4,H-122-2013,present_in_base_ttl_same_guide
ci_unrelated_action_filter1,H-122-2013,목재 분진 노출 근로자의 보건관리지침,domain_specific,measurement_analysis,photo_unmatchable,5,WP-H122-03,전체환기장치 설치 및 가동,전체환기장치 설치 및 가동,6.3.1,H-122-2013,present_in_base_ttl_same_guide
ci_unrelated_action_filter1,H-122-2013,목재 분진 노출 근로자의 보건관리지침,domain_specific,measurement_analysis,photo_unmatchable,6,WP-H122-04,국소배기장치 설치,국소배기장치 설치,6.3.2,H-122-2013,present_in_base_ttl_same_guide
ci_unrelated_action_filter1,H-122-2013,목재 분진 노출 근로자의 보건관리지침,domain_specific,measurement_analysis,photo_unmatchable,7,WP-H122-07,일상 작업관리 및 청소,일상 작업관리 및 청소,5.3,H-122-2013,present_in_base_ttl_same_guide
ci_unrelated_action_filter1,H-122-2013,목재 분진 노출 근로자의 보건관리지침,domain_specific,measurement_analysis,photo_unmatchable,8,WP-H122-08,작업환경 측정 및 건강진단,작업환경 측정 및 건강진단,7.1,H-122-2013,present_in_base_ttl_same_guide
ci_unrelated_action_filter1,H-123-2013,불산·불화수소 취급근로자의 중독예방 및 응급대응 지침,exclusive,field_control,photo_actionable,1,WP-H123-01,피부 화상 응급처치,피부 화상 응급처치,7.2,H-123-2013,present_in_base_ttl_same_guide
ci_unrelated_action_filter1,H-123-2013,불산·불화수소 취급근로자의 중독예방 및 응급대응 지침,exclusive,field_control,photo_actionable,2,WP-H123-02,눈 접촉 응급처치,눈 접촉 응급처치,7.3,H-123-2013,present_in_base_ttl_same_guide
ci_unrelated_action_filter1,H-123-2013,불산·불화수소 취급근로자의 중독예방 및 응급대응 지침,exclusive,field_control,photo_actionable,3,WP-H123-03,불화수소 흡입 응급처치,불화수소 흡입 응급처치,7.4,H-123-2013,present_in_base_ttl_same_guide
ci_unrelated_action_filter1,H-123-2013,불산·불화수소 취급근로자의 중독예방 및 응급대응 지침,exclusive,field_control,photo_actionable,4,WP-H123-04,불산 섭취 응급처치,불산 섭취 응급처치,7.5,H-123-2013,present_in_base_ttl_same_guide
ci_unrelated_action_filter1,H-123-2013,불산·불화수소 취급근로자의 중독예방 및 응급대응 지침,exclusive,field_control,photo_actionable,5,WP-H123-05,손톱 화상 응급처치,손톱 화상 응급처치,7.6,H-123-2013,present_in_base_ttl_same_guide
ci_unrelated_action_filter1,H-123-2013,불산·불화수소 취급근로자의 중독예방 및 응급대응 지침,exclusive,field_control,photo_actionable,6,WP-H123-06,불산·불화수소 일상 취급 작업,불산·불화수소 일상 취급 작업,8.2,H-123-2013,present_in_base_ttl_same_guide
ci_unrelated_action_filter1,H-123-2013,불산·불화수소 취급근로자의 중독예방 및 응급대응 지침,exclusive,field_control,photo_actionable,7,WP-H123-07,불산 취급설비 점검·정비,불산 취급설비 점검·정비,8.2,H-123-2013,present_in_base_ttl_same_guide
ci_unrelated_action_filter1,H-124-2019,베릴륨 또는 그 화합물 노출 근로자의 보건관리지침,domain_specific,measurement_analysis,photo_unmatchable,1,WP-H124-01,베릴륨 취급 작업관리,베릴륨 취급 작업관리,8.1.1,H-124-2019,present_in_base_ttl_same_guide
ci_unrelated_action_filter1,H-124-2019,베릴륨 또는 그 화합물 노출 근로자의 보건관리지침,domain_specific,measurement_analysis,photo_unmatchable,2,WP-H124-02,특별안전보건 교육 실시,특별안전보건 교육 실시,8.1.2,H-124-2019,present_in_base_ttl_same_guide
ci_unrelated_action_filter1,H-124-2019,베릴륨 또는 그 화합물 노출 근로자의 보건관리지침,domain_specific,measurement_analysis,photo_unmatchable,3,WP-H124-03,작업환경측정,작업환경측정,8.2.1,H-124-2019,present_in_base_ttl_same_guide
ci_unrelated_action_filter1,H-124-2019,베릴륨 또는 그 화합물 노출 근로자의 보건관리지침,domain_specific,measurement_analysis,photo_unmatchable,4,WP-H124-04,국소배기장치 설치 및 관리,국소배기장치 설치 및 관리,8.3.4.2,H-124-2019,present_in_base_ttl_same_guide
ci_unrelated_action_filter1,H-124-2019,베릴륨 또는 그 화합물 노출 근로자의 보건관리지침,domain_specific,measurement_analysis,photo_unmatchable,5,WP-H124-05,개인보호구 착용 및 관리,개인보호구 착용 및 관리,8.3.5,H-124-2019,present_in_base_ttl_same_guide
ci_unrelated_action_filter1,H-125-2013,콜타르와 콜타르 피치 노출 근로자의 보건관리지침,domain_specific,measurement_analysis,photo_unmatchable,1,WP-H125-01,작업관리 방법 수립,작업관리 방법 수립,7.1.1,H-125-2013,present_in_base_ttl_same_guide
ci_unrelated_action_filter1,H-125-2013,콜타르와 콜타르 피치 노출 근로자의 보건관리지침,domain_specific,measurement_analysis,photo_unmatchable,2,WP-H125-02,특별안전보건 교육 실시,특별안전보건 교육 실시,7.1.2,H-125-2013,present_in_base_ttl_same_guide
ci_unrelated_action_filter1,H-125-2013,콜타르와 콜타르 피치 노출 근로자의 보건관리지침,domain_specific,measurement_analysis,photo_unmatchable,3,WP-H125-03,작업환경측정 및 평가,작업환경측정 및 평가,7.2.1,H-125-2013,present_in_base_ttl_same_guide
ci_unrelated_action_filter1,H-125-2013,콜타르와 콜타르 피치 노출 근로자의 보건관리지침,domain_specific,measurement_analysis,photo_unmatchable,4,WP-H125-04,작업환경관리 (밀폐·환기),작업환경관리 (밀폐·환기),7.3,H-125-2013,present_in_base_ttl_same_guide
ci_unrelated_action_filter1,H-125-2013,콜타르와 콜타르 피치 노출 근로자의 보건관리지침,domain_specific,measurement_analysis,photo_unmatchable,5,WP-H125-05,개인보호구 착용 및 관리,개인보호구 착용 및 관리,7.3.5,H-125-2013,present_in_base_ttl_same_guide
ci_unrelated_action_filter1,H-126-2013,광물유 노출 근로자의 보건관리지침,domain_specific,measurement_analysis,photo_unmatchable,1,WP-H126-03,광물유 취급 작업 수행,광물유 취급 작업 수행,7.1.1,H-126-2013,present_in_base_ttl_same_guide
ci_unrelated_action_filter1,H-126-2013,광물유 노출 근로자의 보건관리지침,domain_specific,measurement_analysis,photo_unmatchable,2,WP-H126-01,광물유 대체물질 선정 및 작업환경 배치,광물유 대체물질 선정 및 작업환경 배치,7.3.1,H-126-2013,present_in_base_ttl_same_guide
ci_unrelated_action_filter1,H-126-2013,광물유 노출 근로자의 보건관리지침,domain_specific,measurement_analysis,photo_unmatchable,3,WP-H126-02,발산원 밀폐 및 환기설비 설치,발산원 밀폐 및 환기설비 설치,7.3.3,H-126-2013,present_in_base_ttl_same_guide
ci_unrelated_action_filter1,H-126-2013,광물유 노출 근로자의 보건관리지침,domain_specific,measurement_analysis,photo_unmatchable,4,WP-H126-04,작업환경측정 및 평가,작업환경측정 및 평가,7.2.1,H-126-2013,present_in_base_ttl_same_guide
ci_unrelated_action_filter1,H-126-2013,광물유 노출 근로자의 보건관리지침,domain_specific,measurement_analysis,photo_unmatchable,5,WP-H126-05,국소배기장치 점검 및 관리,국소배기장치 점검 및 관리,7.3.4.4,H-126-2013,present_in_base_ttl_same_guide
ci_unrelated_action_filter1,H-127-2019,라돈 노출 근로자의 암 예방지침,domain_specific,measurement_analysis,photo_unmatchable,1,WP-H127-01,라돈농도 측정,라돈농도 측정,7.3,H-127-2019,present_in_base_ttl_same_guide
ci_unrelated_action_filter1,H-127-2019,라돈 노출 근로자의 암 예방지침,domain_specific,measurement_analysis,photo_unmatchable,2,WP-H127-02,라돈 저감 조치 (기존 건물),라돈 저감 조치 (기존 건물),7.4,H-127-2019,present_in_base_ttl_same_guide
ci_unrelated_action_filter1,H-127-2019,라돈 노출 근로자의 암 예방지침,domain_specific,measurement_analysis,photo_unmatchable,3,WP-H127-03,신축 건물 라돈 저감 시공,신축 건물 라돈 저감 시공,7.4,H-127-2019,present_in_base_ttl_same_guide
ci_unrelated_action_filter1,H-129-2023,폐활량검사 및 판정에 관한 지침,domain_specific,health_screening,photo_unmatchable,1,WP-H129-07,사전안내,사전안내,4.1,H-129-2023,present_in_base_ttl_same_guide
ci_unrelated_action_filter1,H-129-2023,폐활량검사 및 판정에 관한 지침,domain_specific,health_screening,photo_unmatchable,2,WP-H129-11,폐활량계 보정 실시,폐활량계 보정 실시,4.4.2,H-129-2023,present_in_base_ttl_same_guide
ci_unrelated_action_filter1,H-129-2023,폐활량검사 및 판정에 관한 지침,domain_specific,health_screening,photo_unmatchable,3,WP-H129-42,폐활량 검사결과의 기록,폐활량 검사결과의 기록,9,H-129-2023,present_in_base_ttl_same_guide
ci_unrelated_action_filter1,H-129-2023,폐활량검사 및 판정에 관한 지침,domain_specific,health_screening,photo_unmatchable,4,WP-H129-43,예측식 선택 및 적용,예측식 선택 및 적용,10.1,H-129-2023,present_in_base_ttl_same_guide
ci_unrelated_action_filter1,H-130-2021,접촉피부염의_작업관련성_평가지침,domain_specific,field_control,photo_actionable,1,WP-H130-02,접촉피부염 임상양상 확인 및 감별진단,접촉피부염 임상양상 확인 및 감별진단,5.1,H-130-2021,present_in_base_ttl_same_guide
ci_unrelated_action_filter1,H-130-2021,접촉피부염의_작업관련성_평가지침,domain_specific,field_control,photo_actionable,2,WP-H130-01,임상의학적 병력 및 직업력 조사,임상의학적 병력 및 직업력 조사,4.1,H-130-2021,present_in_base_ttl_same_guide
ci_unrelated_action_filter1,H-130-2021,접촉피부염의_작업관련성_평가지침,domain_specific,field_control,photo_actionable,3,WP-H130-04,작업 관련 부위와 피부염 일치 여부 확인,작업 관련 부위와 피부염 일치 여부 확인,5.3,H-130-2021,present_in_base_ttl_same_guide
ci_unrelated_action_filter1,H-130-2021,접촉피부염의_작업관련성_평가지침,domain_specific,field_control,photo_actionable,4,WP-H130-05,노출과 질병발생의 시간적 관련성 파악,노출과 질병발생의 시간적 관련성 파악,5.4,H-130-2021,present_in_base_ttl_same_guide
ci_unrelated_action_filter1,H-130-2021,접촉피부염의_작업관련성_평가지침,domain_specific,field_control,photo_actionable,5,WP-H130-06,비직업성 요인 배제,비직업성 요인 배제,5.5,H-130-2021,present_in_base_ttl_same_guide
ci_unrelated_action_filter1,H-130-2021,접촉피부염의_작업관련성_평가지침,domain_specific,field_control,photo_actionable,6,WP-H130-08,전문의사 의뢰 및 첩포검사,전문의사 의뢰 및 첩포검사,6,H-130-2021,present_in_base_ttl_same_guide
ci_unrelated_action_filter1,H-132-2023,벤젠 노출 근로자의 건강관리지침,domain_specific,measurement_analysis,photo_unmatchable,1,WP-H132-07,벤젠 취급 작업 시 보호구 착용,벤젠 취급 작업 시 보호구 착용,10,H-132-2023,present_in_base_ttl_same_guide
ci_unrelated_action_filter1,H-132-2023,벤젠 노출 근로자의 건강관리지침,domain_specific,measurement_analysis,photo_unmatchable,2,WP-H132-02,사후관리,사후관리,8.2,H-132-2023,present_in_base_ttl_same_guide
ci_unrelated_action_filter1,H-132-2023,벤젠 노출 근로자의 건강관리지침,domain_specific,measurement_analysis,photo_unmatchable,3,WP-H132-03,눈 접촉 시 응급조치,눈 접촉 시 응급조치,9.1,H-132-2023,present_in_base_ttl_same_guide
ci_unrelated_action_filter1,H-134-2021,납과 그 무기화합물_노출_근로자의_건강관리지침,domain_specific,measurement_analysis,photo_unmatchable,1,WP-H134-31,사후관리 조치,사후관리 조치,8.2,H-134-2021,present_in_base_ttl_same_guide
ci_unrelated_action_filter1,H-134-2021,납과 그 무기화합물_노출_근로자의_건강관리지침,domain_specific,measurement_analysis,photo_unmatchable,2,WP-H134-41,호흡용 보호구 착용 및 관리,호흡용 보호구 착용 및 관리,10.2.1,H-134-2021,present_in_base_ttl_same_guide
ci_unrelated_action_filter1,H-134-2021,납과 그 무기화합물_노출_근로자의_건강관리지침,domain_specific,measurement_analysis,photo_unmatchable,3,WP-H134-45,유해성 주지 및 교육,유해성 주지 및 교육,10.6,H-134-2021,present_in_base_ttl_same_guide
ci_unrelated_action_filter1,H-135-2021,노말헥산_노출_근로자의_건강관리지침,domain_specific,measurement_analysis,photo_unmatchable,1,WP-H135-04,노말헥산 취급 근로자 건강장해 예방 조치,노말헥산 취급 근로자 건강장해 예방 조치,10,H-135-2021,present_in_base_ttl_same_guide
ci_unrelated_action_filter1,H-135-2021,노말헥산_노출_근로자의_건강관리지침,domain_specific,measurement_analysis,photo_unmatchable,2,WP-H135-01,특수건강진단 실시,특수건강진단 실시,8.1,H-135-2021,present_in_base_ttl_same_guide
ci_unrelated_action_filter1,H-135-2021,노말헥산_노출_근로자의_건강관리지침,domain_specific,measurement_analysis,photo_unmatchable,3,WP-H135-02,직업환경의학적 평가 및 사후관리,직업환경의학적 평가 및 사후관리,8.2,H-135-2021,present_in_base_ttl_same_guide
ci_unrelated_action_filter1,H-136-2021,망간노출_근로자의_건강관리지침,domain_specific,measurement_analysis,photo_unmatchable,1,WP-H136-01,작업환경관리 (대치·밀폐·환기),작업환경관리 (대치·밀폐·환기),10.2,H-136-2021,present_in_base_ttl_same_guide
ci_unrelated_action_filter1,H-136-2021,망간노출_근로자의_건강관리지침,domain_specific,measurement_analysis,photo_unmatchable,2,WP-H136-04,위생관리,위생관리,10.4,H-136-2021,present_in_base_ttl_same_guide
ci_unrelated_action_filter1,H-137-2023,트리클로로에틸렌 노출 근로자의 건강관리 지침,domain_specific,measurement_analysis,photo_unmatchable,1,WP-H137-01,배치전 건강진단,배치전 건강진단,8.1,H-137-2023,present_in_base_ttl_same_guide
ci_unrelated_action_filter1,H-137-2023,트리클로로에틸렌 노출 근로자의 건강관리 지침,domain_specific,measurement_analysis,photo_unmatchable,2,WP-H137-04,직업환경의학적 평가 및 사후관리,직업환경의학적 평가 및 사후관리,8.2,H-137-2023,present_in_base_ttl_same_guide
ci_unrelated_action_filter1,H-138-2021,채취_가검물에_의한_오염방지에_관한_지침,exclusive,field_control,photo_actionable,1,WP-H138-01,가검물 채취,가검물 채취,4,H-138-2021,present_in_base_ttl_same_guide
ci_unrelated_action_filter1,H-138-2021,채취_가검물에_의한_오염방지에_관한_지침,exclusive,field_control,photo_actionable,2,WP-H138-02,가검물 운반,가검물 운반,5.1,H-138-2021,present_in_base_ttl_same_guide
ci_unrelated_action_filter1,H-138-2021,채취_가검물에_의한_오염방지에_관한_지침,exclusive,field_control,photo_actionable,3,WP-H138-04,가검물 분석 실험,가검물 분석 실험,6,H-138-2021,present_in_base_ttl_same_guide
ci_unrelated_action_filter1,H-138-2021,채취_가검물에_의한_오염방지에_관한_지침,exclusive,field_control,photo_actionable,4,WP-H138-03,가검물 저장,가검물 저장,5.2,H-138-2021,present_in_base_ttl_same_guide
ci_unrelated_action_filter1,H-141-2021,크롬의 생물학적 노출지표 물질 분석에 관한 기술지침,exclusive,measurement_analysis,photo_unmatchable,1,WP-H141-01,시료 채취,시료 채취,5.1.1,H-141-2021,present_in_base_ttl_same_guide
ci_unrelated_action_filter1,H-141-2021,크롬의 생물학적 노출지표 물질 분석에 관한 기술지침,exclusive,measurement_analysis,photo_unmatchable,2,WP-H141-02,시약 조제,시약 조제,5.1.2,H-141-2021,present_in_base_ttl_same_guide
ci_unrelated_action_filter1,H-145-2021,비소의 생물학적 노출평가 분석방법에 관한 지침,exclusive,measurement_analysis,photo_unmatchable,1,WP-H145-01,시료 채취,시료 채취,5.1,H-145-2021,present_in_base_ttl_same_guide
ci_unrelated_action_filter1,H-145-2021,비소의 생물학적 노출평가 분석방법에 관한 지침,exclusive,measurement_analysis,photo_unmatchable,2,WP-H145-02,시약 조제 (비불꽃 원자흡광도법),시약 조제 (비불꽃 원자흡광도법),5.2,H-145-2021,present_in_base_ttl_same_guide
ci_unrelated_action_filter1,H-145-2021,비소의 생물학적 노출평가 분석방법에 관한 지침,exclusive,measurement_analysis,photo_unmatchable,3,WP-H145-05,농도 계산 및 노출 평가,농도 계산 및 노출 평가,5.2,H-145-2021,present_in_base_ttl_same_guide
ci_unrelated_action_filter1,H-147-2021,특별관리물질 취급 근로자의 작업환경관리 지침,domain_specific,management_program,photo_conditional_followup,1,WP-H147-02,작업계획 수립 및 표준작업관리지침 작성,작업계획 수립 및 표준작업관리지침 작성,4.2,H-147-2021,present_in_base_ttl_same_guide
ci_unrelated_action_filter1,H-147-2021,특별관리물질 취급 근로자의 작업환경관리 지침,domain_specific,management_program,photo_conditional_followup,2,WP-H147-05,특별관리물질 취급일지 작성,특별관리물질 취급일지 작성,6,H-147-2021,present_in_base_ttl_same_guide
ci_unrelated_action_filter1,H-147-2021,특별관리물질 취급 근로자의 작업환경관리 지침,domain_specific,management_program,photo_conditional_followup,3,WP-H147-06,특별관리물질 근로자 고지,특별관리물질 근로자 고지,7,H-147-2021,present_in_base_ttl_same_guide
ci_unrelated_action_filter1,H-147-2021,특별관리물질 취급 근로자의 작업환경관리 지침,domain_specific,management_program,photo_conditional_followup,4,WP-H147-03,특별관리물질 작업관리,특별관리물질 작업관리,4.3,H-147-2021,present_in_base_ttl_same_guide
ci_unrelated_action_filter1,H-147-2021,특별관리물질 취급 근로자의 작업환경관리 지침,domain_specific,management_program,photo_conditional_followup,5,WP-H147-04,특별안전보건 교육 실시,특별안전보건 교육 실시,5,H-147-2021,present_in_base_ttl_same_guide
ci_unrelated_action_filter1,H-147-2021,특별관리물질 취급 근로자의 작업환경관리 지침,domain_specific,management_program,photo_conditional_followup,6,WP-H147-08,작업공정 적정 배치,작업공정 적정 배치,9.1,H-147-2021,present_in_base_ttl_same_guide
ci_unrelated_action_filter1,H-147-2021,특별관리물질 취급 근로자의 작업환경관리 지침,domain_specific,management_program,photo_conditional_followup,7,WP-H147-30,특수건강진단 실시,특수건강진단 실시,11,H-147-2021,present_in_base_ttl_same_guide
ci_unrelated_action_filter1,H-147-2021,특별관리물질 취급 근로자의 작업환경관리 지침,domain_specific,management_program,photo_conditional_followup,8,WP-H147-32,특별관리물질 취급 작업 수행,특별관리물질 취급 작업 수행,12,H-147-2021,present_in_base_ttl_same_guide
ci_unrelated_action_filter1,H-148-2021,오산화바나듐의 생물학적 노출지표 물질 분석에 관한 기술지침,exclusive,measurement_analysis,photo_unmatchable,1,WP-H148-01,시료 채취,시료 채취,5.(2),H-148-2021,present_in_base_ttl_same_guide
ci_unrelated_action_filter1,H-149-2021,망간의 생물학적 노출지표 물질 분석에 관한 기술지침,exclusive,measurement_analysis,photo_unmatchable,1,WP-H149-01,시료 채취,시료 채취,5-(2),H-149-2021,present_in_base_ttl_same_guide
ci_unrelated_action_filter1,H-149-2021,망간의 생물학적 노출지표 물질 분석에 관한 기술지침,exclusive,measurement_analysis,photo_unmatchable,2,WP-H149-03,시약 조제,시약 조제,5-(4),H-149-2021,present_in_base_ttl_same_guide
ci_unrelated_action_filter1,H-149-2021,망간의 생물학적 노출지표 물질 분석에 관한 기술지침,exclusive,measurement_analysis,photo_unmatchable,3,WP-H149-06,농도 계산 및 노출 평가,농도 계산 및 노출 평가,5-(7),H-149-2021,present_in_base_ttl_same_guide
ci_unrelated_action_filter1,H-15-2021,수은의생물학적노출지표물질분석에관한지침,exclusive,measurement_analysis,photo_unmatchable,1,WP-H15-03,혈액 시료 채취,혈액 시료 채취,5.2.1,H-15-2021,present_in_base_ttl_same_guide
ci_unrelated_action_filter1,H-15-2021,수은의생물학적노출지표물질분석에관한지침,exclusive,measurement_analysis,photo_unmatchable,2,WP-H15-01,소변 시료 채취,소변 시료 채취,5.1.1,H-15-2021,present_in_base_ttl_same_guide
ci_unrelated_action_filter1,H-152-2021,질산의 생물학적 노출지표 물질 분석에 관한 기술지침,exclusive,measurement_analysis,photo_unmatchable,1,WP-H152-01,시료 채취,시료 채취,5.(2),H-152-2021,present_in_base_ttl_same_guide
ci_unrelated_action_filter1,H-155-2019,비파괴 작업근로자의 방사선노출 관리지침,exclusive,management_program,photo_conditional_followup,1,WP-H155-01,방사선 관리구역 설정 및 표지 설치,방사선 관리구역 설정 및 표지 설치,7.3,H-155-2019,present_in_base_ttl_same_guide
ci_unrelated_action_filter1,H-155-2019,비파괴 작업근로자의 방사선노출 관리지침,exclusive,management_program,photo_conditional_followup,2,WP-H155-02,방사선 조사장치 설치 및 점검,방사선 조사장치 설치 및 점검,7.4,H-155-2019,present_in_base_ttl_same_guide
ci_unrelated_action_filter1,H-158-2021,물질안전보건자료 교육실시에 관한 지침,domain_specific,document_reference,photo_unmatchable,1,WP-H158-01,교육 대상 파악 및 계획 수립,교육 대상 파악 및 계획 수립,5.2,H-158-2021,present_in_base_ttl_same_guide
ci_unrelated_action_filter1,H-158-2021,물질안전보건자료 교육실시에 관한 지침,domain_specific,document_reference,photo_unmatchable,2,WP-H158-03,교육 실시,교육 실시,5.4,H-158-2021,present_in_base_ttl_same_guide
ci_unrelated_action_filter1,H-158-2021,물질안전보건자료 교육실시에 관한 지침,domain_specific,document_reference,photo_unmatchable,3,WP-H158-04,교육 평가,교육 평가,7,H-158-2021,present_in_base_ttl_same_guide
ci_unrelated_action_filter1,H-158-2021,물질안전보건자료 교육실시에 관한 지침,domain_specific,document_reference,photo_unmatchable,4,WP-H158-05,교육 기록 보관,교육 기록 보관,8,H-158-2021,present_in_base_ttl_same_guide
ci_unrelated_action_filter1,H-158-2021,물질안전보건자료 교육실시에 관한 지침,domain_specific,document_reference,photo_unmatchable,5,WP-H158-02,교육 자료 준비,교육 자료 준비,5.4,H-158-2021,present_in_base_ttl_same_guide
ci_unrelated_action_filter1,H-16-2021,불화수소의생물학적노출지표물질분석에관한지침,exclusive,measurement_analysis,photo_unmatchable,1,WP-H16-03,시료 및 표준용액 전처리,시료 및 표준용액 전처리,5.1.2,H-16-2021,present_in_base_ttl_same_guide
ci_unrelated_action_filter1,H-16-2021,불화수소의생물학적노출지표물질분석에관한지침,exclusive,measurement_analysis,photo_unmatchable,2,WP-H16-01,시료채취,시료채취,5.1.1,H-16-2021,present_in_base_ttl_same_guide
ci_unrelated_action_filter1,H-16-2021,불화수소의생물학적노출지표물질분석에관한지침,exclusive,measurement_analysis,photo_unmatchable,3,WP-H16-04,농도계산 및 결과 판정,농도계산 및 결과 판정,5.1.2,H-16-2021,present_in_base_ttl_same_guide
ci_unrelated_action_filter1,H-160-2014,청력보호구의 착용방법 및 관리에 관한 지침,domain_specific,field_control,photo_actionable,1,WP-H160-01,청력보호구 선택,청력보호구 선택,6.1,H-160-2014,present_in_base_ttl_same_guide
ci_unrelated_action_filter1,H-160-2014,청력보호구의 착용방법 및 관리에 관한 지침,domain_specific,field_control,photo_actionable,2,WP-H160-05,밀착도 검사(Fit test),밀착도 검사(Fit test),6.4,H-160-2014,present_in_base_ttl_same_guide
ci_unrelated_action_filter1,H-160-2014,청력보호구의 착용방법 및 관리에 관한 지침,domain_specific,field_control,photo_actionable,3,WP-H160-06,청력보호구 관리 및 세척,청력보호구 관리 및 세척,7,H-160-2014,present_in_base_ttl_same_guide
ci_unrelated_action_filter1,H-160-2014,청력보호구의 착용방법 및 관리에 관한 지침,domain_specific,field_control,photo_actionable,4,WP-H160-02,청력보호구 지급,청력보호구 지급,6.2,H-160-2014,present_in_base_ttl_same_guide
ci_unrelated_action_filter1,H-160-2014,청력보호구의 착용방법 및 관리에 관한 지침,domain_specific,field_control,photo_actionable,5,WP-H160-03,폼형 또는 실리콘형 귀마개 착용,폼형 또는 실리콘형 귀마개 착용,6.3,H-160-2014,present_in_base_ttl_same_guide
ci_unrelated_action_filter1,H-160-2014,청력보호구의 착용방법 및 관리에 관한 지침,domain_specific,field_control,photo_actionable,6,WP-H160-04,플러그형 귀마개 착용,플러그형 귀마개 착용,6.3,H-160-2014,present_in_base_ttl_same_guide
ci_unrelated_action_filter1,H-160-2014,청력보호구의 착용방법 및 관리에 관한 지침,domain_specific,field_control,photo_actionable,7,WP-H160-07,청력보호구 관련 교육 실시,청력보호구 관련 교육 실시,8,H-160-2014,present_in_base_ttl_same_guide
ci_unrelated_action_filter1,H-162-2023,사업장 건강증진활동 계획 수립 및 시행에 관한 지침,general,field_control,photo_actionable,1,WP-H162-02,중장기 종합계획 수립,중장기 종합계획 수립,8.2,H-162-2023,present_in_base_ttl_same_guide
ci_unrelated_action_filter1,H-162-2023,사업장 건강증진활동 계획 수립 및 시행에 관한 지침,general,field_control,photo_actionable,2,WP-H162-08,프로그램 시행,프로그램 시행,9.1,H-162-2023,present_in_base_ttl_same_guide
ci_unrelated_action_filter1,H-162-2023,사업장 건강증진활동 계획 수립 및 시행에 관한 지침,general,field_control,photo_actionable,3,WP-H162-09,평가 및 환류,평가 및 환류,9.2,H-162-2023,present_in_base_ttl_same_guide
ci_unrelated_action_filter1,H-163-2021,고객응대 근로자의 감정노동평가 지침,domain_specific,measurement_analysis,photo_unmatchable,1,WP-H163-01,고위험 집단 파악,고위험 집단 파악,5,H-163-2021,present_in_base_ttl_same_guide
ci_unrelated_action_filter1,H-163-2021,고객응대 근로자의 감정노동평가 지침,domain_specific,measurement_analysis,photo_unmatchable,2,WP-H163-02,한국형 감정노동평가도구(K_ELS®11) 설문 실시,한국형 감정노동평가도구(K_ELS®11) 설문 실시,5.1,H-163-2021,present_in_base_ttl_same_guide
ci_unrelated_action_filter1,H-163-2021,고객응대 근로자의 감정노동평가 지침,domain_specific,measurement_analysis,photo_unmatchable,3,WP-H163-03,점수 산정 및 결과 해석,점수 산정 및 결과 해석,5.2,H-163-2021,present_in_base_ttl_same_guide
ci_unrelated_action_filter1,H-169-2015,사업장에서 디젤엔진 배기가스 노출 근로자의 보건관리지침 제정,domain_specific,management_program,photo_conditional_followup,1,WP-H169-03,개인보호장비 적용 및 관리,개인보호장비 적용 및 관리,5.1,H-169-2015,present_in_base_ttl_same_guide
ci_unrelated_action_filter1,H-169-2015,사업장에서 디젤엔진 배기가스 노출 근로자의 보건관리지침 제정,domain_specific,management_program,photo_conditional_followup,2,WP-H169-04,노출 모니터링,노출 모니터링,5.1,H-169-2015,present_in_base_ttl_same_guide
ci_unrelated_action_filter1,H-169-2015,사업장에서 디젤엔진 배기가스 노출 근로자의 보건관리지침 제정,domain_specific,management_program,photo_conditional_followup,3,WP-H169-05,교육 및 훈련,교육 및 훈련,5.1,H-169-2015,present_in_base_ttl_same_guide
ci_unrelated_action_filter1,H-17-2021,카드뮴의생물학적노출지표물질분석에관한지침,exclusive,measurement_analysis,photo_unmatchable,1,WP-H17-01,혈액 시료 채취,혈액 시료 채취,5.1.1,H-17-2021,present_in_base_ttl_same_guide
ci_unrelated_action_filter1,H-17-2021,카드뮴의생물학적노출지표물질분석에관한지침,exclusive,measurement_analysis,photo_unmatchable,2,WP-H17-04,혈액 중 카드뮴 GF-AAS 분석,혈액 중 카드뮴 GF-AAS 분석,5.1.2,H-17-2021,present_in_base_ttl_same_guide
ci_unrelated_action_filter1,H-17-2021,카드뮴의생물학적노출지표물질분석에관한지침,exclusive,measurement_analysis,photo_unmatchable,3,WP-H17-07,소변 중 카드뮴 GF-AAS 분석,소변 중 카드뮴 GF-AAS 분석,5.2.2,H-17-2021,present_in_base_ttl_same_guide
ci_unrelated_action_filter1,H-17-2021,카드뮴의생물학적노출지표물질분석에관한지침,exclusive,measurement_analysis,photo_unmatchable,4,WP-H17-03,혈액 시료 전처리,혈액 시료 전처리,5.1.2,H-17-2021,present_in_base_ttl_same_guide
ci_unrelated_action_filter1,H-17-2021,카드뮴의생물학적노출지표물질분석에관한지침,exclusive,measurement_analysis,photo_unmatchable,5,WP-H17-05,소변 시료 채취,소변 시료 채취,5.2.1,H-17-2021,present_in_base_ttl_same_guide
ci_unrelated_action_filter1,H-17-2021,카드뮴의생물학적노출지표물질분석에관한지침,exclusive,measurement_analysis,photo_unmatchable,6,WP-H17-06,소변 시료 전처리,소변 시료 전처리,5.2.2,H-17-2021,present_in_base_ttl_same_guide
ci_unrelated_action_filter1,H-17-2021,카드뮴의생물학적노출지표물질분석에관한지침,exclusive,measurement_analysis,photo_unmatchable,7,WP-H17-08,농도 계산 및 결과 판정,농도 계산 및 결과 판정,5.1.2,H-17-2021,present_in_base_ttl_same_guide
ci_unrelated_action_filter1,H-170-2015,인듐 취급 근로자의 보건관리지침,domain_specific,management_program,photo_conditional_followup,1,WP-H170-01,분진 발생원 밀폐 및 격리 시설 설치,분진 발생원 밀폐 및 격리 시설 설치,5.1,H-170-2015,present_in_base_ttl_same_guide
ci_unrelated_action_filter1,H-170-2015,인듐 취급 근로자의 보건관리지침,domain_specific,management_program,photo_conditional_followup,2,WP-H170-02,국소 배기 장치 설치 및 운영,국소 배기 장치 설치 및 운영,5.1,H-170-2015,present_in_base_ttl_same_guide
ci_unrelated_action_filter1,H-170-2015,인듐 취급 근로자의 보건관리지침,domain_specific,management_program,photo_conditional_followup,3,WP-H170-03,작업 관리 및 청소,작업 관리 및 청소,5.2,H-170-2015,present_in_base_ttl_same_guide
ci_unrelated_action_filter1,H-170-2015,인듐 취급 근로자의 보건관리지침,domain_specific,management_program,photo_conditional_followup,4,WP-H170-04,호흡 보호구 선정 및 착용,호흡 보호구 선정 및 착용,5.4,H-170-2015,present_in_base_ttl_same_guide
ci_unrelated_action_filter1,H-170-2015,인듐 취급 근로자의 보건관리지침,domain_specific,management_program,photo_conditional_followup,5,WP-H170-05,건강 진단 및 사후 관리,건강 진단 및 사후 관리,6,H-170-2015,present_in_base_ttl_same_guide
ci_unrelated_action_filter1,H-170-2015,인듐 취급 근로자의 보건관리지침,domain_specific,management_program,photo_conditional_followup,6,WP-H170-06,보건 교육 실시,보건 교육 실시,7,H-170-2015,present_in_base_ttl_same_guide
ci_unrelated_action_filter1,H-171-2023,수산화테트라메틸암모늄(TMAH) 취급 전자산업 근로자의 보건관리지침,exclusive,management_program,photo_conditional_followup,1,WP-H171-02,TMAH 정형작업 수행(현상액·세척제·연마제 사용),TMAH 정형작업 수행(현상액·세척제·연마제 사용),7.2,H-171-2023,present_in_base_ttl_same_guide
ci_unrelated_action_filter1,H-171-2023,수산화테트라메틸암모늄(TMAH) 취급 전자산업 근로자의 보건관리지침,exclusive,management_program,photo_conditional_followup,2,WP-H171-01,작업환경관리 및 보호구 착용,작업환경관리 및 보호구 착용,7.1,H-171-2023,present_in_base_ttl_same_guide
ci_unrelated_action_filter1,H-171-2023,수산화테트라메틸암모늄(TMAH) 취급 전자산업 근로자의 보건관리지침,exclusive,management_program,photo_conditional_followup,3,WP-H171-03,TMAH 설비 정비보수 작업(비정형작업),TMAH 설비 정비보수 작업(비정형작업),6.2,H-171-2023,present_in_base_ttl_same_guide
ci_unrelated_action_filter1,H-171-2023,수산화테트라메틸암모늄(TMAH) 취급 전자산업 근로자의 보건관리지침,exclusive,management_program,photo_conditional_followup,4,WP-H171-04,TMAH 노출 사고 응급조치,TMAH 노출 사고 응급조치,8,H-171-2023,present_in_base_ttl_same_guide
ci_unrelated_action_filter1,H-172-2015,아스팔트 도로포장 작업자의 보건관리지침,domain_specific,management_program,photo_conditional_followup,1,WP-H172-03,아스팔트 기층 포설 및 다짐,아스팔트 기층 포설 및 다짐,6,H-172-2015,present_in_base_ttl_same_guide
ci_unrelated_action_filter1,H-172-2015,아스팔트 도로포장 작업자의 보건관리지침,domain_specific,management_program,photo_conditional_followup,2,WP-H172-32,아스팔트 흄 흡입 시 응급처치,아스팔트 흄 흡입 시 응급처치,16,H-172-2015,present_in_base_ttl_same_guide
ci_unrelated_action_filter1,H-172-2015,아스팔트 도로포장 작업자의 보건관리지침,domain_specific,management_program,photo_conditional_followup,3,WP-H172-33,아스팔트 흄 피부 접촉 시 응급처치,아스팔트 흄 피부 접촉 시 응급처치,16,H-172-2015,present_in_base_ttl_same_guide
ci_unrelated_action_filter1,H-172-2015,아스팔트 도로포장 작업자의 보건관리지침,domain_specific,management_program,photo_conditional_followup,4,WP-H172-34,아스팔트 흄 눈 접촉 시 응급처치,아스팔트 흄 눈 접촉 시 응급처치,16,H-172-2015,present_in_base_ttl_same_guide
ci_unrelated_action_filter1,H-172-2015,아스팔트 도로포장 작업자의 보건관리지침,domain_specific,management_program,photo_conditional_followup,5,WP-H172-02,프라임코팅,프라임코팅,6,H-172-2015,present_in_base_ttl_same_guide
ci_unrelated_action_filter1,H-172-2015,아스팔트 도로포장 작업자의 보건관리지침,domain_specific,management_program,photo_conditional_followup,6,WP-H172-04,택코팅,택코팅,6,H-172-2015,present_in_base_ttl_same_guide
ci_unrelated_action_filter1,H-172-2015,아스팔트 도로포장 작업자의 보건관리지침,domain_specific,management_program,photo_conditional_followup,7,WP-H172-06,다짐,다짐,6,H-172-2015,present_in_base_ttl_same_guide
ci_unrelated_action_filter1,H-173-2015,염료 취급 근로자의 보건관리지침,domain_specific,management_program,photo_conditional_followup,1,WP-H173-04,분쇄 (분쇄기),분쇄 (분쇄기),4,H-173-2015,present_in_base_ttl_same_guide
ci_unrelated_action_filter1,H-173-2015,염료 취급 근로자의 보건관리지침,domain_specific,management_program,photo_conditional_followup,2,WP-H173-05,혼합 (혼합기),혼합 (혼합기),4,H-173-2015,present_in_base_ttl_same_guide
ci_unrelated_action_filter1,H-173-2015,염료 취급 근로자의 보건관리지침,domain_specific,management_program,photo_conditional_followup,3,WP-H173-06,포장,포장,4,H-173-2015,present_in_base_ttl_same_guide
ci_unrelated_action_filter1,H-173-2015,염료 취급 근로자의 보건관리지침,domain_specific,management_program,photo_conditional_followup,4,WP-H173-03,건조 (Cabinet 건조기 등),건조 (Cabinet 건조기 등),4,H-173-2015,present_in_base_ttl_same_guide
ci_unrelated_action_filter1,H-173-2015,염료 취급 근로자의 보건관리지침,domain_specific,management_program,photo_conditional_followup,5,WP-H173-01,반응 (반응조),반응 (반응조),4,H-173-2015,present_in_base_ttl_same_guide
ci_unrelated_action_filter1,H-173-2015,염료 취급 근로자의 보건관리지침,domain_specific,management_program,photo_conditional_followup,6,WP-H173-02,여과 (Filter press),여과 (Filter press),4,H-173-2015,present_in_base_ttl_same_guide
ci_unrelated_action_filter1,H-173-2015,염료 취급 근로자의 보건관리지침,domain_specific,management_program,photo_conditional_followup,7,WP-H173-22,염료의 취급,염료의 취급,6.1,H-173-2015,present_in_base_ttl_same_guide
ci_unrelated_action_filter1,H-173-2015,염료 취급 근로자의 보건관리지침,domain_specific,management_program,photo_conditional_followup,8,WP-H173-27,건조공정,건조공정,6.6,H-173-2015,present_in_base_ttl_same_guide
ci_unrelated_action_filter1,H-176-2015,체크리스트를 활용한 장년근로자의 보건관리지침,domain_specific,management_program,photo_conditional_followup,1,WP-H176-01,취업 및 작업 전환 시 체크리스트 점검,취업 및 작업 전환 시 체크리스트 점검,5.1,H-176-2015,present_in_base_ttl_same_guide
ci_unrelated_action_filter1,H-176-2015,체크리스트를 활용한 장년근로자의 보건관리지침,domain_specific,management_program,photo_conditional_followup,2,WP-H176-02,작업자 관리 체크리스트 점검,작업자 관리 체크리스트 점검,5.2,H-176-2015,present_in_base_ttl_same_guide
ci_unrelated_action_filter1,H-176-2015,체크리스트를 활용한 장년근로자의 보건관리지침,domain_specific,management_program,photo_conditional_followup,3,WP-H176-03,작업분량 감소 체크리스트 점검,작업분량 감소 체크리스트 점검,5.3,H-176-2015,present_in_base_ttl_same_guide
ci_unrelated_action_filter1,H-176-2015,체크리스트를 활용한 장년근로자의 보건관리지침,domain_specific,management_program,photo_conditional_followup,4,WP-H176-04,작업자세 체크리스트 점검,작업자세 체크리스트 점검,5.4,H-176-2015,present_in_base_ttl_same_guide
ci_unrelated_action_filter1,H-176-2015,체크리스트를 활용한 장년근로자의 보건관리지침,domain_specific,management_program,photo_conditional_followup,5,WP-H176-05,작업환경 체크리스트 점검,작업환경 체크리스트 점검,5.5,H-176-2015,present_in_base_ttl_same_guide
ci_unrelated_action_filter1,H-176-2015,체크리스트를 활용한 장년근로자의 보건관리지침,domain_specific,management_program,photo_conditional_followup,6,WP-H176-06,건강관리 체크리스트 점검,건강관리 체크리스트 점검,5.6,H-176-2015,present_in_base_ttl_same_guide
ci_unrelated_action_filter1,H-176-2015,체크리스트를 활용한 장년근로자의 보건관리지침,domain_specific,management_program,photo_conditional_followup,7,WP-H176-07,새 직장 적응 체크리스트 점검,새 직장 적응 체크리스트 점검,5.7,H-176-2015,present_in_base_ttl_same_guide
ci_unrelated_action_filter1,H-177-2015,국소진동공구 취급근로자의 보건관리지침,domain_specific,management_program,photo_conditional_followup,1,WP-H177-01,공학적 관리 적용,공학적 관리 적용,6.2,H-177-2015,present_in_base_ttl_same_guide
ci_unrelated_action_filter1,H-177-2015,국소진동공구 취급근로자의 보건관리지침,domain_specific,management_program,photo_conditional_followup,2,WP-H177-02,작업 관리,작업 관리,6.3,H-177-2015,present_in_base_ttl_same_guide
ci_unrelated_action_filter1,H-177-2015,국소진동공구 취급근로자의 보건관리지침,domain_specific,management_program,photo_conditional_followup,3,WP-H177-03,건강 관리 및 모니터링,건강 관리 및 모니터링,6.4,H-177-2015,present_in_base_ttl_same_guide
ci_unrelated_action_filter1,H-177-2015,국소진동공구 취급근로자의 보건관리지침,domain_specific,management_program,photo_conditional_followup,4,WP-H177-04,진동장해 예방 프로그램 수립 및 운영,진동장해 예방 프로그램 수립 및 운영,6.5,H-177-2015,present_in_base_ttl_same_guide
ci_unrelated_action_filter1,H-178-2022,근로자 휴게시설 설치에 관한 기술지침,domain_specific,field_control,photo_actionable,1,WP-H178-01,휴게시설 설치 계획 수립,휴게시설 설치 계획 수립,4,H-178-2022,present_in_base_ttl_same_guide
ci_unrelated_action_filter1,H-178-2022,근로자 휴게시설 설치에 관한 기술지침,domain_specific,field_control,photo_actionable,2,WP-H178-02,휴게시설 위치 선정,휴게시설 위치 선정,5.2,H-178-2022,present_in_base_ttl_same_guide
ci_unrelated_action_filter1,H-178-2022,근로자 휴게시설 설치에 관한 기술지침,domain_specific,field_control,photo_actionable,3,WP-H178-03,휴게시설 공간 설계 및 시공,휴게시설 공간 설계 및 시공,5.1,H-178-2022,present_in_base_ttl_same_guide
ci_unrelated_action_filter1,H-178-2022,근로자 휴게시설 설치에 관한 기술지침,domain_specific,field_control,photo_actionable,4,WP-H178-05,비품 구비 및 표지 부착,비품 구비 및 표지 부착,6.1,H-178-2022,present_in_base_ttl_same_guide
ci_unrelated_action_filter1,H-178-2022,근로자 휴게시설 설치에 관한 기술지침,domain_specific,field_control,photo_actionable,5,WP-H178-07,이용 문화 조성 및 개선,이용 문화 조성 및 개선,7,H-178-2022,present_in_base_ttl_same_guide
ci_unrelated_action_filter1,H-180-2021,직업성 메틸알코올 급성중독 진료지침,exclusive,field_control,photo_actionable,1,WP-H180-02,오염제거,오염제거,8.1,H-180-2021,present_in_base_ttl_same_guide
ci_unrelated_action_filter1,H-180-2021,직업성 메틸알코올 급성중독 진료지침,exclusive,field_control,photo_actionable,2,WP-H180-01,구조자 안전확보,구조자 안전확보,8.1,H-180-2021,present_in_base_ttl_same_guide
ci_unrelated_action_filter1,H-180-2021,직업성 메틸알코올 급성중독 진료지침,exclusive,field_control,photo_actionable,3,WP-H180-05,추가 평가 및 처치,추가 평가 및 처치,8.2,H-180-2021,present_in_base_ttl_same_guide
ci_unrelated_action_filter1,H-180-2021,직업성 메틸알코올 급성중독 진료지침,exclusive,field_control,photo_actionable,4,WP-H180-06,환자 퇴원 및 추적관찰,환자 퇴원 및 추적관찰,8.2,H-180-2021,present_in_base_ttl_same_guide
ci_unrelated_action_filter1,H-181-2021,직업성 염소 급성중독 진료지침,exclusive,field_control,photo_actionable,1,WP-H181-02,오염제거,오염제거,8.1,H-181-2021,present_in_base_ttl_same_guide
ci_unrelated_action_filter1,H-181-2021,직업성 염소 급성중독 진료지침,exclusive,field_control,photo_actionable,2,WP-H181-05,추가적 평가와 처치,추가적 평가와 처치,8.2,H-181-2021,present_in_base_ttl_same_guide
ci_unrelated_action_filter1,H-181-2021,직업성 염소 급성중독 진료지침,exclusive,field_control,photo_actionable,3,WP-H181-06,환자 퇴원 및 추적관찰,환자 퇴원 및 추적관찰,8.2,H-181-2021,present_in_base_ttl_same_guide
ci_unrelated_action_filter1,H-182-2021,직업성 포름산(Formic Acid) 급성중독 진료지침,exclusive,field_control,photo_actionable,1,WP-H182-02,오염제거,오염제거,8.1,H-182-2021,present_in_base_ttl_same_guide
ci_unrelated_action_filter1,H-182-2021,직업성 포름산(Formic Acid) 급성중독 진료지침,exclusive,field_control,photo_actionable,2,WP-H182-01,구조자 안전확보,구조자 안전확보,8.1,H-182-2021,present_in_base_ttl_same_guide
ci_unrelated_action_filter1,H-182-2021,직업성 포름산(Formic Acid) 급성중독 진료지침,exclusive,field_control,photo_actionable,3,WP-H182-04,최초 처치(현장/병원/응급실),최초 처치(현장/병원/응급실),8.2,H-182-2021,present_in_base_ttl_same_guide
ci_unrelated_action_filter1,H-182-2021,직업성 포름산(Formic Acid) 급성중독 진료지침,exclusive,field_control,photo_actionable,4,WP-H182-06,환자 퇴원 및 추적관찰,환자 퇴원 및 추적관찰,8.2,H-182-2021,present_in_base_ttl_same_guide
ci_unrelated_action_filter1,H-183-2021,직업성 에틸렌글리콜 급성중독 진료지침,exclusive,field_control,photo_actionable,1,WP-H183-01,구조자 안전확보,구조자 안전확보,8.1,H-183-2021,present_in_base_ttl_same_guide
ci_unrelated_action_filter1,H-183-2021,직업성 에틸렌글리콜 급성중독 진료지침,exclusive,field_control,photo_actionable,2,WP-H183-02,오염제거,오염제거,8.1,H-183-2021,present_in_base_ttl_same_guide
ci_unrelated_action_filter1,H-183-2021,직업성 에틸렌글리콜 급성중독 진료지침,exclusive,field_control,photo_actionable,3,WP-H183-04,최초 처치 및 이송,최초 처치 및 이송,8.2,H-183-2021,present_in_base_ttl_same_guide
ci_unrelated_action_filter1,H-183-2021,직업성 에틸렌글리콜 급성중독 진료지침,exclusive,field_control,photo_actionable,4,WP-H183-05,추가적인 평가와 처치,추가적인 평가와 처치,8.2,H-183-2021,present_in_base_ttl_same_guide
ci_unrelated_action_filter1,H-184-2021,직업성 산화에틸렌 급성중독 진료지침,exclusive,field_control,photo_actionable,1,WP-H184-02,오염제거,오염제거,8.1,H-184-2021,present_in_base_ttl_same_guide
ci_unrelated_action_filter1,H-184-2021,직업성 산화에틸렌 급성중독 진료지침,exclusive,field_control,photo_actionable,2,WP-H184-04,최초 처치 (응급구조사·의사),최초 처치 (응급구조사·의사),8.2,H-184-2021,present_in_base_ttl_same_guide
ci_unrelated_action_filter1,H-184-2021,직업성 산화에틸렌 급성중독 진료지침,exclusive,field_control,photo_actionable,3,WP-H184-01,구조자 안전확보,구조자 안전확보,8.1,H-184-2021,present_in_base_ttl_same_guide
ci_unrelated_action_filter1,H-186-2016,사업장 공기매개 감염병 확산방지 지침,domain_specific,field_control,photo_actionable,1,WP-H186-01,개인위생 인프라 강화,개인위생 인프라 강화,5.2,H-186-2016,present_in_base_ttl_same_guide
ci_unrelated_action_filter1,H-186-2016,사업장 공기매개 감염병 확산방지 지침,domain_specific,field_control,photo_actionable,2,WP-H186-07,감염병 발생 작업환경 소독 및 격리,감염병 발생 작업환경 소독 및 격리,8,H-186-2016,present_in_base_ttl_same_guide
ci_unrelated_action_filter1,H-186-2016,사업장 공기매개 감염병 확산방지 지침,domain_specific,field_control,photo_actionable,3,WP-H186-02,개인위생 실천방안 홍보,개인위생 실천방안 홍보,5.2,H-186-2016,present_in_base_ttl_same_guide
ci_unrelated_action_filter1,H-186-2016,사업장 공기매개 감염병 확산방지 지침,domain_specific,field_control,photo_actionable,4,WP-H186-08,개인보호구 착용,개인보호구 착용,부록 1,H-186-2016,present_in_base_ttl_same_guide
ci_unrelated_action_filter1,H-186-2016,사업장 공기매개 감염병 확산방지 지침,domain_specific,field_control,photo_actionable,5,WP-H186-09,개인보호구 탈의,개인보호구 탈의,부록 1,H-186-2016,present_in_base_ttl_same_guide
ci_unrelated_action_filter1,H-187-2021,산업재해 형태별 응급처치 요령,exclusive,field_control,photo_actionable,1,WP-H187-04,절단 응급처치,절단 응급처치,4.3.2.2,H-187-2021,present_in_base_ttl_same_guide
ci_unrelated_action_filter1,H-187-2021,산업재해 형태별 응급처치 요령,exclusive,field_control,photo_actionable,2,WP-H187-01,골절 응급처치,골절 응급처치,4.1,H-187-2021,present_in_base_ttl_same_guide
ci_unrelated_action_filter1,H-187-2021,산업재해 형태별 응급처치 요령,exclusive,field_control,photo_actionable,3,WP-H187-02,폐쇄성 연부조직 손상 응급처치,폐쇄성 연부조직 손상 응급처치,4.2,H-187-2021,present_in_base_ttl_same_guide
ci_unrelated_action_filter1,H-187-2021,산업재해 형태별 응급처치 요령,exclusive,field_control,photo_actionable,4,WP-H187-08,전기화상 응급처치,전기화상 응급처치,4.5,H-187-2021,present_in_base_ttl_same_guide
ci_unrelated_action_filter1,H-187-2021,산업재해 형태별 응급처치 요령,exclusive,field_control,photo_actionable,5,WP-H187-06,열상화상 응급처치,열상화상 응급처치,4.5,H-187-2021,present_in_base_ttl_same_guide
ci_unrelated_action_filter1,H-187-2021,산업재해 형태별 응급처치 요령,exclusive,field_control,photo_actionable,6,WP-H187-03,개방성 연부조직 손상 응급처치,개방성 연부조직 손상 응급처치,4.3,H-187-2021,present_in_base_ttl_same_guide
ci_unrelated_action_filter1,H-187-2021,산업재해 형태별 응급처치 요령,exclusive,field_control,photo_actionable,7,WP-H187-07,화학화상 응급처치,화학화상 응급처치,4.5,H-187-2021,present_in_base_ttl_same_guide
ci_unrelated_action_filter1,H-187-2021,산업재해 형태별 응급처치 요령,exclusive,field_control,photo_actionable,8,WP-H187-05,기도폐쇄 응급처치,기도폐쇄 응급처치,4.4,H-187-2021,present_in_base_ttl_same_guide
ci_unrelated_action_filter1,H-188-2021,사업장 근로자의 만성 신장질환관리 지침,domain_specific,health_screening,photo_unmatchable,1,WP-H188-02,신장기능 평가 및 만성신장질환 분류,신장기능 평가 및 만성신장질환 분류,4.2,H-188-2021,present_in_base_ttl_same_guide
ci_unrelated_action_filter1,H-188-2021,사업장 근로자의 만성 신장질환관리 지침,domain_specific,health_screening,photo_unmatchable,2,WP-H188-04,업무적합성 평가,업무적합성 평가,5,H-188-2021,present_in_base_ttl_same_guide
ci_unrelated_action_filter1,H-188-2021,사업장 근로자의 만성 신장질환관리 지침,domain_specific,health_screening,photo_unmatchable,3,WP-H188-03,이상소견 사후관리 및 추적검사,이상소견 사후관리 및 추적검사,4.4,H-188-2021,present_in_base_ttl_same_guide
ci_unrelated_action_filter1,H-188-2021,사업장 근로자의 만성 신장질환관리 지침,domain_specific,health_screening,photo_unmatchable,4,WP-H188-01,신장질환 관련 검사 실시,신장질환 관련 검사 실시,4.1,H-188-2021,present_in_base_ttl_same_guide
ci_unrelated_action_filter1,H-188-2021,사업장 근로자의 만성 신장질환관리 지침,domain_specific,health_screening,photo_unmatchable,5,WP-H188-05,근로자 건강관리,근로자 건강관리,6,H-188-2021,present_in_base_ttl_same_guide
ci_unrelated_action_filter1,H-189-2021,사업장 근로자의 뇌전증 관리지침,domain_specific,health_screening,photo_unmatchable,1,WP-H189-08,업무적합성 기준 적용,업무적합성 기준 적용,4.3,H-189-2021,present_in_base_ttl_same_guide
ci_unrelated_action_filter1,H-189-2021,사업장 근로자의 뇌전증 관리지침,domain_specific,health_screening,photo_unmatchable,2,WP-H189-25,뇌전증 발작 시 응급대응,뇌전증 발작 시 응급대응,5.1,H-189-2021,present_in_base_ttl_same_guide
ci_unrelated_action_filter1,H-189-2021,사업장 근로자의 뇌전증 관리지침,domain_specific,health_screening,photo_unmatchable,3,WP-H189-06,뇌전증의 평가,뇌전증의 평가,4.1,H-189-2021,present_in_base_ttl_same_guide
ci_unrelated_action_filter1,H-189-2021,사업장 근로자의 뇌전증 관리지침,domain_specific,health_screening,photo_unmatchable,4,WP-H189-07,업무의 평가,업무의 평가,4.2,H-189-2021,present_in_base_ttl_same_guide
ci_unrelated_action_filter1,H-189-2021,사업장 근로자의 뇌전증 관리지침,domain_specific,health_screening,photo_unmatchable,5,WP-H189-10,업무적합성 평가 후 관리,업무적합성 평가 후 관리,4.4.2,H-189-2021,present_in_base_ttl_same_guide
ci_unrelated_action_filter1,H-189-2021,사업장 근로자의 뇌전증 관리지침,domain_specific,health_screening,photo_unmatchable,6,WP-H189-27,뇌전증 근로자 업무적합성 평가,뇌전증 근로자 업무적합성 평가,6,H-189-2021,present_in_base_ttl_same_guide
ci_unrelated_action_filter1,H-189-2021,사업장 근로자의 뇌전증 관리지침,domain_specific,health_screening,photo_unmatchable,7,WP-H189-09,업무적합성 평가 및 조치,업무적합성 평가 및 조치,4.4,H-189-2021,present_in_base_ttl_same_guide
ci_unrelated_action_filter1,H-189-2021,사업장 근로자의 뇌전증 관리지침,domain_specific,health_screening,photo_unmatchable,8,WP-H189-26,항뇌전증약 복용 관리,항뇌전증약 복용 관리,5.2,H-189-2021,present_in_base_ttl_same_guide
ci_unrelated_action_filter1,H-190-2021,교대작업자의 만성질환 관리수준 평가지침,domain_specific,field_control,photo_actionable,1,WP-H190-03,개인별 추적관리 계획 수립 및 이행 평가,개인별 추적관리 계획 수립 및 이행 평가,4.3,H-190-2021,present_in_base_ttl_same_guide
ci_unrelated_action_filter1,H-190-2021,교대작업자의 만성질환 관리수준 평가지침,domain_specific,field_control,photo_actionable,2,WP-H190-01,근무 지원수준 평가,근무 지원수준 평가,4.1.4,H-190-2021,present_in_base_ttl_same_guide
ci_unrelated_action_filter1,H-190-2021,교대작업자의 만성질환 관리수준 평가지침,domain_specific,field_control,photo_actionable,3,WP-H190-04,고혈압 관리수준 평가,고혈압 관리수준 평가,5.1.4,H-190-2021,present_in_base_ttl_same_guide
ci_unrelated_action_filter1,H-190-2021,교대작업자의 만성질환 관리수준 평가지침,domain_specific,field_control,photo_actionable,4,WP-H190-05,당뇨병 관리수준 평가,당뇨병 관리수준 평가,5.2.4,H-190-2021,present_in_base_ttl_same_guide
ci_unrelated_action_filter1,H-190-2021,교대작업자의 만성질환 관리수준 평가지침,domain_specific,field_control,photo_actionable,5,WP-H190-06,이상지질혈증 관리수준 평가,이상지질혈증 관리수준 평가,5.3.3,H-190-2021,present_in_base_ttl_same_guide
ci_unrelated_action_filter1,H-191-2021,살처분 매몰처리 작업자 건강관리지침,exclusive,management_program,photo_conditional_followup,1,WP-H191-06,"살처분 가축(사체) 투입 및 복토, 성토","살처분 가축(사체) 투입 및 복토, 성토",5.5,H-191-2021,present_in_base_ttl_same_guide
ci_unrelated_action_filter1,H-191-2021,살처분 매몰처리 작업자 건강관리지침,exclusive,management_program,photo_conditional_followup,2,WP-H191-01,살처분 작업,살처분 작업,5.5,H-191-2021,present_in_base_ttl_same_guide
ci_unrelated_action_filter1,H-191-2021,살처분 매몰처리 작업자 건강관리지침,exclusive,management_program,photo_conditional_followup,3,WP-H191-02,사전조사 및 작업계획서 작성,사전조사 및 작업계획서 작성,5.5,H-191-2021,present_in_base_ttl_same_guide
ci_unrelated_action_filter1,H-191-2021,살처분 매몰처리 작업자 건강관리지침,exclusive,management_program,photo_conditional_followup,4,WP-H191-04,매몰 장소 굴착,매몰 장소 굴착,5.5,H-191-2021,present_in_base_ttl_same_guide
ci_unrelated_action_filter1,H-191-2021,살처분 매몰처리 작업자 건강관리지침,exclusive,management_program,photo_conditional_followup,5,WP-H191-05,혼합토 도포 및 비닐설치,혼합토 도포 및 비닐설치,5.5,H-191-2021,present_in_base_ttl_same_guide
ci_unrelated_action_filter1,H-191-2021,살처분 매몰처리 작업자 건강관리지침,exclusive,management_program,photo_conditional_followup,6,WP-H191-07,배수로 및 저류조 설치,배수로 및 저류조 설치,5.5,H-191-2021,present_in_base_ttl_same_guide
ci_unrelated_action_filter1,H-192-2021,제련작업자의 건강관리 지침,exclusive,field_control,photo_actionable,1,WP-H192-02,정제 공정(정제련) - 건식 제련,정제 공정(정제련) - 건식 제련,4,H-192-2021,present_in_base_ttl_same_guide
ci_unrelated_action_filter1,H-192-2021,제련작업자의 건강관리 지침,exclusive,field_control,photo_actionable,2,WP-H192-01,용련 공정(조제련),용련 공정(조제련),4,H-192-2021,present_in_base_ttl_same_guide
ci_unrelated_action_filter1,H-192-2021,제련작업자의 건강관리 지침,exclusive,field_control,photo_actionable,3,WP-H192-03,정제 공정(정제련) - 습식 제련,정제 공정(정제련) - 습식 제련,4,H-192-2021,present_in_base_ttl_same_guide
ci_unrelated_action_filter1,H-193-2021,석면 해제 제거 작업자의 건강관리 지침,exclusive,health_screening,photo_unmatchable,1,WP-H193-03,석면 해체 제거 작업 중 건강 모니터링,석면 해체 제거 작업 중 건강 모니터링,7,H-193-2021,present_in_base_ttl_same_guide
ci_unrelated_action_filter1,H-193-2021,석면 해제 제거 작업자의 건강관리 지침,exclusive,health_screening,photo_unmatchable,2,WP-H193-01,배치전 건강진단 실시,배치전 건강진단 실시,6-(1),H-193-2021,present_in_base_ttl_same_guide
ci_unrelated_action_filter1,H-193-2021,석면 해제 제거 작업자의 건강관리 지침,exclusive,health_screening,photo_unmatchable,3,WP-H193-02,보호구 선택 및 밀착검사,보호구 선택 및 밀착검사,6-(4),H-193-2021,present_in_base_ttl_same_guide
ci_unrelated_action_filter1,H-193-2021,석면 해제 제거 작업자의 건강관리 지침,exclusive,health_screening,photo_unmatchable,4,WP-H193-04,건강관리수첩 발급 안내 및 이직 후 관리,건강관리수첩 발급 안내 및 이직 후 관리,6-(2),H-193-2021,present_in_base_ttl_same_guide
ci_unrelated_action_filter1,H-194-2021,사업장 근로자의 업무관련성평가 기본지침,domain_specific,measurement_analysis,photo_unmatchable,1,WP-H194-03,노출평가 서류 준비,노출평가 서류 준비,5.2,H-194-2021,present_in_base_ttl_same_guide
ci_unrelated_action_filter1,H-194-2021,사업장 근로자의 업무관련성평가 기본지침,domain_specific,measurement_analysis,photo_unmatchable,2,WP-H194-01,질병 진단 및 진단서 확보,질병 진단 및 진단서 확보,5.2,H-194-2021,present_in_base_ttl_same_guide
ci_unrelated_action_filter1,H-194-2021,사업장 근로자의 업무관련성평가 기본지침,domain_specific,measurement_analysis,photo_unmatchable,3,WP-H194-04,업무관련성평가 실시,업무관련성평가 실시,5.2,H-194-2021,present_in_base_ttl_same_guide
ci_unrelated_action_filter1,H-194-2021,사업장 근로자의 업무관련성평가 기본지침,domain_specific,measurement_analysis,photo_unmatchable,4,WP-H194-05,서류 발급 및 산재 신청,서류 발급 및 산재 신청,5.2,H-194-2021,present_in_base_ttl_same_guide
ci_unrelated_action_filter1,H-195-2021,사업장 근로자의 업무적합성평가 기본지침,domain_specific,measurement_analysis,photo_unmatchable,1,WP-H195-04,업무적합성평가 판정,업무적합성평가 판정,5.4,H-195-2021,present_in_base_ttl_same_guide
ci_unrelated_action_filter1,H-195-2021,사업장 근로자의 업무적합성평가 기본지침,domain_specific,measurement_analysis,photo_unmatchable,2,WP-H195-02,직업력 및 병력조사,직업력 및 병력조사,5.2,H-195-2021,present_in_base_ttl_same_guide
ci_unrelated_action_filter1,H-195-2021,사업장 근로자의 업무적합성평가 기본지침,domain_specific,measurement_analysis,photo_unmatchable,3,WP-H195-05,평가서 발부 및 통보,평가서 발부 및 통보,5.5,H-195-2021,present_in_base_ttl_same_guide
ci_unrelated_action_filter1,H-195-2021,사업장 근로자의 업무적합성평가 기본지침,domain_specific,measurement_analysis,photo_unmatchable,4,WP-H195-03,업무분석,업무분석,5.3,H-195-2021,present_in_base_ttl_same_guide
ci_unrelated_action_filter1,H-197-2021,사업장내 결핵발생 시 보건관리지침,exclusive,management_program,photo_conditional_followup,1,WP-H197-05,접촉자 검사 및 추구검사,접촉자 검사 및 추구검사,6.1,H-197-2021,present_in_base_ttl_same_guide
ci_unrelated_action_filter1,H-197-2021,사업장내 결핵발생 시 보건관리지침,exclusive,management_program,photo_conditional_followup,2,WP-H197-01,결핵 진단 (증상 확인 및 검사),결핵 진단 (증상 확인 및 검사),4.1,H-197-2021,present_in_base_ttl_same_guide
ci_unrelated_action_filter1,H-197-2021,사업장내 결핵발생 시 보건관리지침,exclusive,management_program,photo_conditional_followup,3,WP-H197-02,결핵 치료 (항결핵제 투여),결핵 치료 (항결핵제 투여),4.2,H-197-2021,present_in_base_ttl_same_guide
ci_unrelated_action_filter1,H-197-2021,사업장내 결핵발생 시 보건관리지침,exclusive,management_program,photo_conditional_followup,4,WP-H197-03,전염성 결핵환자 격리 조치 (업무의 일시 제한),전염성 결핵환자 격리 조치 (업무의 일시 제한),5.1,H-197-2021,present_in_base_ttl_same_guide
ci_unrelated_action_filter1,H-197-2021,사업장내 결핵발생 시 보건관리지침,exclusive,management_program,photo_conditional_followup,5,WP-H197-04,접촉자조사 실시 및 범위 결정,접촉자조사 실시 및 범위 결정,6.1,H-197-2021,present_in_base_ttl_same_guide
ci_unrelated_action_filter1,H-197-2021,사업장내 결핵발생 시 보건관리지침,exclusive,management_program,photo_conditional_followup,6,WP-H197-06,감염병 예방 및 보호구 관리,감염병 예방 및 보호구 관리,7.1,H-197-2021,present_in_base_ttl_same_guide
ci_unrelated_action_filter1,H-199-2018,석면해체 제거작업 감리지침,exclusive,field_control,photo_actionable,1,WP-H199-01,석면해체·제거 준비작업,석면해체·제거 준비작업,4.3.4.1,H-199-2018,present_in_base_ttl_same_guide
ci_unrelated_action_filter1,H-199-2018,석면해체 제거작업 감리지침,exclusive,field_control,photo_actionable,2,WP-H199-06,석면해체·제거 작업 종료후 조치,석면해체·제거 작업 종료후 조치,4.3.4.3,H-199-2018,present_in_base_ttl_same_guide
ci_unrelated_action_filter1,H-199-2018,석면해체 제거작업 감리지침,exclusive,field_control,photo_actionable,3,WP-H199-07,폐석면 지정폐기물 수집·보관·처리,폐석면 지정폐기물 수집·보관·처리,5.2,H-199-2018,present_in_base_ttl_same_guide
ci_unrelated_action_filter1,H-2-2010,비특이 기도과민 검사실시 지침,exclusive,field_control,photo_actionable,1,WP-H2-03,5회 흡식 전량계 흡입법 검사 수행,5회 흡식 전량계 흡입법 검사 수행,8,H-2-2010,present_in_base_ttl_same_guide
ci_unrelated_action_filter1,H-2-2010,비특이 기도과민 검사실시 지침,exclusive,field_control,photo_actionable,2,WP-H2-04,검사 결과 작성 및 판정,검사 결과 작성 및 판정,9,H-2-2010,present_in_base_ttl_same_guide
ci_unrelated_action_filter1,H-2-2010,비특이 기도과민 검사실시 지침,exclusive,field_control,photo_actionable,3,WP-H2-01,검사 전 스크리닝 및 준비,검사 전 스크리닝 및 준비,6,H-2-2010,present_in_base_ttl_same_guide
ci_unrelated_action_filter1,H-2-2010,비특이 기도과민 검사실시 지침,exclusive,field_control,photo_actionable,4,WP-H2-02,메타콜린 용액 준비 및 보관,메타콜린 용액 준비 및 보관,7,H-2-2010,present_in_base_ttl_same_guide
ci_unrelated_action_filter1,H-200-2018,직장에서의 뇌심혈관발병 위험도 평가 및 사후관리지침,domain_specific,health_screening,photo_unmatchable,1,WP-H200-13,보건교육과 상담,보건교육과 상담,9.3,H-200-2018,present_in_base_ttl_same_guide
ci_unrelated_action_filter1,H-200-2018,직장에서의 뇌심혈관발병 위험도 평가 및 사후관리지침,domain_specific,health_screening,photo_unmatchable,2,WP-H200-28,뇌심혈관질환 발병위험도평가에 따른 사후관리 실시,뇌심혈관질환 발병위험도평가에 따른 사후관리 실시,표,H-200-2018,present_in_base_ttl_same_guide
ci_unrelated_action_filter1,H-200-2018,직장에서의 뇌심혈관발병 위험도 평가 및 사후관리지침,domain_specific,health_screening,photo_unmatchable,3,WP-H200-01,발병위험도 평가 계획 수립,발병위험도 평가 계획 수립,4,H-200-2018,present_in_base_ttl_same_guide
ci_unrelated_action_filter1,H-200-2018,직장에서의 뇌심혈관발병 위험도 평가 및 사후관리지침,domain_specific,health_screening,photo_unmatchable,4,WP-H200-05,평가결과 통지,평가결과 통지,8,H-200-2018,present_in_base_ttl_same_guide
ci_unrelated_action_filter1,H-200-2018,직장에서의 뇌심혈관발병 위험도 평가 및 사후관리지침,domain_specific,health_screening,photo_unmatchable,5,WP-H200-21,뇌심혈관질환 발병위험도 평가대상 및 주기 결정,뇌심혈관질환 발병위험도 평가대상 및 주기 결정,표,H-200-2018,present_in_base_ttl_same_guide
ci_unrelated_action_filter1,H-200-2018,직장에서의 뇌심혈관발병 위험도 평가 및 사후관리지침,domain_specific,health_screening,photo_unmatchable,6,WP-H200-23,뇌심혈관질환 발병위험도평가자료 종합조사표 작성,뇌심혈관질환 발병위험도평가자료 종합조사표 작성,표,H-200-2018,present_in_base_ttl_same_guide
ci_unrelated_action_filter1,H-200-2018,직장에서의 뇌심혈관발병 위험도 평가 및 사후관리지침,domain_specific,health_screening,photo_unmatchable,7,WP-H200-04,발병위험도 종합평가 및 위험수준 분류,발병위험도 종합평가 및 위험수준 분류,7.1,H-200-2018,present_in_base_ttl_same_guide
ci_unrelated_action_filter1,H-200-2018,직장에서의 뇌심혈관발병 위험도 평가 및 사후관리지침,domain_specific,health_screening,photo_unmatchable,8,WP-H200-11,기초질환관리,기초질환관리,9.1,H-200-2018,present_in_base_ttl_same_guide
ci_unrelated_action_filter1,H-201-2018,기업건강증진지수평가지침,general,field_control,photo_actionable,1,WP-H201-02,요구도 산출,요구도 산출,5.2,H-201-2018,present_in_base_ttl_same_guide
ci_unrelated_action_filter1,H-201-2018,기업건강증진지수평가지침,general,field_control,photo_actionable,2,WP-H201-04,기업건강증진지수 산출,기업건강증진지수 산출,5.4,H-201-2018,present_in_base_ttl_same_guide
ci_unrelated_action_filter1,H-203-2018,고객응대업무 종사자 건강보호 매뉴얼 작성지침,domain_specific,document_reference,photo_unmatchable,1,WP-H203-06,폭언·폭력 발생 시 대응절차,폭언·폭력 발생 시 대응절차,7.8,H-203-2018,present_in_base_ttl_same_guide
ci_unrelated_action_filter1,H-203-2018,고객응대업무 종사자 건강보호 매뉴얼 작성지침,domain_specific,document_reference,photo_unmatchable,2,WP-H203-01,기획단계,기획단계,6.1,H-203-2018,present_in_base_ttl_same_guide
ci_unrelated_action_filter1,H-203-2018,고객응대업무 종사자 건강보호 매뉴얼 작성지침,domain_specific,document_reference,photo_unmatchable,3,WP-H203-02,작성 단계,작성 단계,6.2,H-203-2018,present_in_base_ttl_same_guide
ci_unrelated_action_filter1,H-204-2018,직장 따돌림 예방관리지침,domain_specific,management_program,photo_conditional_followup,1,WP-H204-02,직장 따돌림 예방 계획 및 정책 수립,직장 따돌림 예방 계획 및 정책 수립,8.2,H-204-2018,present_in_base_ttl_same_guide
ci_unrelated_action_filter1,H-204-2018,직장 따돌림 예방관리지침,domain_specific,management_program,photo_conditional_followup,2,WP-H204-01,직장 따돌림 수준 파악,직장 따돌림 수준 파악,8.1,H-204-2018,present_in_base_ttl_same_guide
ci_unrelated_action_filter1,H-204-2018,직장 따돌림 예방관리지침,domain_specific,management_program,photo_conditional_followup,3,WP-H204-05,조사 및 중재,조사 및 중재,9.1,H-204-2018,present_in_base_ttl_same_guide
ci_unrelated_action_filter1,H-204-2018,직장 따돌림 예방관리지침,domain_specific,management_program,photo_conditional_followup,4,WP-H204-03,정보 및 교육 제공,정보 및 교육 제공,8.3,H-204-2018,present_in_base_ttl_same_guide
ci_unrelated_action_filter1,H-204-2018,직장 따돌림 예방관리지침,domain_specific,management_program,photo_conditional_followup,5,WP-H204-04,직장 따돌림 사건 접수,직장 따돌림 사건 접수,9.1,H-204-2018,present_in_base_ttl_same_guide
ci_unrelated_action_filter1,H-204-2018,직장 따돌림 예방관리지침,domain_specific,management_program,photo_conditional_followup,6,WP-H204-07,효과 모니터링,효과 모니터링,8.5,H-204-2018,present_in_base_ttl_same_guide
ci_unrelated_action_filter1,H-205-2018,작업환경상 건강유해요인에 대한 위험성평가 지침,domain_specific,risk_method,photo_unmatchable,1,WP-H205-02,위험성 추정,위험성 추정,4.2.2,H-205-2018,present_in_base_ttl_same_guide
ci_unrelated_action_filter1,H-205-2018,작업환경상 건강유해요인에 대한 위험성평가 지침,domain_specific,risk_method,photo_unmatchable,2,WP-H205-04,위험성 감소대책 수립 및 실행,위험성 감소대책 수립 및 실행,4.2.4,H-205-2018,present_in_base_ttl_same_guide
ci_unrelated_action_filter1,H-205-2018,작업환경상 건강유해요인에 대한 위험성평가 지침,domain_specific,risk_method,photo_unmatchable,3,WP-H205-01,유해·위험요인 파악,유해·위험요인 파악,4.2.1,H-205-2018,present_in_base_ttl_same_guide
ci_unrelated_action_filter1,H-206-2020,간담도계 검사 이상 근로자 관리지침,domain_specific,health_screening,photo_unmatchable,1,WP-H206-03,특이 검사법 적용 및 직업환경적 요인 확인 (3단계),특이 검사법 적용 및 직업환경적 요인 확인 (3단계),5,H-206-2020,present_in_base_ttl_same_guide
ci_unrelated_action_filter1,H-206-2020,간담도계 검사 이상 근로자 관리지침,domain_specific,health_screening,photo_unmatchable,2,WP-H206-04,생활습관 관리,생활습관 관리,6.1,H-206-2020,present_in_base_ttl_same_guide
ci_unrelated_action_filter1,H-206-2020,간담도계 검사 이상 근로자 관리지침,domain_specific,health_screening,photo_unmatchable,3,WP-H206-05,의학적 관리,의학적 관리,6.2,H-206-2020,present_in_base_ttl_same_guide
ci_unrelated_action_filter1,H-206-2020,간담도계 검사 이상 근로자 관리지침,domain_specific,health_screening,photo_unmatchable,4,WP-H206-07,업무적합성평가,업무적합성평가,7,H-206-2020,present_in_base_ttl_same_guide
ci_unrelated_action_filter1,H-207-2020,납과 그 무기화학물 노출 근로자의 혈중 납 관리수준 평가지침,domain_specific,health_screening,photo_unmatchable,1,WP-H207-03,사후관리 및 추적검사,사후관리 및 추적검사,4.3,H-207-2020,present_in_base_ttl_same_guide
ci_unrelated_action_filter1,H-207-2020,납과 그 무기화학물 노출 근로자의 혈중 납 관리수준 평가지침,domain_specific,health_screening,photo_unmatchable,2,WP-H207-04,혈중 납 관리수준 평가,혈중 납 관리수준 평가,4.4.3,H-207-2020,present_in_base_ttl_same_guide
ci_unrelated_action_filter1,H-207-2020,납과 그 무기화학물 노출 근로자의 혈중 납 관리수준 평가지침,domain_specific,health_screening,photo_unmatchable,3,WP-H207-01,특수건강진단 실시,특수건강진단 실시,4.1,H-207-2020,present_in_base_ttl_same_guide
ci_unrelated_action_filter1,H-207-2020,납과 그 무기화학물 노출 근로자의 혈중 납 관리수준 평가지침,domain_specific,health_screening,photo_unmatchable,4,WP-H207-02,건강관리 구분 판정,건강관리 구분 판정,4.2,H-207-2020,present_in_base_ttl_same_guide
ci_unrelated_action_filter1,H-207-2020,납과 그 무기화학물 노출 근로자의 혈중 납 관리수준 평가지침,domain_specific,health_screening,photo_unmatchable,5,WP-H207-05,개선계획 수립 및 이행 확인,개선계획 수립 및 이행 확인,4.4.4,H-207-2020,present_in_base_ttl_same_guide
ci_unrelated_action_filter1,H-208-2020,비뇨기계 검사 이상 근로자 관리지침,domain_specific,health_screening,photo_unmatchable,1,WP-H208-42,업무적합성평가,업무적합성평가,7,H-208-2020,present_in_base_ttl_same_guide
ci_unrelated_action_filter1,H-208-2020,비뇨기계 검사 이상 근로자 관리지침,domain_specific,health_screening,photo_unmatchable,2,WP-H208-08,소변검사 10종 시험지검사법 실시,소변검사 10종 시험지검사법 실시,4.1,H-208-2020,present_in_base_ttl_same_guide
ci_unrelated_action_filter1,H-208-2020,비뇨기계 검사 이상 근로자 관리지침,domain_specific,health_screening,photo_unmatchable,3,WP-H208-09,단백뇨 정량검사,단백뇨 정량검사,4.3,H-208-2020,present_in_base_ttl_same_guide
ci_unrelated_action_filter1,H-208-2020,비뇨기계 검사 이상 근로자 관리지침,domain_specific,health_screening,photo_unmatchable,4,WP-H208-10,혈액요소질소(BUN) 및 혈청 크레아티닌 검사,혈액요소질소(BUN) 및 혈청 크레아티닌 검사,4.4,H-208-2020,present_in_base_ttl_same_guide
ci_unrelated_action_filter1,H-208-2020,비뇨기계 검사 이상 근로자 관리지침,domain_specific,health_screening,photo_unmatchable,5,WP-H208-40,의학적 관리 및 추적검사,의학적 관리 및 추적검사,6.2,H-208-2020,present_in_base_ttl_same_guide
ci_unrelated_action_filter1,H-208-2020,비뇨기계 검사 이상 근로자 관리지침,domain_specific,health_screening,photo_unmatchable,6,WP-H208-41,작업 관리,작업 관리,6.3,H-208-2020,present_in_base_ttl_same_guide
ci_unrelated_action_filter1,H-209-2022,인듐의 생물학적 노출지표 물질분석 기술지침,exclusive,measurement_analysis,photo_unmatchable,1,WP-H209-02,시약 조제,시약 조제,5.2,H-209-2022,present_in_base_ttl_same_guide
ci_unrelated_action_filter1,H-209-2022,인듐의 생물학적 노출지표 물질분석 기술지침,exclusive,measurement_analysis,photo_unmatchable,2,WP-H209-04,ICP-MS 분석,ICP-MS 분석,5.2,H-209-2022,present_in_base_ttl_same_guide
ci_unrelated_action_filter1,H-209-2022,인듐의 생물학적 노출지표 물질분석 기술지침,exclusive,measurement_analysis,photo_unmatchable,3,WP-H209-05,농도 계산 및 판정,농도 계산 및 판정,5.2,H-209-2022,present_in_base_ttl_same_guide
ci_unrelated_action_filter1,H-21-2021,납의생물학적노출지표물질분석에관한지침,exclusive,measurement_analysis,photo_unmatchable,1,WP-H21-06,혈액 중 납 분석 (흑연로 원자흡광광도계법),혈액 중 납 분석 (흑연로 원자흡광광도계법),5.1,H-21-2021,present_in_base_ttl_same_guide
ci_unrelated_action_filter1,H-21-2021,납의생물학적노출지표물질분석에관한지침,exclusive,measurement_analysis,photo_unmatchable,2,WP-H21-07,소변 중 납 분석 (흑연로 원자흡광광도계법),소변 중 납 분석 (흑연로 원자흡광광도계법),5.2,H-21-2021,present_in_base_ttl_same_guide
ci_unrelated_action_filter1,H-211-2020,사업장에서의 구강 건강증진 활동 계획 수립 및 시행에 관한 지침,general,field_control,photo_actionable,1,WP-H211-01,구강 건강증진활동 담당자 선정,구강 건강증진활동 담당자 선정,5.2,H-211-2020,present_in_base_ttl_same_guide
ci_unrelated_action_filter1,H-211-2020,사업장에서의 구강 건강증진 활동 계획 수립 및 시행에 관한 지침,general,field_control,photo_actionable,2,WP-H211-03,구강 건강증진 요구도 조사,구강 건강증진 요구도 조사,6.3,H-211-2020,present_in_base_ttl_same_guide
ci_unrelated_action_filter1,H-211-2020,사업장에서의 구강 건강증진 활동 계획 수립 및 시행에 관한 지침,general,field_control,photo_actionable,3,WP-H211-05,구강 건강증진활동 시행,구강 건강증진활동 시행,7.1,H-211-2020,present_in_base_ttl_same_guide
ci_unrelated_action_filter1,H-211-2020,사업장에서의 구강 건강증진 활동 계획 수립 및 시행에 관한 지침,general,field_control,photo_actionable,4,WP-H211-06,구강 건강증진활동 평가 및 결과 반영,구강 건강증진활동 평가 및 결과 반영,7.2,H-211-2020,present_in_base_ttl_same_guide
ci_unrelated_action_filter1,H-212-2022,콜센터 감염병 관리를 위한 사무환경 조성에 관한 지침,exclusive,field_control,photo_actionable,1,WP-H212-05,감염병 확산 시 환기 강화,감염병 확산 시 환기 강화,5.2,H-212-2022,present_in_base_ttl_same_guide
ci_unrelated_action_filter1,H-212-2022,콜센터 감염병 관리를 위한 사무환경 조성에 관한 지침,exclusive,field_control,photo_actionable,2,WP-H212-06,감염병 확산 시 위생·청결 관리,감염병 확산 시 위생·청결 관리,5.4,H-212-2022,present_in_base_ttl_same_guide
ci_unrelated_action_filter1,H-212-2022,콜센터 감염병 관리를 위한 사무환경 조성에 관한 지침,exclusive,field_control,photo_actionable,3,WP-H212-01,업무공간 배치 및 칸막이 설치,업무공간 배치 및 칸막이 설치,4.1,H-212-2022,present_in_base_ttl_same_guide
ci_unrelated_action_filter1,H-212-2022,콜센터 감염병 관리를 위한 사무환경 조성에 관한 지침,exclusive,field_control,photo_actionable,4,WP-H212-02,실내 환경 관리 (온도·습도·환기),실내 환경 관리 (온도·습도·환기),4.2,H-212-2022,present_in_base_ttl_same_guide
ci_unrelated_action_filter1,H-212-2022,콜센터 감염병 관리를 위한 사무환경 조성에 관한 지침,exclusive,field_control,photo_actionable,5,WP-H212-03,소음 관리,소음 관리,4.4,H-212-2022,present_in_base_ttl_same_guide
ci_unrelated_action_filter1,H-212-2022,콜센터 감염병 관리를 위한 사무환경 조성에 관한 지침,exclusive,field_control,photo_actionable,6,WP-H212-04,감염병 확산 시 업무공간 및 장비 관리,감염병 확산 시 업무공간 및 장비 관리,5.1,H-212-2022,present_in_base_ttl_same_guide
ci_unrelated_action_filter1,H-213-2021,"1,2- 디클로로프로판 노출 근로자의 건강관리지침",domain_specific,health_screening,photo_unmatchable,1,WP-H213-01,작업 전 준비 및 출입관리,작업 전 준비 및 출입관리,10.2.1,H-213-2021,present_in_base_ttl_same_guide
ci_unrelated_action_filter1,H-213-2021,"1,2- 디클로로프로판 노출 근로자의 건강관리지침",domain_specific,health_screening,photo_unmatchable,2,WP-H213-03,작업 후 정리 및 세척,작업 후 정리 및 세척,10.2.1,H-213-2021,present_in_base_ttl_same_guide
ci_unrelated_action_filter1,H-213-2021,"1,2- 디클로로프로판 노출 근로자의 건강관리지침",domain_specific,health_screening,photo_unmatchable,3,WP-H213-02,"1,2-디클로로프로판 취급 작업 수행","1,2-디클로로프로판 취급 작업 수행",10.2.1,H-213-2021,present_in_base_ttl_same_guide
ci_unrelated_action_filter1,H-213-2021,"1,2- 디클로로프로판 노출 근로자의 건강관리지침",domain_specific,health_screening,photo_unmatchable,4,WP-H213-04,응급조치 수행,응급조치 수행,9.1,H-213-2021,present_in_base_ttl_same_guide
ci_unrelated_action_filter1,H-214-2021,암 경험자의 업무적합성평가 지침,domain_specific,health_screening,photo_unmatchable,1,WP-H214-01,업무적합성평가 사전 정보 수집,업무적합성평가 사전 정보 수집,5,H-214-2021,present_in_base_ttl_same_guide
ci_unrelated_action_filter1,H-214-2021,암 경험자의 업무적합성평가 지침,domain_specific,health_screening,photo_unmatchable,2,WP-H214-03,사후관리조치 수행,사후관리조치 수행,5,H-214-2021,present_in_base_ttl_same_guide
ci_unrelated_action_filter1,H-214-2021,암 경험자의 업무적합성평가 지침,domain_specific,health_screening,photo_unmatchable,3,WP-H214-02,업무적합성평가 실시,업무적합성평가 실시,5,H-214-2021,present_in_base_ttl_same_guide
ci_unrelated_action_filter1,H-215-2021,작업장에서 라돈 안전관리에 관한 기술지침,domain_specific,measurement_analysis,photo_unmatchable,1,WP-H215-02,라돈 농도 측정(단기측정/장기측정),라돈 농도 측정(단기측정/장기측정),6,H-215-2021,present_in_base_ttl_same_guide
ci_unrelated_action_filter1,H-215-2021,작업장에서 라돈 안전관리에 관한 기술지침,domain_specific,measurement_analysis,photo_unmatchable,2,WP-H215-04,라돈 저감 조치 시행,라돈 저감 조치 시행,7.1,H-215-2021,present_in_base_ttl_same_guide
ci_unrelated_action_filter1,H-215-2021,작업장에서 라돈 안전관리에 관한 기술지침,domain_specific,measurement_analysis,photo_unmatchable,3,WP-H215-05,라돈 농도 수준별 관리,라돈 농도 수준별 관리,7.2,H-215-2021,present_in_base_ttl_same_guide
ci_unrelated_action_filter1,H-215-2021,작업장에서 라돈 안전관리에 관한 기술지침,domain_specific,measurement_analysis,photo_unmatchable,4,WP-H215-01,라돈 측정 예비조사,라돈 측정 예비조사,6,H-215-2021,present_in_base_ttl_same_guide
ci_unrelated_action_filter1,H-215-2021,작업장에서 라돈 안전관리에 관한 기술지침,domain_specific,measurement_analysis,photo_unmatchable,5,WP-H215-03,측정 결과 기록 및 평가,측정 결과 기록 및 평가,6,H-215-2021,present_in_base_ttl_same_guide
ci_unrelated_action_filter1,H-215-2021,작업장에서 라돈 안전관리에 관한 기술지침,domain_specific,measurement_analysis,photo_unmatchable,6,WP-H215-06,위생관리 및 유해성 교육,위생관리 및 유해성 교육,7.3,H-215-2021,present_in_base_ttl_same_guide
ci_unrelated_action_filter1,H-217-2022,야간 작업자의 특수건강진단 결과에 따른 사후관리 지침,domain_specific,health_screening,photo_unmatchable,1,WP-H217-02,사후관리 조치 결정 및 통지,사후관리 조치 결정 및 통지,4.2.1,H-217-2022,present_in_base_ttl_same_guide
ci_unrelated_action_filter1,H-217-2022,야간 작업자의 특수건강진단 결과에 따른 사후관리 지침,domain_specific,health_screening,photo_unmatchable,2,WP-H217-06,근로시간 단축 및 작업전환 조치,근로시간 단축 및 작업전환 조치,4.2.6,H-217-2022,present_in_base_ttl_same_guide
ci_unrelated_action_filter1,H-217-2022,야간 작업자의 특수건강진단 결과에 따른 사후관리 지침,domain_specific,health_screening,photo_unmatchable,3,WP-H217-04,추적검사 실시,추적검사 실시,4.2.4,H-217-2022,present_in_base_ttl_same_guide
ci_unrelated_action_filter1,H-217-2022,야간 작업자의 특수건강진단 결과에 따른 사후관리 지침,domain_specific,health_screening,photo_unmatchable,4,WP-H217-07,근로금지 및 제한 조치,근로금지 및 제한 조치,4.2.8,H-217-2022,present_in_base_ttl_same_guide
ci_unrelated_action_filter1,H-217-2022,야간 작업자의 특수건강진단 결과에 따른 사후관리 지침,domain_specific,health_screening,photo_unmatchable,5,WP-H217-08,사후관리 조치결과 보고서 제출,사후관리 조치결과 보고서 제출,4.2.1,H-217-2022,present_in_base_ttl_same_guide
ci_unrelated_action_filter1,H-218-2022,야간작업 특수건강진단 수면장애 사후관리 지침,domain_specific,health_screening,photo_unmatchable,1,WP-H218-02,기본 조치사항 실시 (작업환경 관리),기본 조치사항 실시 (작업환경 관리),5.1,H-218-2022,present_in_base_ttl_same_guide
ci_unrelated_action_filter1,H-218-2022,야간작업 특수건강진단 수면장애 사후관리 지침,domain_specific,health_screening,photo_unmatchable,2,WP-H218-01,수면장애 진단 (특수건강진단 선별검사),수면장애 진단 (특수건강진단 선별검사),4.1,H-218-2022,present_in_base_ttl_same_guide
ci_unrelated_action_filter1,H-218-2022,야간작업 특수건강진단 수면장애 사후관리 지침,domain_specific,health_screening,photo_unmatchable,3,WP-H218-05,질병 유소견자(DN) 사후관리,질병 유소견자(DN) 사후관리,6.2,H-218-2022,present_in_base_ttl_same_guide
ci_unrelated_action_filter1,H-22-2019,교대작업자의 보건관리지침,domain_specific,health_screening,photo_unmatchable,1,WP-H22-02,교대작업자 배치 전 업무적합성평가,교대작업자 배치 전 업무적합성평가,5.2,H-22-2019,present_in_base_ttl_same_guide
ci_unrelated_action_filter1,H-22-2019,교대작업자의 보건관리지침,domain_specific,health_screening,photo_unmatchable,2,WP-H22-01,교대작업 일정 설계,교대작업 일정 설계,4.2,H-22-2019,present_in_base_ttl_same_guide
ci_unrelated_action_filter1,H-22-2019,교대작업자의 보건관리지침,domain_specific,health_screening,photo_unmatchable,3,WP-H22-03,배치전 건강진단 및 특수건강진단 실시,배치전 건강진단 및 특수건강진단 실시,5.1,H-22-2019,present_in_base_ttl_same_guide
ci_unrelated_action_filter1,H-22-2019,교대작업자의 보건관리지침,domain_specific,health_screening,photo_unmatchable,4,WP-H22-05,교대작업자 건강관리 및 모니터링,교대작업자 건강관리 및 모니터링,5.1,H-22-2019,present_in_base_ttl_same_guide
ci_unrelated_action_filter1,H-22-2019,교대작업자의 보건관리지침,domain_specific,health_screening,photo_unmatchable,5,WP-H22-04,야간작업 환경 조성,야간작업 환경 조성,5.1,H-22-2019,present_in_base_ttl_same_guide
ci_unrelated_action_filter1,H-220-2023,사업장 공기매개 신종감염병 예방지침,exclusive,management_program,photo_conditional_followup,1,WP-H220-01,관심 단계 대응 — 예방체계 마련 및 업무지속 준비,관심 단계 대응 — 예방체계 마련 및 업무지속 준비,제2장 1,H-220-2023,present_in_base_ttl_same_guide
ci_unrelated_action_filter1,H-220-2023,사업장 공기매개 신종감염병 예방지침,exclusive,management_program,photo_conditional_followup,2,WP-H220-02,주의 단계 대응 — 위험성 평가 및 방역관리 시작,주의 단계 대응 — 위험성 평가 및 방역관리 시작,제3장,H-220-2023,present_in_base_ttl_same_guide
ci_unrelated_action_filter1,H-220-2023,사업장 공기매개 신종감염병 예방지침,exclusive,management_program,photo_conditional_followup,3,WP-H220-04,심각 단계 대응 — 최대 방역 및 접촉자 관리,심각 단계 대응 — 최대 방역 및 접촉자 관리,제5장,H-220-2023,present_in_base_ttl_same_guide
ci_unrelated_action_filter1,H-221-2023,물류센터 공기질 관리지침,domain_specific,management_program,photo_conditional_followup,1,WP-H221-04,공기정화시설 운영,공기정화시설 운영,5.5,H-221-2023,present_in_base_ttl_same_guide
ci_unrelated_action_filter1,H-221-2023,물류센터 공기질 관리지침,domain_specific,management_program,photo_conditional_followup,2,WP-H221-01,환기 관리,환기 관리,5.2,H-221-2023,present_in_base_ttl_same_guide
ci_unrelated_action_filter1,H-221-2023,물류센터 공기질 관리지침,domain_specific,management_program,photo_conditional_followup,3,WP-H221-02,차량 및 배기가스 관리,차량 및 배기가스 관리,5.3,H-221-2023,present_in_base_ttl_same_guide
ci_unrelated_action_filter1,H-221-2023,물류센터 공기질 관리지침,domain_specific,management_program,photo_conditional_followup,4,WP-H221-03,재비산 분진 예방,재비산 분진 예방,5.4,H-221-2023,present_in_base_ttl_same_guide
ci_unrelated_action_filter1,H-221-2023,물류센터 공기질 관리지침,domain_specific,management_program,photo_conditional_followup,5,WP-H221-05,공기질 모니터링 및 작업환경측정,공기질 모니터링 및 작업환경측정,5.6,H-221-2023,present_in_base_ttl_same_guide
ci_unrelated_action_filter1,H-222-2023,운전직 근로자의 업무적합성평가 기술지침,domain_specific,health_screening,photo_unmatchable,1,WP-H222-01,질병 상태 평가,질병 상태 평가,4.2,H-222-2023,present_in_base_ttl_same_guide
ci_unrelated_action_filter1,H-222-2023,운전직 근로자의 업무적합성평가 기술지침,domain_specific,health_screening,photo_unmatchable,2,WP-H222-02,업무 수행 내용 검토,업무 수행 내용 검토,4.3,H-222-2023,present_in_base_ttl_same_guide
ci_unrelated_action_filter1,H-222-2023,운전직 근로자의 업무적합성평가 기술지침,domain_specific,health_screening,photo_unmatchable,3,WP-H222-05,질환별 업무적합성 세부 평가,질환별 업무적합성 세부 평가,5,H-222-2023,present_in_base_ttl_same_guide
ci_unrelated_action_filter1,H-222-2023,운전직 근로자의 업무적합성평가 기술지침,domain_specific,health_screening,photo_unmatchable,4,WP-H222-06,작업환경 조건 검토 및 최종 판정,작업환경 조건 검토 및 최종 판정,5.10,H-222-2023,present_in_base_ttl_same_guide
ci_unrelated_action_filter1,H-223-2023,특수건강진단 신경행동검사 기술지침,exclusive,health_screening,photo_unmatchable,1,WP-H223-02,출장건강진단 신경행동검사 실시,출장건강진단 신경행동검사 실시,5.2.1,H-223-2023,present_in_base_ttl_same_guide
ci_unrelated_action_filter1,H-223-2023,특수건강진단 신경행동검사 기술지침,exclusive,health_screening,photo_unmatchable,2,WP-H223-03,원내 정밀 신경행동검사 실시,원내 정밀 신경행동검사 실시,5.2.2,H-223-2023,present_in_base_ttl_same_guide
ci_unrelated_action_filter1,H-25-2011,건물 내 청소원의 건강장해 예방에 관한 지침,domain_specific,field_control,photo_actionable,1,WP-H25-05,대걸레 청소,대걸레 청소,4,H-25-2011,present_in_base_ttl_same_guide
ci_unrelated_action_filter1,H-25-2011,건물 내 청소원의 건강장해 예방에 관한 지침,domain_specific,field_control,photo_actionable,2,WP-H25-06,진공청소기 사용,진공청소기 사용,4,H-25-2011,present_in_base_ttl_same_guide
ci_unrelated_action_filter1,H-25-2011,건물 내 청소원의 건강장해 예방에 관한 지침,domain_specific,field_control,photo_actionable,3,WP-H25-08,쓰레기 수거,쓰레기 수거,4,H-25-2011,present_in_base_ttl_same_guide
ci_unrelated_action_filter1,H-26-2020,조리직종 근로자의 건강장해 예방에 관한 지침,domain_specific,field_control,photo_actionable,1,WP-H26-01,식자재 운반 및 보관작업,식자재 운반 및 보관작업,5.1,H-26-2020,present_in_base_ttl_same_guide
ci_unrelated_action_filter1,H-26-2020,조리직종 근로자의 건강장해 예방에 관한 지침,domain_specific,field_control,photo_actionable,2,WP-H26-02,전처리(조리준비) 작업,전처리(조리준비) 작업,5.2,H-26-2020,present_in_base_ttl_same_guide
ci_unrelated_action_filter1,H-26-2020,조리직종 근로자의 건강장해 예방에 관한 지침,domain_specific,field_control,photo_actionable,3,WP-H26-03,조리작업,조리작업,5.2,H-26-2020,present_in_base_ttl_same_guide
ci_unrelated_action_filter1,H-26-2020,조리직종 근로자의 건강장해 예방에 관한 지침,domain_specific,field_control,photo_actionable,4,WP-H26-04,식기세척 작업,식기세척 작업,5.3,H-26-2020,present_in_base_ttl_same_guide
ci_unrelated_action_filter1,H-3-2010,작업 중 최대호기유속 연속측정 실시지침,exclusive,measurement_analysis,photo_unmatchable,1,WP-H3-03,최대호기유속 측정 실시,최대호기유속 측정 실시,7.1,H-3-2010,present_in_base_ttl_same_guide
ci_unrelated_action_filter1,H-3-2010,작업 중 최대호기유속 연속측정 실시지침,exclusive,measurement_analysis,photo_unmatchable,2,WP-H3-01,검사 전 준비 및 대상자 안내,검사 전 준비 및 대상자 안내,6.1,H-3-2010,present_in_base_ttl_same_guide
ci_unrelated_action_filter1,H-3-2010,작업 중 최대호기유속 연속측정 실시지침,exclusive,measurement_analysis,photo_unmatchable,3,WP-H3-02,최대호기량계 검정 및 위생 준비,최대호기량계 검정 및 위생 준비,6.2,H-3-2010,present_in_base_ttl_same_guide
ci_unrelated_action_filter1,H-3-2010,작업 중 최대호기유속 연속측정 실시지침,exclusive,measurement_analysis,photo_unmatchable,4,WP-H3-05,검사 일지 작성 및 결과 기록,검사 일지 작성 및 결과 기록,9,H-3-2010,present_in_base_ttl_same_guide
ci_unrelated_action_filter1,H-3-2010,작업 중 최대호기유속 연속측정 실시지침,exclusive,measurement_analysis,photo_unmatchable,5,WP-H3-06,결과 해석 및 업무관련성 평가,결과 해석 및 업무관련성 평가,11,H-3-2010,present_in_base_ttl_same_guide
ci_unrelated_action_filter1,H-36-2021,사업장의 중대재해 발생 시 급성 스트레스에 대한 대응 지침,domain_specific,field_control,photo_actionable,1,WP-H36-04,후기 대응기 (재해 발생 후 3개월 이후),후기 대응기 (재해 발생 후 3개월 이후),4.2.4,H-36-2021,present_in_base_ttl_same_guide
ci_unrelated_action_filter1,H-36-2021,사업장의 중대재해 발생 시 급성 스트레스에 대한 대응 지침,domain_specific,field_control,photo_actionable,2,WP-H36-05,심리적 응급처치 - 첫 접촉,심리적 응급처치 - 첫 접촉,4.3,H-36-2021,present_in_base_ttl_same_guide
ci_unrelated_action_filter1,H-36-2021,사업장의 중대재해 발생 시 급성 스트레스에 대한 대응 지침,domain_specific,field_control,photo_actionable,3,WP-H36-06,심리적 응급처치 - 생존 및 신체적 안전 확인,심리적 응급처치 - 생존 및 신체적 안전 확인,4.3,H-36-2021,present_in_base_ttl_same_guide
ci_unrelated_action_filter1,H-36-2021,사업장의 중대재해 발생 시 급성 스트레스에 대한 대응 지침,domain_specific,field_control,photo_actionable,4,WP-H36-07,심리적 응급처치 - 심리 안정,심리적 응급처치 - 심리 안정,4.3,H-36-2021,present_in_base_ttl_same_guide
ci_unrelated_action_filter1,H-36-2021,사업장의 중대재해 발생 시 급성 스트레스에 대한 대응 지침,domain_specific,field_control,photo_actionable,5,WP-H36-26,상담 접수(사전 준비),상담 접수(사전 준비),6.1,H-36-2021,present_in_base_ttl_same_guide
ci_unrelated_action_filter1,H-36-2021,사업장의 중대재해 발생 시 급성 스트레스에 대한 대응 지침,domain_specific,field_control,photo_actionable,6,WP-H36-31,종합상담(트라우마 상담 종결),종합상담(트라우마 상담 종결),6,H-36-2021,present_in_base_ttl_same_guide
ci_unrelated_action_filter1,H-37-2021,근로자의 자살 및 우울증 예방을 위한 사업장 지침,domain_specific,field_control,photo_actionable,1,WP-H37-03,위험성 안전점검(말하기),위험성 안전점검(말하기),4.2,H-37-2021,present_in_base_ttl_same_guide
ci_unrelated_action_filter1,H-37-2021,근로자의 자살 및 우울증 예방을 위한 사업장 지침,domain_specific,field_control,photo_actionable,2,WP-H37-04,전문기관 의뢰 및 지속 관찰,전문기관 의뢰 및 지속 관찰,4.2,H-37-2021,present_in_base_ttl_same_guide
ci_unrelated_action_filter1,H-37-2021,근로자의 자살 및 우울증 예방을 위한 사업장 지침,domain_specific,field_control,photo_actionable,3,WP-H37-01,자살 위험 신호 관찰(보기),자살 위험 신호 관찰(보기),4.2,H-37-2021,present_in_base_ttl_same_guide
ci_unrelated_action_filter1,H-37-2021,근로자의 자살 및 우울증 예방을 위한 사업장 지침,domain_specific,field_control,photo_actionable,4,WP-H37-02,자살 위험자 경청(듣기),자살 위험자 경청(듣기),4.2,H-37-2021,present_in_base_ttl_same_guide
ci_unrelated_action_filter1,H-37-2021,근로자의 자살 및 우울증 예방을 위한 사업장 지침,domain_specific,field_control,photo_actionable,5,WP-H37-05,우울증 조기 발견 및 대응,우울증 조기 발견 및 대응,5.2,H-37-2021,present_in_base_ttl_same_guide
ci_unrelated_action_filter1,H-37-2021,근로자의 자살 및 우울증 예방을 위한 사업장 지침,domain_specific,field_control,photo_actionable,6,WP-H37-06,휴직자 직장복귀 지원,휴직자 직장복귀 지원,5.3,H-37-2021,present_in_base_ttl_same_guide
ci_unrelated_action_filter1,H-4-2021,일반건강진단결과에 따른 사후관리 지침,domain_specific,measurement_analysis,photo_unmatchable,1,WP-H4-02,건강진단결과 사후관리 의견 청취,건강진단결과 사후관리 의견 청취,5,H-4-2021,present_in_base_ttl_same_guide
ci_unrelated_action_filter1,H-4-2021,일반건강진단결과에 따른 사후관리 지침,domain_specific,measurement_analysis,photo_unmatchable,2,WP-H4-01,일반건강진단 실시,일반건강진단 실시,4,H-4-2021,present_in_base_ttl_same_guide
ci_unrelated_action_filter1,H-4-2021,일반건강진단결과에 따른 사후관리 지침,domain_specific,measurement_analysis,photo_unmatchable,3,WP-H4-03,사후관리조치 결정,사후관리조치 결정,6,H-4-2021,present_in_base_ttl_same_guide
ci_unrelated_action_filter1,H-4-2021,일반건강진단결과에 따른 사후관리 지침,domain_specific,measurement_analysis,photo_unmatchable,4,WP-H4-04,사후관리조치 실시,사후관리조치 실시,6.3,H-4-2021,present_in_base_ttl_same_guide
ci_unrelated_action_filter1,H-4-2021,일반건강진단결과에 따른 사후관리 지침,domain_specific,measurement_analysis,photo_unmatchable,5,WP-H4-05,건강진단결과 통지 및 보건지도,건강진단결과 통지 및 보건지도,7,H-4-2021,present_in_base_ttl_same_guide
ci_unrelated_action_filter1,H-41-2021,흉부방사선검사 이상 근로자의 진료지침 개정,domain_specific,health_screening,photo_unmatchable,1,WP-H41-02,이상 소견 분류 및 추가 검사 결정,이상 소견 분류 및 추가 검사 결정,5,H-41-2021,present_in_base_ttl_same_guide
ci_unrelated_action_filter1,H-41-2021,흉부방사선검사 이상 근로자의 진료지침 개정,domain_specific,health_screening,photo_unmatchable,2,WP-H41-06,진폐증 진단 및 관리,진폐증 진단 및 관리,5.2,H-41-2021,present_in_base_ttl_same_guide
ci_unrelated_action_filter1,H-41-2021,흉부방사선검사 이상 근로자의 진료지침 개정,domain_specific,health_screening,photo_unmatchable,3,WP-H41-01,단순흉부방사선촬영 실시 및 판독,단순흉부방사선촬영 실시 및 판독,4.1,H-41-2021,present_in_base_ttl_same_guide
ci_unrelated_action_filter1,H-41-2021,흉부방사선검사 이상 근로자의 진료지침 개정,domain_specific,health_screening,photo_unmatchable,4,WP-H41-03,활동성 폐결핵 진단 과정,활동성 폐결핵 진단 과정,5.1.2,H-41-2021,present_in_base_ttl_same_guide
ci_unrelated_action_filter1,H-41-2021,흉부방사선검사 이상 근로자의 진료지침 개정,domain_specific,health_screening,photo_unmatchable,5,WP-H41-04,접촉자 건강진단 실시,접촉자 건강진단 실시,5.1.4,H-41-2021,present_in_base_ttl_same_guide
ci_unrelated_action_filter1,H-42-2021,"피부보호구의 사용 지침, 보호용 장갑",domain_specific,field_control,photo_actionable,1,WP-H42-01,취급물질 확인 및 위험성 파악,취급물질 확인 및 위험성 파악,4.1,H-42-2021,present_in_base_ttl_same_guide
ci_unrelated_action_filter1,H-42-2021,"피부보호구의 사용 지침, 보호용 장갑",domain_specific,field_control,photo_actionable,2,WP-H42-02,보호용 장갑 선택,보호용 장갑 선택,4,H-42-2021,present_in_base_ttl_same_guide
ci_unrelated_action_filter1,H-43-2021,업무적합성평가시 운동부하검사 지침,exclusive,health_screening,photo_unmatchable,1,WP-H43-01,운동부하검사 적용 판단,운동부하검사 적용 판단,4,H-43-2021,present_in_base_ttl_same_guide
ci_unrelated_action_filter1,H-43-2021,업무적합성평가시 운동부하검사 지침,exclusive,health_screening,photo_unmatchable,2,WP-H43-02,직접법 운동부하검사 - 브루스 트레드밀 검사,직접법 운동부하검사 - 브루스 트레드밀 검사,6.1,H-43-2021,present_in_base_ttl_same_guide
ci_unrelated_action_filter1,H-43-2021,업무적합성평가시 운동부하검사 지침,exclusive,health_screening,photo_unmatchable,3,WP-H43-03,간접법 운동부하검사 - 퀸즈 대학 계단 검사,간접법 운동부하검사 - 퀸즈 대학 계단 검사,6.2,H-43-2021,present_in_base_ttl_same_guide
ci_unrelated_action_filter1,H-43-2021,업무적합성평가시 운동부하검사 지침,exclusive,health_screening,photo_unmatchable,4,WP-H43-04,최대산소섭취량 백분율 산출 및 적정근무시간 결정,최대산소섭취량 백분율 산출 및 적정근무시간 결정,7.1,H-43-2021,present_in_base_ttl_same_guide
ci_unrelated_action_filter1,H-43-2021,업무적합성평가시 운동부하검사 지침,exclusive,health_screening,photo_unmatchable,5,WP-H43-05,업무적합성평가 판정,업무적합성평가 판정,7.2,H-43-2021,present_in_base_ttl_same_guide
ci_unrelated_action_filter1,H-44-2021,호흡기 감작물질 노출근로자의 보건관리 지침,domain_specific,management_program,photo_conditional_followup,1,WP-H44-01,호흡기 감작물질 확인,호흡기 감작물질 확인,5,H-44-2021,present_in_base_ttl_same_guide
ci_unrelated_action_filter1,H-45-2022,특수건강진단 사전조사 지침,domain_specific,health_screening,photo_unmatchable,1,WP-H45-03,대상자 및 대상물질 검토,대상자 및 대상물질 검토,5.3,H-45-2022,present_in_base_ttl_same_guide
ci_unrelated_action_filter1,H-45-2022,특수건강진단 사전조사 지침,domain_specific,health_screening,photo_unmatchable,2,WP-H45-02,사전조사 자료 수집,사전조사 자료 수집,5.1,H-45-2022,present_in_base_ttl_same_guide
ci_unrelated_action_filter1,H-45-2022,특수건강진단 사전조사 지침,domain_specific,health_screening,photo_unmatchable,3,WP-H45-06,특수건강진단 제안서 작성 및 확인,특수건강진단 제안서 작성 및 확인,5.3,H-45-2022,present_in_base_ttl_same_guide
ci_unrelated_action_filter1,H-45-2022,특수건강진단 사전조사 지침,domain_specific,health_screening,photo_unmatchable,4,WP-H45-01,특수건강진단 요청서 작성 및 제출,특수건강진단 요청서 작성 및 제출,5.2,H-45-2022,present_in_base_ttl_same_guide
ci_unrelated_action_filter1,H-45-2022,특수건강진단 사전조사 지침,domain_specific,health_screening,photo_unmatchable,5,WP-H45-04,작업현장 방문조사,작업현장 방문조사,6,H-45-2022,present_in_base_ttl_same_guide
ci_unrelated_action_filter1,H-45-2022,특수건강진단 사전조사 지침,domain_specific,health_screening,photo_unmatchable,6,WP-H45-05,업무일지 작성,업무일지 작성,5.4,H-45-2022,present_in_base_ttl_same_guide
ci_unrelated_action_filter1,H-46-2021,천식을 진단받은 근로자의 업무적합성 평가 지침,domain_specific,health_screening,photo_unmatchable,1,WP-H46-03,직업성/비직업성 천식 감별,직업성/비직업성 천식 감별,6,H-46-2021,present_in_base_ttl_same_guide
ci_unrelated_action_filter1,H-46-2021,천식을 진단받은 근로자의 업무적합성 평가 지침,domain_specific,health_screening,photo_unmatchable,2,WP-H46-04,업무적합성 평가 실시,업무적합성 평가 실시,6,H-46-2021,present_in_base_ttl_same_guide
ci_unrelated_action_filter1,H-46-2021,천식을 진단받은 근로자의 업무적합성 평가 지침,domain_specific,health_screening,photo_unmatchable,3,WP-H46-01,천식 유무 조사 및 대상자 선정,천식 유무 조사 및 대상자 선정,5,H-46-2021,present_in_base_ttl_same_guide
ci_unrelated_action_filter1,H-46-2021,천식을 진단받은 근로자의 업무적합성 평가 지침,domain_specific,health_screening,photo_unmatchable,4,WP-H46-02,천식 중증도 평가,천식 중증도 평가,5,H-46-2021,present_in_base_ttl_same_guide
ci_unrelated_action_filter1,H-48-2020,직업성 암의 업무관련성 평가 지침,domain_specific,health_screening,photo_unmatchable,1,WP-H48-05,업무관련성 최종 판단,업무관련성 최종 판단,4.4,H-48-2020,present_in_base_ttl_same_guide
ci_unrelated_action_filter1,H-48-2020,직업성 암의 업무관련성 평가 지침,domain_specific,health_screening,photo_unmatchable,2,WP-H48-04,노출과 암의 인과평가,노출과 암의 인과평가,4.3,H-48-2020,present_in_base_ttl_same_guide
ci_unrelated_action_filter1,H-48-2020,직업성 암의 업무관련성 평가 지침,domain_specific,health_screening,photo_unmatchable,3,WP-H48-02,발암인자 확인 및 노출의 질적 평가,발암인자 확인 및 노출의 질적 평가,4.2.1,H-48-2020,present_in_base_ttl_same_guide
ci_unrelated_action_filter1,H-5-2021,인플루엔자대유행시직장내관리지침,domain_specific,management_program,photo_conditional_followup,1,WP-H5-07,비상대책위원회 구성 및 운영,비상대책위원회 구성 및 운영,6.1,H-5-2021,present_in_base_ttl_same_guide
ci_unrelated_action_filter1,H-5-2021,인플루엔자대유행시직장내관리지침,domain_specific,management_program,photo_conditional_followup,2,WP-H5-03,인플루엔자 대유행 관리 환경 조성,인플루엔자 대유행 관리 환경 조성,4.3,H-5-2021,present_in_base_ttl_same_guide
ci_unrelated_action_filter1,H-5-2021,인플루엔자대유행시직장내관리지침,domain_specific,management_program,photo_conditional_followup,3,WP-H5-06,인플루엔자 감염자 다수 발견 시 관리,인플루엔자 감염자 다수 발견 시 관리,5.3,H-5-2021,present_in_base_ttl_same_guide
ci_unrelated_action_filter1,H-5-2021,인플루엔자대유행시직장내관리지침,domain_specific,management_program,photo_conditional_followup,4,WP-H5-01,인플루엔자 역학적 특성 교육 실시,인플루엔자 역학적 특성 교육 실시,4.1,H-5-2021,present_in_base_ttl_same_guide
ci_unrelated_action_filter1,H-5-2021,인플루엔자대유행시직장내관리지침,domain_specific,management_program,photo_conditional_followup,5,WP-H5-02,인플루엔자 전염 예방 교육 실시,인플루엔자 전염 예방 교육 실시,4.2,H-5-2021,present_in_base_ttl_same_guide
ci_unrelated_action_filter1,H-5-2021,인플루엔자대유행시직장내관리지침,domain_specific,management_program,photo_conditional_followup,6,WP-H5-05,인플루엔자 감염자 소수 확인 시 관리,인플루엔자 감염자 소수 확인 시 관리,5.2,H-5-2021,present_in_base_ttl_same_guide
ci_unrelated_action_filter1,H-50-2021,뇌심혈관질환 근로자의 업무복귀시 업무적합성 평가 지침,domain_specific,health_screening,photo_unmatchable,1,WP-H50-28,중증도별 업무수행능력 종합 평가,중증도별 업무수행능력 종합 평가,5.2.2,H-50-2021,present_in_base_ttl_same_guide
ci_unrelated_action_filter1,H-51-2021,피부감작물질 노출 근로자의 보건관리 지침,domain_specific,health_screening,photo_unmatchable,1,WP-H51-01,개인 관리,개인 관리,6.1.1,H-51-2021,present_in_base_ttl_same_guide
ci_unrelated_action_filter1,H-51-2021,피부감작물질 노출 근로자의 보건관리 지침,domain_specific,health_screening,photo_unmatchable,2,WP-H51-03,보건관리자 조치,보건관리자 조치,6.1.3,H-51-2021,present_in_base_ttl_same_guide
ci_unrelated_action_filter1,H-51-2021,피부감작물질 노출 근로자의 보건관리 지침,domain_specific,health_screening,photo_unmatchable,3,WP-H51-05,업무적합성 평가,업무적합성 평가,6.3,H-51-2021,present_in_base_ttl_same_guide
ci_unrelated_action_filter1,H-52-2021,요추불안정증의 업무적합성 평가 지침,domain_specific,health_screening,photo_unmatchable,1,WP-H52-04,영상의학적 검사,영상의학적 검사,4.4,H-52-2021,present_in_base_ttl_same_guide
ci_unrelated_action_filter1,H-53-2021,병원 근로자의 마취가스 노출관리 지침,exclusive,management_program,photo_conditional_followup,1,WP-H53-01,작업환경관리 - 환기 및 가스 제거 시스템 설치·운영,작업환경관리 - 환기 및 가스 제거 시스템 설치·운영,6.1,H-53-2021,present_in_base_ttl_same_guide
ci_unrelated_action_filter1,H-53-2021,병원 근로자의 마취가스 노출관리 지침,exclusive,management_program,photo_conditional_followup,2,WP-H53-02,수술 전 마취장비 점검,수술 전 마취장비 점검,6.2,H-53-2021,present_in_base_ttl_same_guide
ci_unrelated_action_filter1,H-53-2021,병원 근로자의 마취가스 노출관리 지침,exclusive,management_program,photo_conditional_followup,3,WP-H53-03,수술 중 마취가스 누출 관리,수술 중 마취가스 누출 관리,6.2,H-53-2021,present_in_base_ttl_same_guide
ci_unrelated_action_filter1,H-53-2021,병원 근로자의 마취가스 노출관리 지침,exclusive,management_program,photo_conditional_followup,4,WP-H53-04,수술 후 마취가스 처리,수술 후 마취가스 처리,6.2,H-53-2021,present_in_base_ttl_same_guide
ci_unrelated_action_filter1,H-56-2023,순음청력검사에 관한 지침,exclusive,health_screening,photo_unmatchable,1,WP-H56-21,청력도 작성 및 기록,청력도 작성 및 기록,6.7,H-56-2023,present_in_base_ttl_same_guide
ci_unrelated_action_filter1,H-56-2023,순음청력검사에 관한 지침,exclusive,health_screening,photo_unmatchable,2,WP-H56-03,정밀교정,정밀교정,4.2.3,H-56-2023,present_in_base_ttl_same_guide
ci_unrelated_action_filter1,H-56-2023,순음청력검사에 관한 지침,exclusive,health_screening,photo_unmatchable,3,WP-H56-04,검사실 소음레벨 측정,검사실 소음레벨 측정,5.3,H-56-2023,present_in_base_ttl_same_guide
ci_unrelated_action_filter1,H-56-2023,순음청력검사에 관한 지침,exclusive,health_screening,photo_unmatchable,4,WP-H56-14,청력검사기 예열 및 기능점검,청력검사기 예열 및 기능점검,6.2,H-56-2023,present_in_base_ttl_same_guide
ci_unrelated_action_filter1,H-56-2023,순음청력검사에 관한 지침,exclusive,health_screening,photo_unmatchable,5,WP-H56-16,선별청력검사,선별청력검사,6.4.1,H-56-2023,present_in_base_ttl_same_guide
ci_unrelated_action_filter1,H-56-2023,순음청력검사에 관한 지침,exclusive,health_screening,photo_unmatchable,6,WP-H56-19,기도 청력검사 차폐,기도 청력검사 차폐,6.6.1,H-56-2023,present_in_base_ttl_same_guide
ci_unrelated_action_filter1,H-56-2023,순음청력검사에 관한 지침,exclusive,health_screening,photo_unmatchable,7,WP-H56-20,골도 청력검사 차폐,골도 청력검사 차폐,6.6.2,H-56-2023,present_in_base_ttl_same_guide
ci_unrelated_action_filter1,H-56-2023,순음청력검사에 관한 지침,exclusive,health_screening,photo_unmatchable,8,WP-H56-37,청력검사기기 일일 보정 점검,청력검사기기 일일 보정 점검,별지 서식,H-56-2023,present_in_base_ttl_same_guide
ci_unrelated_action_filter1,H-57-2023,현장 응급대응체계 원칙 및 관리지침,domain_specific,management_program,photo_conditional_followup,1,WP-H57-01,응급대응체계 구축 및 사전 준비,응급대응체계 구축 및 사전 준비,4.1,H-57-2023,present_in_base_ttl_same_guide
ci_unrelated_action_filter1,H-57-2023,현장 응급대응체계 원칙 및 관리지침,domain_specific,management_program,photo_conditional_followup,2,WP-H57-03,비상연락 가동 및 대피방송,비상연락 가동 및 대피방송,4.2,H-57-2023,present_in_base_ttl_same_guide
ci_unrelated_action_filter1,H-57-2023,현장 응급대응체계 원칙 및 관리지침,domain_specific,management_program,photo_conditional_followup,3,WP-H57-02,위기상황 발견 및 최초 신고,위기상황 발견 및 최초 신고,4.2,H-57-2023,present_in_base_ttl_same_guide
ci_unrelated_action_filter1,H-57-2023,현장 응급대응체계 원칙 및 관리지침,domain_specific,management_program,photo_conditional_followup,4,WP-H57-04,현장 초동대응 및 접근통제,현장 초동대응 및 접근통제,4.2,H-57-2023,present_in_base_ttl_same_guide
ci_unrelated_action_filter1,H-57-2023,현장 응급대응체계 원칙 및 관리지침,domain_specific,management_program,photo_conditional_followup,5,WP-H57-05,대피유도,대피유도,4.2,H-57-2023,present_in_base_ttl_same_guide
ci_unrelated_action_filter1,H-59-2021,현장 심폐소생술 시행지침,general,field_control,photo_actionable,1,WP-H59-08,기도폐쇄시 조치,기도폐쇄시 조치,8,H-59-2021,present_in_base_ttl_same_guide
ci_unrelated_action_filter1,H-59-2021,현장 심폐소생술 시행지침,general,field_control,photo_actionable,2,WP-H59-01,재해자 의식확인,재해자 의식확인,4,H-59-2021,present_in_base_ttl_same_guide
ci_unrelated_action_filter1,H-6-2020,안티몬 노출 근로자의 건강관리 지침,domain_specific,health_screening,photo_unmatchable,1,WP-H6-02,피부 접촉 시 응급조치,피부 접촉 시 응급조치,9.2,H-6-2020,present_in_base_ttl_same_guide
ci_unrelated_action_filter1,H-62-2021,전리방사선 노출 근로자 건강관리지침,exclusive,health_screening,photo_unmatchable,1,WP-H62-02,보호구 선정 및 착용,보호구 선정 및 착용,10.2.1,H-62-2021,present_in_base_ttl_same_guide
ci_unrelated_action_filter1,H-62-2021,전리방사선 노출 근로자 건강관리지침,exclusive,health_screening,photo_unmatchable,2,WP-H62-03,위생관리,위생관리,10.4,H-62-2021,present_in_base_ttl_same_guide
ci_unrelated_action_filter1,H-70-2020,석면 해체·제거 작업 지침,exclusive,field_control,photo_actionable,1,WP-H70-01,석면해체·제거 작업계획 수립,석면해체·제거 작업계획 수립,5.1,H-70-2020,present_in_base_ttl_same_guide
ci_unrelated_action_filter1,H-70-2020,석면 해체·제거 작업 지침,exclusive,field_control,photo_actionable,2,WP-H70-08,석면 해체·제거 작업 수행(습식작업),석면 해체·제거 작업 수행(습식작업),6.1,H-70-2020,present_in_base_ttl_same_guide
ci_unrelated_action_filter1,H-70-2020,석면 해체·제거 작업 지침,exclusive,field_control,photo_actionable,3,WP-H70-06,음압밀폐시스템 설치 및 가동,음압밀폐시스템 설치 및 가동,6.1,H-70-2020,present_in_base_ttl_same_guide
ci_unrelated_action_filter1,H-70-2020,석면 해체·제거 작업 지침,exclusive,field_control,photo_actionable,4,WP-H70-09,작업 후 퇴장 절차,작업 후 퇴장 절차,5.5,H-70-2020,present_in_base_ttl_same_guide
ci_unrelated_action_filter1,H-70-2020,석면 해체·제거 작업 지침,exclusive,field_control,photo_actionable,5,WP-H70-10,석면 폐기물 청소·처리,석면 폐기물 청소·처리,7,H-70-2020,present_in_base_ttl_same_guide
ci_unrelated_action_filter1,H-71-2015,유기화합물 취급 관리지침,domain_specific,measurement_analysis,photo_unmatchable,1,WP-H71-02,작업공정의 적정 배치,작업공정의 적정 배치,4.2,H-71-2015,present_in_base_ttl_same_guide
ci_unrelated_action_filter1,H-71-2015,유기화합물 취급 관리지침,domain_specific,measurement_analysis,photo_unmatchable,2,WP-H71-03,유기화합물 증기 발산원의 밀폐 조치,유기화합물 증기 발산원의 밀폐 조치,4.3,H-71-2015,present_in_base_ttl_same_guide
ci_unrelated_action_filter1,H-71-2015,유기화합물 취급 관리지침,domain_specific,measurement_analysis,photo_unmatchable,3,WP-H71-01,유기화합물의 대체 사용,유기화합물의 대체 사용,4.1,H-71-2015,present_in_base_ttl_same_guide
ci_unrelated_action_filter1,H-71-2015,유기화합물 취급 관리지침,domain_specific,measurement_analysis,photo_unmatchable,4,WP-H71-04,국소배기장치의 설치,국소배기장치의 설치,4.4,H-71-2015,present_in_base_ttl_same_guide
ci_unrelated_action_filter1,H-71-2015,유기화합물 취급 관리지침,domain_specific,measurement_analysis,photo_unmatchable,5,WP-H71-05,국소배기장치의 정상 가동,국소배기장치의 정상 가동,4.4,H-71-2015,present_in_base_ttl_same_guide
ci_unrelated_action_filter1,H-71-2015,유기화합물 취급 관리지침,domain_specific,measurement_analysis,photo_unmatchable,6,WP-H71-06,국소배기장치의 점검 및 관리,국소배기장치의 점검 및 관리,4.4,H-71-2015,present_in_base_ttl_same_guide
ci_unrelated_action_filter1,H-71-2015,유기화합물 취급 관리지침,domain_specific,measurement_analysis,photo_unmatchable,7,WP-H71-07,전체환기장치의 설치 및 관리,전체환기장치의 설치 및 관리,4.5,H-71-2015,present_in_base_ttl_same_guide
ci_unrelated_action_filter1,H-71-2015,유기화합물 취급 관리지침,domain_specific,measurement_analysis,photo_unmatchable,8,WP-H71-15,유기화합물 저장 및 빈 용기 처리,유기화합물 저장 및 빈 용기 처리,5.5,H-71-2015,present_in_base_ttl_same_guide
ci_unrelated_action_filter1,H-72-2015,확산시료채취법과 흡착관열탈착 가스크로마토그래피,exclusive,measurement_analysis,photo_unmatchable,1,WP-H72-01,표준공기를 이용한 흡착관 표준시료 제조,표준공기를 이용한 흡착관 표준시료 제조,6.1,H-72-2015,present_in_base_ttl_same_guide
ci_unrelated_action_filter1,H-72-2015,확산시료채취법과 흡착관열탈착 가스크로마토그래피,exclusive,measurement_analysis,photo_unmatchable,2,WP-H72-17,검량선 작성,검량선 작성,9.2,H-72-2015,present_in_base_ttl_same_guide
ci_unrelated_action_filter1,H-72-2015,확산시료채취법과 흡착관열탈착 가스크로마토그래피,exclusive,measurement_analysis,photo_unmatchable,3,WP-H72-03,액체주입방법을 이용한 흡착관 표준시료 제조,액체주입방법을 이용한 흡착관 표준시료 제조,6.4,H-72-2015,present_in_base_ttl_same_guide
ci_unrelated_action_filter1,H-72-2015,확산시료채취법과 흡착관열탈착 가스크로마토그래피,exclusive,measurement_analysis,photo_unmatchable,4,WP-H72-14,흡착관 안정화,흡착관 안정화,8.1,H-72-2015,present_in_base_ttl_same_guide
ci_unrelated_action_filter1,H-72-2015,확산시료채취법과 흡착관열탈착 가스크로마토그래피,exclusive,measurement_analysis,photo_unmatchable,5,WP-H72-15,시료채취,시료채취,8.2,H-72-2015,present_in_base_ttl_same_guide
ci_unrelated_action_filter1,H-72-2015,확산시료채취법과 흡착관열탈착 가스크로마토그래피,exclusive,measurement_analysis,photo_unmatchable,6,WP-H72-16,탈착 및 분석,탈착 및 분석,9.1,H-72-2015,present_in_base_ttl_same_guide
ci_unrelated_action_filter1,H-72-2015,확산시료채취법과 흡착관열탈착 가스크로마토그래피,exclusive,measurement_analysis,photo_unmatchable,7,WP-H72-19,탈착효율 산출,탈착효율 산출,9.4,H-72-2015,present_in_base_ttl_same_guide
ci_unrelated_action_filter1,H-72-2015,확산시료채취법과 흡착관열탈착 가스크로마토그래피,exclusive,measurement_analysis,photo_unmatchable,8,WP-H72-20,시료채취속도 산출,시료채취속도 산출,9.5,H-72-2015,present_in_base_ttl_same_guide
ci_unrelated_action_filter1,H-73-2015,용접작업 보건관리지침,domain_specific,measurement_analysis,photo_unmatchable,1,WP-H73-01,옥내용접작업 환경관리,옥내용접작업 환경관리,5.1.2,H-73-2015,present_in_base_ttl_same_guide
ci_unrelated_action_filter1,H-73-2015,용접작업 보건관리지침,domain_specific,measurement_analysis,photo_unmatchable,2,WP-H73-03,밀폐공간 용접작업 환경관리,밀폐공간 용접작업 환경관리,5.1.2,H-73-2015,present_in_base_ttl_same_guide
ci_unrelated_action_filter1,H-73-2015,용접작업 보건관리지침,domain_specific,measurement_analysis,photo_unmatchable,3,WP-H73-02,옥외용접작업 환경관리,옥외용접작업 환경관리,5.1.2,H-73-2015,present_in_base_ttl_same_guide
ci_unrelated_action_filter1,H-73-2015,용접작업 보건관리지침,domain_specific,measurement_analysis,photo_unmatchable,4,WP-H73-04,작업계획수립 및 표준작업관리지침 작성,작업계획수립 및 표준작업관리지침 작성,5.2.1,H-73-2015,present_in_base_ttl_same_guide
ci_unrelated_action_filter1,H-73-2015,용접작업 보건관리지침,domain_specific,measurement_analysis,photo_unmatchable,5,WP-H73-06,건강진단 실시,건강진단 실시,5.3.1,H-73-2015,present_in_base_ttl_same_guide
ci_unrelated_action_filter1,H-74-2015,펌프식시료채취법과 흡착관 열탁착 가스크로마토그래피,exclusive,measurement_analysis,photo_unmatchable,1,WP-H74-16,검량선 작성,검량선 작성,9,H-74-2015,present_in_base_ttl_same_guide
ci_unrelated_action_filter1,H-74-2015,펌프식시료채취법과 흡착관 열탁착 가스크로마토그래피,exclusive,measurement_analysis,photo_unmatchable,2,WP-H74-01,흡착제 사전안정화,흡착제 사전안정화,5.3,H-74-2015,present_in_base_ttl_same_guide
ci_unrelated_action_filter1,H-74-2015,펌프식시료채취법과 흡착관 열탁착 가스크로마토그래피,exclusive,measurement_analysis,photo_unmatchable,3,WP-H74-02,표준공기를 이용한 흡착관 표준시료 제조,표준공기를 이용한 흡착관 표준시료 제조,6.1,H-74-2015,present_in_base_ttl_same_guide
ci_unrelated_action_filter1,H-74-2015,펌프식시료채취법과 흡착관 열탁착 가스크로마토그래피,exclusive,measurement_analysis,photo_unmatchable,4,WP-H74-04,액체주입방법을 이용한 흡착관 표준시료 제조,액체주입방법을 이용한 흡착관 표준시료 제조,6.4,H-74-2015,present_in_base_ttl_same_guide
ci_unrelated_action_filter1,H-74-2015,펌프식시료채취법과 흡착관 열탁착 가스크로마토그래피,exclusive,measurement_analysis,photo_unmatchable,5,WP-H74-12,흡착관 안정화,흡착관 안정화,8,H-74-2015,present_in_base_ttl_same_guide
ci_unrelated_action_filter1,H-74-2015,펌프식시료채취법과 흡착관 열탁착 가스크로마토그래피,exclusive,measurement_analysis,photo_unmatchable,6,WP-H74-13,펌프 보정,펌프 보정,8,H-74-2015,present_in_base_ttl_same_guide
ci_unrelated_action_filter1,H-74-2015,펌프식시료채취법과 흡착관 열탁착 가스크로마토그래피,exclusive,measurement_analysis,photo_unmatchable,7,WP-H74-14,시료채취,시료채취,8,H-74-2015,present_in_base_ttl_same_guide
ci_unrelated_action_filter1,H-74-2015,펌프식시료채취법과 흡착관 열탁착 가스크로마토그래피,exclusive,measurement_analysis,photo_unmatchable,8,WP-H74-15,탈착 및 분석,탈착 및 분석,9,H-74-2015,present_in_base_ttl_same_guide
ci_unrelated_action_filter1,H-75-2015,사업장 작업환경 평가지침,domain_specific,field_control,photo_actionable,1,WP-H75-01,작업환경 평가,작업환경 평가,4,H-75-2015,present_in_base_ttl_same_guide
ci_unrelated_action_filter1,H-75-2015,사업장 작업환경 평가지침,domain_specific,field_control,photo_actionable,2,WP-H75-03,작업환경 개선 후 평가,작업환경 개선 후 평가,6,H-75-2015,present_in_base_ttl_same_guide
ci_unrelated_action_filter1,H-75-2015,사업장 작업환경 평가지침,domain_specific,field_control,photo_actionable,3,WP-H75-04,작업환경 사후관리,작업환경 사후관리,7,H-75-2015,present_in_base_ttl_same_guide
ci_unrelated_action_filter1,H-75-2015,사업장 작업환경 평가지침,domain_specific,field_control,photo_actionable,4,WP-H75-02,작업환경 개선 계획 수립,작업환경 개선 계획 수립,5,H-75-2015,present_in_base_ttl_same_guide
ci_unrelated_action_filter1,H-77-2012,국소진동 측정 및 평가지침,domain_specific,measurement_analysis,photo_unmatchable,1,WP-H77-02,측정장비 점검 및 보정,측정장비 점검 및 보정,6.1.1,H-77-2012,present_in_base_ttl_same_guide
ci_unrelated_action_filter1,H-77-2012,국소진동 측정 및 평가지침,domain_specific,measurement_analysis,photo_unmatchable,2,WP-H77-03,변환기 선정 및 부착,변환기 선정 및 부착,6.1.3,H-77-2012,present_in_base_ttl_same_guide
ci_unrelated_action_filter1,H-77-2012,국소진동 측정 및 평가지침,domain_specific,measurement_analysis,photo_unmatchable,3,WP-H77-04,국소진동 측정 실시,국소진동 측정 실시,6.3,H-77-2012,present_in_base_ttl_same_guide
ci_unrelated_action_filter1,H-77-2012,국소진동 측정 및 평가지침,domain_specific,measurement_analysis,photo_unmatchable,4,WP-H77-06,주파수 보정 및 평가,주파수 보정 및 평가,6.6,H-77-2012,present_in_base_ttl_same_guide
ci_unrelated_action_filter1,H-77-2012,국소진동 측정 및 평가지침,domain_specific,measurement_analysis,photo_unmatchable,5,WP-H77-07,측정·평가 결과 보고,측정·평가 결과 보고,7.5,H-77-2012,present_in_base_ttl_same_guide
ci_unrelated_action_filter1,H-78-2012,자외선 소독기에서 발생되는 자외선의 노출평가 및 관리지침,exclusive,measurement_analysis,photo_unmatchable,1,WP-H78-02,자외선 유효방사도 측정,자외선 유효방사도 측정,4.1,H-78-2012,present_in_base_ttl_same_guide
ci_unrelated_action_filter1,H-78-2012,자외선 소독기에서 발생되는 자외선의 노출평가 및 관리지침,exclusive,measurement_analysis,photo_unmatchable,2,WP-H78-03,자외선 노출평가,자외선 노출평가,4.2,H-78-2012,present_in_base_ttl_same_guide
ci_unrelated_action_filter1,H-78-2012,자외선 소독기에서 발생되는 자외선의 노출평가 및 관리지침,exclusive,measurement_analysis,photo_unmatchable,3,WP-H78-01,자외선 측정 준비,자외선 측정 준비,4.1,H-78-2012,present_in_base_ttl_same_guide
ci_unrelated_action_filter1,H-81-2021,화학물질의 유해성 평가를 위한 유전독성시험에 관한 기술지침,exclusive,test_protocol,photo_unmatchable,1,WP-H81-01,S9 및 배지 조제,S9 및 배지 조제,부록1,H-81-2021,present_in_base_ttl_same_guide
ci_unrelated_action_filter1,H-81-2021,화학물질의 유해성 평가를 위한 유전독성시험에 관한 기술지침,exclusive,test_protocol,photo_unmatchable,2,WP-H81-03,세포독성시험(평판법),세포독성시험(평판법),부록1,H-81-2021,present_in_base_ttl_same_guide
ci_unrelated_action_filter1,H-81-2021,화학물질의 유해성 평가를 위한 유전독성시험에 관한 기술지침,exclusive,test_protocol,photo_unmatchable,3,WP-H81-05,본시험(전배양법),본시험(전배양법),부록1,H-81-2021,present_in_base_ttl_same_guide
ci_unrelated_action_filter1,H-81-2021,화학물질의 유해성 평가를 위한 유전독성시험에 관한 기술지침,exclusive,test_protocol,photo_unmatchable,4,WP-H81-25,시험관내 염색체이상시험 - 직접법,시험관내 염색체이상시험 - 직접법,부록2-2.10,H-81-2021,present_in_base_ttl_same_guide
ci_unrelated_action_filter1,H-81-2021,화학물질의 유해성 평가를 위한 유전독성시험에 관한 기술지침,exclusive,test_protocol,photo_unmatchable,5,WP-H81-26,S9 첨가법 (대사활성화계 적용),S9 첨가법 (대사활성화계 적용),부록2-2.11,H-81-2021,present_in_base_ttl_same_guide
ci_unrelated_action_filter1,H-81-2021,화학물질의 유해성 평가를 위한 유전독성시험에 관한 기술지침,exclusive,test_protocol,photo_unmatchable,6,WP-H81-27,염색체이상의 계수 및 결과 판정,염색체이상의 계수 및 결과 판정,부록2-2.12,H-81-2021,present_in_base_ttl_same_guide
ci_unrelated_action_filter1,H-83-2021,화학물질의 급성경피독성 시험 기술지침,exclusive,field_control,photo_actionable,1,WP-H83-02,동물 구입 및 시험동물 선택,동물 구입 및 시험동물 선택,5,H-83-2021,present_in_base_ttl_same_guide
ci_unrelated_action_filter1,H-83-2021,화학물질의 급성경피독성 시험 기술지침,exclusive,field_control,photo_actionable,2,WP-H83-08,결과 처리 및 최종보고서 작성,결과 처리 및 최종보고서 작성,9,H-83-2021,present_in_base_ttl_same_guide
ci_unrelated_action_filter1,H-91-2021,피로도 평가 및 관리지침,domain_specific,management_program,photo_conditional_followup,1,WP-H91-01,근로자 개인 피로도 평가,근로자 개인 피로도 평가,5.1,H-91-2021,present_in_base_ttl_same_guide
ci_unrelated_action_filter1,H-91-2021,피로도 평가 및 관리지침,domain_specific,management_program,photo_conditional_followup,2,WP-H91-03,작업관련 피로 요인 파악,작업관련 피로 요인 파악,5.3,H-91-2021,present_in_base_ttl_same_guide
ci_unrelated_action_filter1,H-91-2021,피로도 평가 및 관리지침,domain_specific,management_program,photo_conditional_followup,3,WP-H91-02,집단수준의 피로 평가,집단수준의 피로 평가,5.2,H-91-2021,present_in_base_ttl_same_guide
ci_unrelated_action_filter1,H-91-2021,피로도 평가 및 관리지침,domain_specific,management_program,photo_conditional_followup,4,WP-H91-05,사업장 피로 관리,사업장 피로 관리,6.2,H-91-2021,present_in_base_ttl_same_guide
ci_unrelated_action_filter1,H-92-2012,전기도금 사업장 근로자 보건관리 지침,domain_specific,management_program,photo_conditional_followup,1,WP-H92-02,전처리공정 - 산세,전처리공정 - 산세,4.1.1,H-92-2012,present_in_base_ttl_same_guide
ci_unrelated_action_filter1,H-92-2012,전기도금 사업장 근로자 보건관리 지침,domain_specific,management_program,photo_conditional_followup,2,WP-H92-01,전처리공정 - 탈지,전처리공정 - 탈지,4.1.1,H-92-2012,present_in_base_ttl_same_guide
ci_unrelated_action_filter1,H-92-2012,전기도금 사업장 근로자 보건관리 지침,domain_specific,management_program,photo_conditional_followup,3,WP-H92-03,전처리공정 - 중화,전처리공정 - 중화,4.1.1,H-92-2012,present_in_base_ttl_same_guide
ci_unrelated_action_filter1,H-92-2012,전기도금 사업장 근로자 보건관리 지침,domain_specific,management_program,photo_conditional_followup,4,WP-H92-04,도금공정,도금공정,4.1.2,H-92-2012,present_in_base_ttl_same_guide
ci_unrelated_action_filter1,H-92-2012,전기도금 사업장 근로자 보건관리 지침,domain_specific,management_program,photo_conditional_followup,5,WP-H92-05,가공 및 사상공정,가공 및 사상공정,4.1.3,H-92-2012,present_in_base_ttl_same_guide
ci_unrelated_action_filter1,H-93-2021,의료기관 근로자의 공기매개 감염병에 대한 관리지침,exclusive,management_program,photo_conditional_followup,1,WP-H93-01,채용 또는 배치 시 의료기관 근로자 검사 및 예방접종,채용 또는 배치 시 의료기관 근로자 검사 및 예방접종,4,H-93-2021,present_in_base_ttl_same_guide
ci_unrelated_action_filter1,H-93-2021,의료기관 근로자의 공기매개 감염병에 대한 관리지침,exclusive,management_program,photo_conditional_followup,2,WP-H93-06,인플루엔자 감염관리,인플루엔자 감염관리,5.7,H-93-2021,present_in_base_ttl_same_guide
ci_unrelated_action_filter1,H-93-2021,의료기관 근로자의 공기매개 감염병에 대한 관리지침,exclusive,management_program,photo_conditional_followup,3,WP-H93-02,결핵 노출 후 관리,결핵 노출 후 관리,5.1,H-93-2021,present_in_base_ttl_same_guide
ci_unrelated_action_filter1,H-93-2021,의료기관 근로자의 공기매개 감염병에 대한 관리지침,exclusive,management_program,photo_conditional_followup,4,WP-H93-03,결핵 감염 근로자 근무 복귀 관리,결핵 감염 근로자 근무 복귀 관리,5.1,H-93-2021,present_in_base_ttl_same_guide
ci_unrelated_action_filter1,H-93-2021,의료기관 근로자의 공기매개 감염병에 대한 관리지침,exclusive,management_program,photo_conditional_followup,5,WP-H93-05,홍역 노출 근로자 관리,홍역 노출 근로자 관리,5.3,H-93-2021,present_in_base_ttl_same_guide
ci_unrelated_action_filter1,H-93-2021,의료기관 근로자의 공기매개 감염병에 대한 관리지침,exclusive,management_program,photo_conditional_followup,6,WP-H93-07,공기매개 경계(Airborne precaution) 실시,공기매개 경계(Airborne precaution) 실시,부록1-1,H-93-2021,present_in_base_ttl_same_guide
ci_unrelated_action_filter1,H-94-2021,구제역 등 방역작업 종사자 자가 건강관리 지침,domain_specific,field_control,photo_actionable,1,WP-H94-03,소독제 희석 및 살포,소독제 희석 및 살포,7.2,H-94-2021,present_in_base_ttl_same_guide
ci_unrelated_action_filter1,H-94-2021,구제역 등 방역작업 종사자 자가 건강관리 지침,domain_specific,field_control,photo_actionable,2,WP-H94-01,작업 전 준비 및 점검,작업 전 준비 및 점검,6,H-94-2021,present_in_base_ttl_same_guide
ci_unrelated_action_filter1,H-94-2021,구제역 등 방역작업 종사자 자가 건강관리 지침,domain_specific,field_control,photo_actionable,3,WP-H94-02,보호구 착용,보호구 착용,7.1,H-94-2021,present_in_base_ttl_same_guide
ci_unrelated_action_filter1,H-95-2021,만성폐쇄성 폐질환 근로자의 건강관리 지침,domain_specific,health_screening,photo_unmatchable,1,WP-H95-03,사업장 보건관리자의 환자관리,사업장 보건관리자의 환자관리,5.1,H-95-2021,present_in_base_ttl_same_guide
ci_unrelated_action_filter1,H-95-2021,만성폐쇄성 폐질환 근로자의 건강관리 지침,domain_specific,health_screening,photo_unmatchable,2,WP-H95-04,직업적 위험인자 관리,직업적 위험인자 관리,6.1,H-95-2021,present_in_base_ttl_same_guide
ci_unrelated_action_filter1,H-95-2021,만성폐쇄성 폐질환 근로자의 건강관리 지침,domain_specific,health_screening,photo_unmatchable,3,WP-H95-01,건강검진을 통한 COPD 의심환자 식별,건강검진을 통한 COPD 의심환자 식별,5.1,H-95-2021,present_in_base_ttl_same_guide
ci_unrelated_action_filter1,H-95-2021,만성폐쇄성 폐질환 근로자의 건강관리 지침,domain_specific,health_screening,photo_unmatchable,4,WP-H95-02,상급병원 확진의뢰 및 환자군 분류,상급병원 확진의뢰 및 환자군 분류,5.1,H-95-2021,present_in_base_ttl_same_guide
ci_unrelated_action_filter1,H-95-2021,만성폐쇄성 폐질환 근로자의 건강관리 지침,domain_specific,health_screening,photo_unmatchable,5,WP-H95-05,비직업적 위험인자 관리 및 재활,비직업적 위험인자 관리 및 재활,6.2,H-95-2021,present_in_base_ttl_same_guide
ci_unrelated_action_filter1,H-96-2021,작업장내의 질병 집단발생에 대한 조사지침,domain_specific,field_control,photo_actionable,1,WP-H96-02,환례 정의 및 확인,환례 정의 및 확인,4.1,H-96-2021,present_in_base_ttl_same_guide
ci_unrelated_action_filter1,H-96-2021,작업장내의 질병 집단발생에 대한 조사지침,domain_specific,field_control,photo_actionable,2,WP-H96-03,추가 환례 탐색,추가 환례 탐색,4.1,H-96-2021,present_in_base_ttl_same_guide
ci_unrelated_action_filter1,H-96-2021,작업장내의 질병 집단발생에 대한 조사지침,domain_specific,field_control,photo_actionable,3,WP-H96-04,초과발생 여부 확인,초과발생 여부 확인,4.1,H-96-2021,present_in_base_ttl_same_guide
ci_unrelated_action_filter1,H-97-2021,조혈기계 검사 이상근로자의 관리지침,domain_specific,health_screening,photo_unmatchable,1,WP-H97-02,의학적 조치 (추가검사 및 치료 연계),의학적 조치 (추가검사 및 치료 연계),8.1,H-97-2021,present_in_base_ttl_same_guide
ci_unrelated_action_filter1,H-97-2021,조혈기계 검사 이상근로자의 관리지침,domain_specific,health_screening,photo_unmatchable,2,WP-H97-03,업무적합성평가,업무적합성평가,8.2,H-97-2021,present_in_base_ttl_same_guide
ci_unrelated_action_filter1,H-97-2021,조혈기계 검사 이상근로자의 관리지침,domain_specific,health_screening,photo_unmatchable,3,WP-H97-01,건강진단 실시 및 조혈기계 검사결과 확인,건강진단 실시 및 조혈기계 검사결과 확인,4.1.1,H-97-2021,present_in_base_ttl_same_guide
ci_unrelated_action_filter1,H-97-2021,조혈기계 검사 이상근로자의 관리지침,domain_specific,health_screening,photo_unmatchable,4,WP-H97-04,사업주 조치 (근무제한 및 작업전환),사업주 조치 (근무제한 및 작업전환),8.3,H-97-2021,present_in_base_ttl_same_guide
ci_unrelated_action_filter1,H-98-2021,당뇨병을 진단받은 근로자에 대한 건강관리 지침,domain_specific,health_screening,photo_unmatchable,1,WP-H98-03,사업장 건강관리 환경 조성,사업장 건강관리 환경 조성,5.2,H-98-2021,present_in_base_ttl_same_guide
ci_unrelated_action_filter1,H-98-2021,당뇨병을 진단받은 근로자에 대한 건강관리 지침,domain_specific,health_screening,photo_unmatchable,2,WP-H98-01,업무적합성 평가,업무적합성 평가,4.3,H-98-2021,present_in_base_ttl_same_guide
ci_unrelated_action_filter1,H-98-2021,당뇨병을 진단받은 근로자에 대한 건강관리 지침,domain_specific,health_screening,photo_unmatchable,3,WP-H98-04,저혈당 응급 대응,저혈당 응급 대응,5.3,H-98-2021,present_in_base_ttl_same_guide
ci_unrelated_action_filter1,H-98-2021,당뇨병을 진단받은 근로자에 대한 건강관리 지침,domain_specific,health_screening,photo_unmatchable,4,WP-H98-05,당뇨병케톤산증 및 고혈당성 고삼투압 증후군 응급 대응,당뇨병케톤산증 및 고혈당성 고삼투압 증후군 응급 대응,5.3,H-98-2021,present_in_base_ttl_same_guide
ci_unrelated_action_filter1,H-99-2023,일산화탄소의 생물학적 노출지표물질 분석에 관한 기술지침,exclusive,measurement_analysis,photo_unmatchable,1,WP-H99-04,흡광도 측정 및 농도 계산,흡광도 측정 및 농도 계산,5.1,H-99-2023,present_in_base_ttl_same_guide
ci_unrelated_action_filter1,H-99-2023,일산화탄소의 생물학적 노출지표물질 분석에 관한 기술지침,exclusive,measurement_analysis,photo_unmatchable,2,WP-H99-05,검정과정,검정과정,5.1,H-99-2023,present_in_base_ttl_same_guide
ci_unrelated_action_filter1,H-99-2023,일산화탄소의 생물학적 노출지표물질 분석에 관한 기술지침,exclusive,measurement_analysis,photo_unmatchable,3,WP-H99-02,시약 조제,시약 조제,5.1,H-99-2023,present_in_base_ttl_same_guide
ci_unrelated_action_filter1,H-99-2023,일산화탄소의 생물학적 노출지표물질 분석에 관한 기술지침,exclusive,measurement_analysis,photo_unmatchable,4,WP-H99-03,시료 전처리,시료 전처리,5.1,H-99-2023,present_in_base_ttl_same_guide
ci_unrelated_action_filter1,K-1-2023,유해화학물질 저장 운반 및 취급에 관한 기술지침,exclusive,field_control,photo_actionable,1,WP-K1-01,옥외저장 (밀폐용기),옥외저장 (밀폐용기),4.1.1,K-1-2023,present_in_base_ttl_same_guide
ci_unrelated_action_filter1,K-1-2023,유해화학물질 저장 운반 및 취급에 관한 기술지침,exclusive,field_control,photo_actionable,2,WP-K1-02,옥외저장 (탱크),옥외저장 (탱크),4.1.2,K-1-2023,present_in_base_ttl_same_guide
ci_unrelated_action_filter1,K-1-2023,유해화학물질 저장 운반 및 취급에 관한 기술지침,exclusive,field_control,photo_actionable,3,WP-K1-03,옥내저장 (밀폐용기·탱크),옥내저장 (밀폐용기·탱크),4.2,K-1-2023,present_in_base_ttl_same_guide
ci_unrelated_action_filter1,K-1-2023,유해화학물질 저장 운반 및 취급에 관한 기술지침,exclusive,field_control,photo_actionable,4,WP-K1-05,운반,운반,5.2,K-1-2023,present_in_base_ttl_same_guide
ci_unrelated_action_filter1,K-1-2023,유해화학물질 저장 운반 및 취급에 관한 기술지침,exclusive,field_control,photo_actionable,5,WP-K1-09,공정과정 (반응·혼합·건조 등),공정과정 (반응·혼합·건조 등),5.4.2,K-1-2023,present_in_base_ttl_same_guide
ci_unrelated_action_filter1,M-1-2013,CNC 선반의 날아오는 가공물 등에 의한 위험방지 기술지침,exclusive,field_control,photo_actionable,1,WP-M1-04,가드 및 투명 패널 고정·평가,가드 및 투명 패널 고정·평가,6,M-1-2013,present_in_base_ttl_same_guide
ci_unrelated_action_filter1,M-1-2013,CNC 선반의 날아오는 가공물 등에 의한 위험방지 기술지침,exclusive,field_control,photo_actionable,2,WP-M1-02,날아오는 에너지 산출,날아오는 에너지 산출,4.2,M-1-2013,present_in_base_ttl_same_guide
ci_unrelated_action_filter1,M-1-2013,CNC 선반의 날아오는 가공물 등에 의한 위험방지 기술지침,exclusive,field_control,photo_actionable,3,WP-M1-03,공학적 제어 및 재료 적합성 검토,공학적 제어 및 재료 적합성 검토,5,M-1-2013,present_in_base_ttl_same_guide
ci_unrelated_action_filter1,M-1-2013,CNC 선반의 날아오는 가공물 등에 의한 위험방지 기술지침,exclusive,field_control,photo_actionable,4,WP-M1-01,위험 요인 파악,위험 요인 파악,4,M-1-2013,present_in_base_ttl_same_guide
ci_unrelated_action_filter1,M-1-2013,CNC 선반의 날아오는 가공물 등에 의한 위험방지 기술지침,exclusive,field_control,photo_actionable,5,WP-M1-05,수정 조치 시행,수정 조치 시행,6.3,M-1-2013,present_in_base_ttl_same_guide
ci_unrelated_action_filter1,M-10-2012,날카로운 모서리의 수작업에 관한 기술지침,domain_specific,field_control,photo_actionable,1,WP-M10-02,날카로운 모서리 물품의 직접적인 취급 배제,날카로운 모서리 물품의 직접적인 취급 배제,6.1,M-10-2012,present_in_base_ttl_same_guide
ci_unrelated_action_filter1,M-10-2012,날카로운 모서리의 수작업에 관한 기술지침,domain_specific,field_control,photo_actionable,2,WP-M10-01,위험성 평가,위험성 평가,5,M-10-2012,present_in_base_ttl_same_guide
ci_unrelated_action_filter1,M-10-2012,날카로운 모서리의 수작업에 관한 기술지침,domain_specific,field_control,photo_actionable,3,WP-M10-03,설계를 통해 날카로운 모서리 제거,설계를 통해 날카로운 모서리 제거,6.2,M-10-2012,present_in_base_ttl_same_guide
ci_unrelated_action_filter1,M-10-2012,날카로운 모서리의 수작업에 관한 기술지침,domain_specific,field_control,photo_actionable,4,WP-M10-04,기계작업을 통해 날카로운 모서리 제거,기계작업을 통해 날카로운 모서리 제거,6.3,M-10-2012,present_in_base_ttl_same_guide
ci_unrelated_action_filter1,M-10-2012,날카로운 모서리의 수작업에 관한 기술지침,domain_specific,field_control,photo_actionable,5,WP-M10-05,날카로운 모서리 덮개 및 보호,날카로운 모서리 덮개 및 보호,6.4,M-10-2012,present_in_base_ttl_same_guide
ci_unrelated_action_filter1,M-103-2017,공기압 시스템의 안전에 관한 기술지침,exclusive,field_control,photo_actionable,1,WP-M103-02,압축기 설치,압축기 설치,5.1,M-103-2017,present_in_base_ttl_same_guide
ci_unrelated_action_filter1,M-103-2017,공기압 시스템의 안전에 관한 기술지침,exclusive,field_control,photo_actionable,2,WP-M103-05,안전밸브 설치 및 설정,안전밸브 설치 및 설정,5.6,M-103-2017,present_in_base_ttl_same_guide
ci_unrelated_action_filter1,M-103-2017,공기압 시스템의 안전에 관한 기술지침,exclusive,field_control,photo_actionable,3,WP-M103-08,공기저장탱크 설치,공기저장탱크 설치,6.4,M-103-2017,present_in_base_ttl_same_guide
ci_unrelated_action_filter1,M-103-2017,공기압 시스템의 안전에 관한 기술지침,exclusive,field_control,photo_actionable,4,WP-M103-01,공기압 시스템 설계,공기압 시스템 설계,4.1,M-103-2017,present_in_base_ttl_same_guide
ci_unrelated_action_filter1,M-107-2012,압력용기 등의 초음파탐상 시험에 관한 기술지침,exclusive,field_control,photo_actionable,1,WP-M107-01,탐상시험 준비,탐상시험 준비,5,M-107-2012,present_in_base_ttl_same_guide
ci_unrelated_action_filter1,M-107-2012,압력용기 등의 초음파탐상 시험에 관한 기술지침,exclusive,field_control,photo_actionable,2,WP-M107-07,시험 기록 작성,시험 기록 작성,9,M-107-2012,present_in_base_ttl_same_guide
ci_unrelated_action_filter1,M-111-2015,압력용기의 용접설계에 관한 기술지침,exclusive,management_program,photo_conditional_followup,1,WP-M111-03,용접 시공,용접 시공,5.4,M-111-2015,present_in_base_ttl_same_guide
ci_unrelated_action_filter1,M-113-2012,압력용기 보수에 관한 기술지침,exclusive,field_control,photo_actionable,1,WP-M113-08,클래딩 부위 결함 수정,클래딩 부위 결함 수정,8,M-113-2012,present_in_base_ttl_same_guide
ci_unrelated_action_filter1,M-113-2012,압력용기 보수에 관한 기술지침,exclusive,field_control,photo_actionable,2,WP-M113-05,용접 실시,용접 실시,7.3,M-113-2012,present_in_base_ttl_same_guide
ci_unrelated_action_filter1,M-113-2012,압력용기 보수에 관한 기술지침,exclusive,field_control,photo_actionable,3,WP-M113-06,후열처리,후열처리,6.2,M-113-2012,present_in_base_ttl_same_guide
ci_unrelated_action_filter1,M-113-2012,압력용기 보수에 관한 기술지침,exclusive,field_control,photo_actionable,4,WP-M113-09,비파괴검사 및 압력시험,비파괴검사 및 압력시험,5.3,M-113-2012,present_in_base_ttl_same_guide
ci_unrelated_action_filter1,M-114-2012,윤활유 분석에 의한 고장진단 기술지침,exclusive,measurement_analysis,photo_unmatchable,1,WP-M114-04,윤활유 분석 시험,윤활유 분석 시험,8,M-114-2012,present_in_base_ttl_same_guide
ci_unrelated_action_filter1,M-114-2012,윤활유 분석에 의한 고장진단 기술지침,exclusive,measurement_analysis,photo_unmatchable,2,WP-M114-03,시료채취,시료채취,7.2,M-114-2012,present_in_base_ttl_same_guide
ci_unrelated_action_filter1,M-114-2012,윤활유 분석에 의한 고장진단 기술지침,exclusive,measurement_analysis,photo_unmatchable,3,WP-M114-01,윤활유 선정,윤활유 선정,5,M-114-2012,present_in_base_ttl_same_guide
ci_unrelated_action_filter1,M-114-2012,윤활유 분석에 의한 고장진단 기술지침,exclusive,measurement_analysis,photo_unmatchable,4,WP-M114-02,윤활유 품질관리,윤활유 품질관리,6,M-114-2012,present_in_base_ttl_same_guide
ci_unrelated_action_filter1,M-114-2012,윤활유 분석에 의한 고장진단 기술지침,exclusive,measurement_analysis,photo_unmatchable,5,WP-M114-05,분석 결과관리 및 경향관리,분석 결과관리 및 경향관리,7.4,M-114-2012,present_in_base_ttl_same_guide
ci_unrelated_action_filter1,M-114-2012,윤활유 분석에 의한 고장진단 기술지침,exclusive,measurement_analysis,photo_unmatchable,6,WP-M114-06,분석 결과조치,분석 결과조치,7.5,M-114-2012,present_in_base_ttl_same_guide
ci_unrelated_action_filter1,M-121-2012,성능매개변수를 이용한 기계의 상태감시와 진단 기술지침,exclusive,measurement_analysis,photo_unmatchable,1,WP-M121-01,감시매개변수 선정,감시매개변수 선정,4,M-121-2012,present_in_base_ttl_same_guide
ci_unrelated_action_filter1,M-121-2012,성능매개변수를 이용한 기계의 상태감시와 진단 기술지침,exclusive,measurement_analysis,photo_unmatchable,2,WP-M121-04,측정치 취득속도 결정,측정치 취득속도 결정,5.3,M-121-2012,present_in_base_ttl_same_guide
ci_unrelated_action_filter1,M-121-2012,성능매개변수를 이용한 기계의 상태감시와 진단 기술지침,exclusive,measurement_analysis,photo_unmatchable,3,WP-M121-05,감시매개변수 기록,감시매개변수 기록,5.4,M-121-2012,present_in_base_ttl_same_guide
ci_unrelated_action_filter1,M-121-2012,성능매개변수를 이용한 기계의 상태감시와 진단 기술지침,exclusive,measurement_analysis,photo_unmatchable,4,WP-M121-06,결함진단,결함진단,6,M-121-2012,present_in_base_ttl_same_guide
ci_unrelated_action_filter1,M-123-2012,기계류의 위험성평가 지침,domain_specific,measurement_analysis,photo_unmatchable,1,WP-M123-01,위험성평가를 위한 자료 수집,위험성평가를 위한 자료 수집,4.3,M-123-2012,present_in_base_ttl_same_guide
ci_unrelated_action_filter1,M-123-2012,기계류의 위험성평가 지침,domain_specific,measurement_analysis,photo_unmatchable,2,WP-M123-02,위험성평가 범위 결정,위험성평가 범위 결정,5,M-123-2012,present_in_base_ttl_same_guide
ci_unrelated_action_filter1,M-123-2012,기계류의 위험성평가 지침,domain_specific,measurement_analysis,photo_unmatchable,3,WP-M123-03,위험확인,위험확인,6,M-123-2012,present_in_base_ttl_same_guide
ci_unrelated_action_filter1,M-123-2012,기계류의 위험성평가 지침,domain_specific,measurement_analysis,photo_unmatchable,4,WP-M123-04,위험도 산정,위험도 산정,7,M-123-2012,present_in_base_ttl_same_guide
ci_unrelated_action_filter1,M-123-2012,기계류의 위험성평가 지침,domain_specific,measurement_analysis,photo_unmatchable,5,WP-M123-05,위험성 판단 및 위험수준 감소,위험성 판단 및 위험수준 감소,8,M-123-2012,present_in_base_ttl_same_guide
ci_unrelated_action_filter1,M-123-2012,기계류의 위험성평가 지침,domain_specific,measurement_analysis,photo_unmatchable,6,WP-M123-06,위험성 비교,위험성 비교,8.3,M-123-2012,present_in_base_ttl_same_guide
ci_unrelated_action_filter1,M-123-2012,기계류의 위험성평가 지침,domain_specific,measurement_analysis,photo_unmatchable,7,WP-M123-07,기록 유지,기록 유지,9,M-123-2012,present_in_base_ttl_same_guide
ci_unrelated_action_filter1,M-124-2012,정련기 방호조치에 관한 기술지침,exclusive,field_control,photo_actionable,1,WP-M124-03,뚜껑 체결 및 안전 확인,뚜껑 체결 및 안전 확인,5,M-124-2012,present_in_base_ttl_same_guide
ci_unrelated_action_filter1,M-124-2012,정련기 방호조치에 관한 기술지침,exclusive,field_control,photo_actionable,2,WP-M124-04,정련 운전,정련 운전,5,M-124-2012,present_in_base_ttl_same_guide
ci_unrelated_action_filter1,M-124-2012,정련기 방호조치에 관한 기술지침,exclusive,field_control,photo_actionable,3,WP-M124-05,정련 완료 및 원단 배출,정련 완료 및 원단 배출,5,M-124-2012,present_in_base_ttl_same_guide
ci_unrelated_action_filter1,M-124-2012,정련기 방호조치에 관한 기술지침,exclusive,field_control,photo_actionable,4,WP-M124-02,가동 전 점검 및 원단 투입,가동 전 점검 및 원단 투입,5,M-124-2012,present_in_base_ttl_same_guide
ci_unrelated_action_filter1,M-128-2012,시멘트 벽돌·블럭 성형기의 방호조치에 관한 기술지침,exclusive,field_control,photo_actionable,1,WP-M128-02,계량 및 혼합작업,계량 및 혼합작업,4.3,M-128-2012,present_in_base_ttl_same_guide
ci_unrelated_action_filter1,M-128-2012,시멘트 벽돌·블럭 성형기의 방호조치에 관한 기술지침,exclusive,field_control,photo_actionable,2,WP-M128-05,핑거카 이송 작업,핑거카 이송 작업,4.6,M-128-2012,present_in_base_ttl_same_guide
ci_unrelated_action_filter1,M-128-2012,시멘트 벽돌·블럭 성형기의 방호조치에 관한 기술지침,exclusive,field_control,photo_actionable,3,WP-M128-06,적재(큐빙)작업,적재(큐빙)작업,4.7,M-128-2012,present_in_base_ttl_same_guide
ci_unrelated_action_filter1,M-13-2012,플라스틱 판재 및 필름 와인딩기 작업에 관한 기술지침,exclusive,field_control,photo_actionable,1,WP-M13-03,릴 교체 작업,릴 교체 작업,별표 2,M-13-2012,present_in_base_ttl_same_guide
ci_unrelated_action_filter1,M-13-2012,플라스틱 판재 및 필름 와인딩기 작업에 관한 기술지침,exclusive,field_control,photo_actionable,2,WP-M13-05,유지보수 점검 (월간점검),유지보수 점검 (월간점검),6.2,M-13-2012,present_in_base_ttl_same_guide
ci_unrelated_action_filter1,M-131-2012,기계의 결함진단을 위한 자료해석 기술지침,exclusive,field_control,photo_actionable,1,WP-M131-02,진단요구사항 보고서 작성,진단요구사항 보고서 작성,4.3,M-131-2012,present_in_base_ttl_same_guide
ci_unrelated_action_filter1,M-131-2012,기계의 결함진단을 위한 자료해석 기술지침,exclusive,field_control,photo_actionable,2,WP-M131-03,상태감시 자료 수집 및 측정,상태감시 자료 수집 및 측정,5.1,M-131-2012,present_in_base_ttl_same_guide
ci_unrelated_action_filter1,M-131-2012,기계의 결함진단을 위한 자료해석 기술지침,exclusive,field_control,photo_actionable,3,WP-M131-04,이상상태 검출 및 평가,이상상태 검출 및 평가,6.1,M-131-2012,present_in_base_ttl_same_guide
ci_unrelated_action_filter1,M-131-2012,기계의 결함진단을 위한 자료해석 기술지침,exclusive,field_control,photo_actionable,4,WP-M131-06,진단 종합 및 판단,진단 종합 및 판단,6.2.4,M-131-2012,present_in_base_ttl_same_guide
ci_unrelated_action_filter1,M-131-2012,기계의 결함진단을 위한 자료해석 기술지침,exclusive,field_control,photo_actionable,5,WP-M131-05,결함가설 작성 및 확정,결함가설 작성 및 확정,6.2,M-131-2012,present_in_base_ttl_same_guide
ci_unrelated_action_filter1,M-134-2012,신선기 재해 방지를 위한 방호조치 기술지침,exclusive,field_control,photo_actionable,1,WP-M134-01,오버헤드형 신선기 방호장치 설치,오버헤드형 신선기 방호장치 설치,4.1,M-134-2012,present_in_base_ttl_same_guide
ci_unrelated_action_filter1,M-134-2012,신선기 재해 방지를 위한 방호조치 기술지침,exclusive,field_control,photo_actionable,2,WP-M134-02,연속스트레이트형 신선기 방호장치 설치,연속스트레이트형 신선기 방호장치 설치,4.2,M-134-2012,present_in_base_ttl_same_guide
ci_unrelated_action_filter1,M-134-2012,신선기 재해 방지를 위한 방호조치 기술지침,exclusive,field_control,photo_actionable,3,WP-M134-03,신선기 일상점검,신선기 일상점검,5.1,M-134-2012,present_in_base_ttl_same_guide
ci_unrelated_action_filter1,M-134-2012,신선기 재해 방지를 위한 방호조치 기술지침,exclusive,field_control,photo_actionable,4,WP-M134-04,신선기 안전 운전,신선기 안전 운전,5.2,M-134-2012,present_in_base_ttl_same_guide
ci_unrelated_action_filter1,M-135-2023,고무 또는 합성수지 가공용 롤러기 방호조치에 관한 기술지침,exclusive,field_control,photo_actionable,1,WP-M135-01,롤러기 설치 및 방호장치 구성,롤러기 설치 및 방호장치 구성,5.1,M-135-2023,present_in_base_ttl_same_guide
ci_unrelated_action_filter1,M-135-2023,고무 또는 합성수지 가공용 롤러기 방호조치에 관한 기술지침,exclusive,field_control,photo_actionable,2,WP-M135-02,급정지장치 점검 및 시험,급정지장치 점검 및 시험,6,M-135-2023,present_in_base_ttl_same_guide
ci_unrelated_action_filter1,M-135-2023,고무 또는 합성수지 가공용 롤러기 방호조치에 관한 기술지침,exclusive,field_control,photo_actionable,3,WP-M135-03,롤러기 운전 작업,롤러기 운전 작업,5.7,M-135-2023,present_in_base_ttl_same_guide
ci_unrelated_action_filter1,M-135-2023,고무 또는 합성수지 가공용 롤러기 방호조치에 관한 기술지침,exclusive,field_control,photo_actionable,4,WP-M135-04,롤러기 청소작업,롤러기 청소작업,5.1.4,M-135-2023,present_in_base_ttl_same_guide
ci_unrelated_action_filter1,M-135-2023,고무 또는 합성수지 가공용 롤러기 방호조치에 관한 기술지침,exclusive,field_control,photo_actionable,5,WP-M135-05,안전요구조건 확인 및 측정,안전요구조건 확인 및 측정,6,M-135-2023,present_in_base_ttl_same_guide
ci_unrelated_action_filter1,M-136-2012,리프트 피니언축 초음파탐상시험에 관한 기술지침,exclusive,field_control,photo_actionable,1,WP-M136-01,탐상시험 준비,탐상시험 준비,4,M-136-2012,present_in_base_ttl_same_guide
ci_unrelated_action_filter1,M-136-2012,리프트 피니언축 초음파탐상시험에 관한 기술지침,exclusive,field_control,photo_actionable,2,WP-M136-03,수직탐상 (시간축 교정 및 감도 설정),수직탐상 (시간축 교정 및 감도 설정),5.2,M-136-2012,present_in_base_ttl_same_guide
ci_unrelated_action_filter1,M-136-2012,리프트 피니언축 초음파탐상시험에 관한 기술지침,exclusive,field_control,photo_actionable,3,WP-M136-04,지시의 평가 및 판정,지시의 평가 및 판정,5.3,M-136-2012,present_in_base_ttl_same_guide
ci_unrelated_action_filter1,M-137-2023,기계의 제작 구매 사용시 안전기준에 관한 기술지침,domain_specific,risk_method,photo_unmatchable,1,WP-M137-04,기계 제조자 위험성평가 - 위험성 감소대책 수립 및 실행,기계 제조자 위험성평가 - 위험성 감소대책 수립 및 실행,4.6,M-137-2023,present_in_base_ttl_same_guide
ci_unrelated_action_filter1,M-137-2023,기계의 제작 구매 사용시 안전기준에 관한 기술지침,domain_specific,risk_method,photo_unmatchable,2,WP-M137-11,기계 사용 사업주 위험성평가 - 개선대책 수립 및 기록,기계 사용 사업주 위험성평가 - 개선대책 수립 및 기록,6.8,M-137-2023,present_in_base_ttl_same_guide
ci_unrelated_action_filter1,M-137-2023,기계의 제작 구매 사용시 안전기준에 관한 기술지침,domain_specific,risk_method,photo_unmatchable,3,WP-M137-03,기계 제조자 위험성평가 - 위험성 결정,기계 제조자 위험성평가 - 위험성 결정,4.5,M-137-2023,present_in_base_ttl_same_guide
ci_unrelated_action_filter1,M-137-2023,기계의 제작 구매 사용시 안전기준에 관한 기술지침,domain_specific,risk_method,photo_unmatchable,4,WP-M137-05,기계 제조자 위험성평가 - 기록 및 보존,기계 제조자 위험성평가 - 기록 및 보존,4.7,M-137-2023,present_in_base_ttl_same_guide
ci_unrelated_action_filter1,M-137-2023,기계의 제작 구매 사용시 안전기준에 관한 기술지침,domain_specific,risk_method,photo_unmatchable,5,WP-M137-01,기계 제조자 위험성평가 - 사전준비,기계 제조자 위험성평가 - 사전준비,4.3,M-137-2023,present_in_base_ttl_same_guide
ci_unrelated_action_filter1,M-137-2023,기계의 제작 구매 사용시 안전기준에 관한 기술지침,domain_specific,risk_method,photo_unmatchable,6,WP-M137-02,기계 제조자 위험성평가 - 유해·위험요인 파악,기계 제조자 위험성평가 - 유해·위험요인 파악,4.4,M-137-2023,present_in_base_ttl_same_guide
ci_unrelated_action_filter1,M-137-2023,기계의 제작 구매 사용시 안전기준에 관한 기술지침,domain_specific,risk_method,photo_unmatchable,7,WP-M137-08,기계 사용 사업주 위험성평가 - 위험정보 파악,기계 사용 사업주 위험성평가 - 위험정보 파악,6.4,M-137-2023,present_in_base_ttl_same_guide
ci_unrelated_action_filter1,M-137-2023,기계의 제작 구매 사용시 안전기준에 관한 기술지침,domain_specific,risk_method,photo_unmatchable,8,WP-M137-09,기계 사용 사업주 위험성평가 - 유해·위험요인 도출,기계 사용 사업주 위험성평가 - 유해·위험요인 도출,6.5,M-137-2023,present_in_base_ttl_same_guide
ci_unrelated_action_filter1,M-139-2012,세라믹 바닥재의 미끄러짐 측정과 평가에 관한 기술지침,domain_specific,measurement_analysis,photo_unmatchable,1,WP-M139-03,미끄러짐 측정 (습윤시험),미끄러짐 측정 (습윤시험),부록 4,M-139-2012,present_in_base_ttl_same_guide
ci_unrelated_action_filter1,M-139-2012,세라믹 바닥재의 미끄러짐 측정과 평가에 관한 기술지침,domain_specific,measurement_analysis,photo_unmatchable,2,WP-M139-04,미끄러짐 평가,미끄러짐 평가,5,M-139-2012,present_in_base_ttl_same_guide
ci_unrelated_action_filter1,M-139-2012,세라믹 바닥재의 미끄러짐 측정과 평가에 관한 기술지침,domain_specific,measurement_analysis,photo_unmatchable,3,WP-M139-06,미끄러짐 표시 후 조치,미끄러짐 표시 후 조치,7,M-139-2012,present_in_base_ttl_same_guide
ci_unrelated_action_filter1,M-139-2012,세라믹 바닥재의 미끄러짐 측정과 평가에 관한 기술지침,domain_specific,measurement_analysis,photo_unmatchable,4,WP-M139-02,미끄러짐 측정 (건조시험),미끄러짐 측정 (건조시험),부록 3,M-139-2012,present_in_base_ttl_same_guide
ci_unrelated_action_filter1,M-139-2012,세라믹 바닥재의 미끄러짐 측정과 평가에 관한 기술지침,domain_specific,measurement_analysis,photo_unmatchable,5,WP-M139-05,미끄러짐 표시,미끄러짐 표시,6,M-139-2012,present_in_base_ttl_same_guide
ci_unrelated_action_filter1,M-14-2012,수동용 칼(Hand Knife)의 사용에 관한 기술지침,domain_specific,field_control,photo_actionable,1,WP-M14-01,수동용 칼 사용 제거(1단계),수동용 칼 사용 제거(1단계),5,M-14-2012,present_in_base_ttl_same_guide
ci_unrelated_action_filter1,M-14-2012,수동용 칼(Hand Knife)의 사용에 관한 기술지침,domain_specific,field_control,photo_actionable,2,WP-M14-02,적절한 칼 선택과 사용(2단계),적절한 칼 선택과 사용(2단계),5,M-14-2012,present_in_base_ttl_same_guide
ci_unrelated_action_filter1,M-142-2012,고압 금속 다이캐스팅기의 안전작업에 관한 기술지침,exclusive,field_control,photo_actionable,1,WP-M142-01,다이캐스팅기 설계 및 방호장치 설치,다이캐스팅기 설계 및 방호장치 설치,5.1,M-142-2012,present_in_base_ttl_same_guide
ci_unrelated_action_filter1,M-142-2012,고압 금속 다이캐스팅기의 안전작업에 관한 기술지침,exclusive,field_control,photo_actionable,2,WP-M142-02,주조 공정 운전,주조 공정 운전,5.2,M-142-2012,present_in_base_ttl_same_guide
ci_unrelated_action_filter1,M-146-2012,고령화 설비의 손상평가와 수명예측에 관한 기술지침,exclusive,field_control,photo_actionable,1,WP-M146-04,남은수명 예측 (크리이프),남은수명 예측 (크리이프),7.3.2,M-146-2012,present_in_base_ttl_same_guide
ci_unrelated_action_filter1,M-146-2012,고령화 설비의 손상평가와 수명예측에 관한 기술지침,exclusive,field_control,photo_actionable,2,WP-M146-01,경년손상 비파괴검사·평가,경년손상 비파괴검사·평가,6.2,M-146-2012,present_in_base_ttl_same_guide
ci_unrelated_action_filter1,M-146-2012,고령화 설비의 손상평가와 수명예측에 관한 기술지침,exclusive,field_control,photo_actionable,3,WP-M146-02,피로수명예측,피로수명예측,7.2,M-146-2012,present_in_base_ttl_same_guide
ci_unrelated_action_filter1,M-146-2012,고령화 설비의 손상평가와 수명예측에 관한 기술지침,exclusive,field_control,photo_actionable,4,WP-M146-03,남은수명 예측 (피로),남은수명 예측 (피로),7.3.1,M-146-2012,present_in_base_ttl_same_guide
ci_unrelated_action_filter1,M-150-2022,불활성기체 등을 이용한 기밀시험 방법에 관한 기술지침,exclusive,field_control,photo_actionable,1,WP-M150-06,진공상자 거품 기밀시험,진공상자 거품 기밀시험,7.2,M-150-2022,present_in_base_ttl_same_guide
ci_unrelated_action_filter1,M-150-2022,불활성기체 등을 이용한 기밀시험 방법에 관한 기술지침,exclusive,field_control,photo_actionable,2,WP-M150-08,초음파 누출검출기 시험,초음파 누출검출기 시험,7.4,M-150-2022,present_in_base_ttl_same_guide
ci_unrelated_action_filter1,M-150-2022,불활성기체 등을 이용한 기밀시험 방법에 관한 기술지침,exclusive,field_control,photo_actionable,3,WP-M150-09,시험 후 조치 및 문서화,시험 후 조치 및 문서화,8,M-150-2022,present_in_base_ttl_same_guide
ci_unrelated_action_filter1,M-150-2022,불활성기체 등을 이용한 기밀시험 방법에 관한 기술지침,exclusive,field_control,photo_actionable,4,WP-M150-01,절차서 준비 및 장비 교정,절차서 준비 및 장비 교정,4.1,M-150-2022,present_in_base_ttl_same_guide
ci_unrelated_action_filter1,M-150-2022,불활성기체 등을 이용한 기밀시험 방법에 관한 기술지침,exclusive,field_control,photo_actionable,5,WP-M150-02,시험대상 기기 준비,시험대상 기기 준비,4.2.3,M-150-2022,present_in_base_ttl_same_guide
ci_unrelated_action_filter1,M-150-2022,불활성기체 등을 이용한 기밀시험 방법에 관한 기술지침,exclusive,field_control,photo_actionable,6,WP-M150-04,예비 기밀시험,예비 기밀시험,6.1,M-150-2022,present_in_base_ttl_same_guide
ci_unrelated_action_filter1,M-150-2022,불활성기체 등을 이용한 기밀시험 방법에 관한 기술지침,exclusive,field_control,photo_actionable,7,WP-M150-05,직접 가압 거품 기밀시험,직접 가압 거품 기밀시험,7.1,M-150-2022,present_in_base_ttl_same_guide
ci_unrelated_action_filter1,M-153-2012,가공목재 및 판재의 적재에 관한 안전기술지침,exclusive,field_control,photo_actionable,1,WP-M153-04,가공목재 및 판재 쌓기(적재),가공목재 및 판재 쌓기(적재),5.2,M-153-2012,present_in_base_ttl_same_guide
ci_unrelated_action_filter1,M-153-2012,가공목재 및 판재의 적재에 관한 안전기술지침,exclusive,field_control,photo_actionable,2,WP-M153-01,적재 장소 준비,적재 장소 준비,4.1,M-153-2012,present_in_base_ttl_same_guide
ci_unrelated_action_filter1,M-153-2012,가공목재 및 판재의 적재에 관한 안전기술지침,exclusive,field_control,photo_actionable,3,WP-M153-02,받침대 준비 및 배치,받침대 준비 및 배치,4.2,M-153-2012,present_in_base_ttl_same_guide
ci_unrelated_action_filter1,M-153-2012,가공목재 및 판재의 적재에 관한 안전기술지침,exclusive,field_control,photo_actionable,4,WP-M153-05,포장상자 내리기(하역),포장상자 내리기(하역),5.1,M-153-2012,present_in_base_ttl_same_guide
ci_unrelated_action_filter1,M-153-2012,가공목재 및 판재의 적재에 관한 안전기술지침,exclusive,field_control,photo_actionable,5,WP-M153-06,적재장소 관리 및 배치,적재장소 관리 및 배치,7,M-153-2012,present_in_base_ttl_same_guide
ci_unrelated_action_filter1,M-154-2012,유리섬유 강화 플라스틱(GRP) 탱크 제조 및 사용에 관한 기술지침,exclusive,field_control,photo_actionable,1,WP-M154-02,재료 선택 (합성수지 및 유리섬유),재료 선택 (합성수지 및 유리섬유),5,M-154-2012,present_in_base_ttl_same_guide
ci_unrelated_action_filter1,M-154-2012,유리섬유 강화 플라스틱(GRP) 탱크 제조 및 사용에 관한 기술지침,exclusive,field_control,photo_actionable,2,WP-M154-03,성형공정 (표면 내식층 → 중간 내식층 → 외부 보강층 → 상도),성형공정 (표면 내식층 → 중간 내식층 → 외부 보강층 → 상도),6.2,M-154-2012,present_in_base_ttl_same_guide
ci_unrelated_action_filter1,M-154-2012,유리섬유 강화 플라스틱(GRP) 탱크 제조 및 사용에 관한 기술지침,exclusive,field_control,photo_actionable,3,WP-M154-04,제조 시 화학물질 취급,제조 시 화학물질 취급,6.3,M-154-2012,present_in_base_ttl_same_guide
ci_unrelated_action_filter1,M-154-2012,유리섬유 강화 플라스틱(GRP) 탱크 제조 및 사용에 관한 기술지침,exclusive,field_control,photo_actionable,4,WP-M154-06,운전 및 유지관리,운전 및 유지관리,8,M-154-2012,present_in_base_ttl_same_guide
ci_unrelated_action_filter1,M-154-2012,유리섬유 강화 플라스틱(GRP) 탱크 제조 및 사용에 관한 기술지침,exclusive,field_control,photo_actionable,5,WP-M154-07,검사 및 시험,검사 및 시험,9,M-154-2012,present_in_base_ttl_same_guide
ci_unrelated_action_filter1,M-155-2023,이동식 고소작업대의 선정과 안전관리에 관한 기술지침,exclusive,field_control,photo_actionable,1,WP-M155-03,작업 중 고소작업 수행,작업 중 고소작업 수행,7.3,M-155-2023,present_in_base_ttl_same_guide
ci_unrelated_action_filter1,M-155-2023,이동식 고소작업대의 선정과 안전관리에 관한 기술지침,exclusive,field_control,photo_actionable,2,WP-M155-04,주행,주행,7.4,M-155-2023,present_in_base_ttl_same_guide
ci_unrelated_action_filter1,M-155-2023,이동식 고소작업대의 선정과 안전관리에 관한 기술지침,exclusive,field_control,photo_actionable,3,WP-M155-01,고소작업대 선정,고소작업대 선정,6,M-155-2023,present_in_base_ttl_same_guide
ci_unrelated_action_filter1,M-155-2023,이동식 고소작업대의 선정과 안전관리에 관한 기술지침,exclusive,field_control,photo_actionable,4,WP-M155-02,작업 전 점검 및 확인,작업 전 점검 및 확인,7.2,M-155-2023,present_in_base_ttl_same_guide
ci_unrelated_action_filter1,M-159-2012,수목작업에서의 굴삭기 안전작업에 대한 기술지침,exclusive,field_control,photo_actionable,1,WP-M159-02,굴삭기 안전작업,굴삭기 안전작업,6.2,M-159-2012,present_in_base_ttl_same_guide
ci_unrelated_action_filter1,M-16-2012,곡물제분기 작업에 관한 기술지침,exclusive,field_control,photo_actionable,1,WP-M16-04,기계 운전 및 점검,기계 운전 및 점검,5.2,M-16-2012,present_in_base_ttl_same_guide
ci_unrelated_action_filter1,M-16-2012,곡물제분기 작업에 관한 기술지침,exclusive,field_control,photo_actionable,2,WP-M16-02,고소 접근 작업,고소 접근 작업,5.2,M-16-2012,present_in_base_ttl_same_guide
ci_unrelated_action_filter1,M-161-2012,식품포장기계 방호장치에 관한 기술지침,exclusive,field_control,photo_actionable,1,WP-M161-02,포장기계 운전,포장기계 운전,4.5,M-161-2012,present_in_base_ttl_same_guide
ci_unrelated_action_filter1,M-161-2012,식품포장기계 방호장치에 관한 기술지침,exclusive,field_control,photo_actionable,2,WP-M161-01,포장기계 설치,포장기계 설치,6.2,M-161-2012,present_in_base_ttl_same_guide
ci_unrelated_action_filter1,M-161-2012,식품포장기계 방호장치에 관한 기술지침,exclusive,field_control,photo_actionable,3,WP-M161-03,포장기계 점검·정비,포장기계 점검·정비,4.8.4,M-161-2012,present_in_base_ttl_same_guide
ci_unrelated_action_filter1,M-165-2013,트랙터 안전 운전에 관한 기술지침,exclusive,field_control,photo_actionable,1,WP-M165-05,기계·트레일러 연결 및 동력인출장치 사용,기계·트레일러 연결 및 동력인출장치 사용,9,M-165-2013,present_in_base_ttl_same_guide
ci_unrelated_action_filter1,M-165-2013,트랙터 안전 운전에 관한 기술지침,exclusive,field_control,photo_actionable,2,WP-M165-04,트랙터 운전 및 후진,트랙터 운전 및 후진,7,M-165-2013,present_in_base_ttl_same_guide
ci_unrelated_action_filter1,M-165-2013,트랙터 안전 운전에 관한 기술지침,exclusive,field_control,photo_actionable,3,WP-M165-06,경사면 작업 및 전복 방지,경사면 작업 및 전복 방지,11,M-165-2013,present_in_base_ttl_same_guide
ci_unrelated_action_filter1,M-166-2013,전지형 만능차(ATV)의 안전운전에 관한 기술지침,exclusive,field_control,photo_actionable,1,WP-M166-06,견인 및 하중 운반 작업,견인 및 하중 운반 작업,5.2,M-166-2013,present_in_base_ttl_same_guide
ci_unrelated_action_filter1,M-166-2013,전지형 만능차(ATV)의 안전운전에 관한 기술지침,exclusive,field_control,photo_actionable,2,WP-M166-02,사용 전 안전점검,사용 전 안전점검,4.3,M-166-2013,present_in_base_ttl_same_guide
ci_unrelated_action_filter1,M-166-2013,전지형 만능차(ATV)의 안전운전에 관한 기술지침,exclusive,field_control,photo_actionable,3,WP-M166-07,정지 및 주차,정지 및 주차,5.1,M-166-2013,present_in_base_ttl_same_guide
ci_unrelated_action_filter1,M-168-2013,제지기계의 안전 사용에 관한 기술지침,exclusive,field_control,photo_actionable,1,WP-M168-07,캘린더 운전 및 청소,캘린더 운전 및 청소,9.2,M-168-2013,present_in_base_ttl_same_guide
ci_unrelated_action_filter1,M-168-2013,제지기계의 안전 사용에 관한 기술지침,exclusive,field_control,photo_actionable,2,WP-M168-05,건조기 실린더 내부 작업,건조기 실린더 내부 작업,7.2,M-168-2013,present_in_base_ttl_same_guide
ci_unrelated_action_filter1,M-171-2013,자동차 정비용 리프트 작업안전에 관한 기술지침,exclusive,field_control,photo_actionable,1,WP-M171-01,리프트 사전 점검 및 안전장치 확인,리프트 사전 점검 및 안전장치 확인,5.1,M-171-2013,present_in_base_ttl_same_guide
ci_unrelated_action_filter1,M-171-2013,자동차 정비용 리프트 작업안전에 관한 기술지침,exclusive,field_control,photo_actionable,2,WP-M171-03,차량 리프팅 작업,차량 리프팅 작업,5.1,M-171-2013,present_in_base_ttl_same_guide
ci_unrelated_action_filter1,M-171-2013,자동차 정비용 리프트 작업안전에 관한 기술지침,exclusive,field_control,photo_actionable,3,WP-M171-02,적합한 리프트 선택 및 차량 배치,적합한 리프트 선택 및 차량 배치,5.2,M-171-2013,present_in_base_ttl_same_guide
ci_unrelated_action_filter1,M-176-2014,플라스틱 및 고무 절단용 밴드나이프 전단기 사용 시 안전에 관한 기술지침,exclusive,field_control,photo_actionable,1,WP-M176-01,밴드나이프 전단기 설치 및 안전장치 확인,밴드나이프 전단기 설치 및 안전장치 확인,7.1,M-176-2014,present_in_base_ttl_same_guide
ci_unrelated_action_filter1,M-176-2014,플라스틱 및 고무 절단용 밴드나이프 전단기 사용 시 안전에 관한 기술지침,exclusive,field_control,photo_actionable,2,WP-M176-02,밴드나이프 절단 작업,밴드나이프 절단 작업,7.2,M-176-2014,present_in_base_ttl_same_guide
ci_unrelated_action_filter1,M-176-2014,플라스틱 및 고무 절단용 밴드나이프 전단기 사용 시 안전에 관한 기술지침,exclusive,field_control,photo_actionable,3,WP-M176-03,밴드나이프 연마 작업,밴드나이프 연마 작업,7.4,M-176-2014,present_in_base_ttl_same_guide
ci_unrelated_action_filter1,M-176-2014,플라스틱 및 고무 절단용 밴드나이프 전단기 사용 시 안전에 관한 기술지침,exclusive,field_control,photo_actionable,4,WP-M176-04,분진 발생 절단 작업,분진 발생 절단 작업,7.5,M-176-2014,present_in_base_ttl_same_guide
ci_unrelated_action_filter1,M-177-2014,스크랩 압축기 사용 시 안전에 관한 기술지침,exclusive,field_control,photo_actionable,1,WP-M177-02,압축 작업,압축 작업,8,M-177-2014,present_in_base_ttl_same_guide
ci_unrelated_action_filter1,M-177-2014,스크랩 압축기 사용 시 안전에 관한 기술지침,exclusive,field_control,photo_actionable,2,WP-M177-01,스크랩 공급,스크랩 공급,7,M-177-2014,present_in_base_ttl_same_guide
ci_unrelated_action_filter1,M-178-2014,베니어 절단기계 사용 시 안전에 관한 기술지침,exclusive,field_control,photo_actionable,1,WP-M178-01,작업 전 점검 및 준비,작업 전 점검 및 준비,5,M-178-2014,present_in_base_ttl_same_guide
ci_unrelated_action_filter1,M-178-2014,베니어 절단기계 사용 시 안전에 관한 기술지침,exclusive,field_control,photo_actionable,2,WP-M178-03,스크랩 제거 작업,스크랩 제거 작업,4.2,M-178-2014,present_in_base_ttl_same_guide
ci_unrelated_action_filter1,M-178-2014,베니어 절단기계 사용 시 안전에 관한 기술지침,exclusive,field_control,photo_actionable,3,WP-M178-02,베니어 절단 작업,베니어 절단 작업,5,M-178-2014,present_in_base_ttl_same_guide
ci_unrelated_action_filter1,M-178-2014,베니어 절단기계 사용 시 안전에 관한 기술지침,exclusive,field_control,photo_actionable,4,WP-M178-04,칼날 교체 및 세척,칼날 교체 및 세척,3,M-178-2014,present_in_base_ttl_same_guide
ci_unrelated_action_filter1,M-178-2014,베니어 절단기계 사용 시 안전에 관한 기술지침,exclusive,field_control,photo_actionable,5,WP-M178-05,유지·보수 및 검사,유지·보수 및 검사,6,M-178-2014,present_in_base_ttl_same_guide
ci_unrelated_action_filter1,M-179-2014,목재 가공용 수동 둥근톱 사용 시 안전에 관한 기술지침,exclusive,field_control,photo_actionable,1,WP-M179-01,수평 절단식 둥근톱 안전조치,수평 절단식 둥근톱 안전조치,4.1,M-179-2014,present_in_base_ttl_same_guide
ci_unrelated_action_filter1,M-179-2014,목재 가공용 수동 둥근톱 사용 시 안전에 관한 기술지침,exclusive,field_control,photo_actionable,2,WP-M179-02,하향 절단식 둥근톱 안전조치,하향 절단식 둥근톱 안전조치,4.2,M-179-2014,present_in_base_ttl_same_guide
ci_unrelated_action_filter1,M-180-2023,재단기 사용 시 안전에 관한 기술지침,exclusive,field_control,photo_actionable,1,WP-M180-02,재단기 방호장치 설치 및 확인,재단기 방호장치 설치 및 확인,5,M-180-2023,present_in_base_ttl_same_guide
ci_unrelated_action_filter1,M-180-2023,재단기 사용 시 안전에 관한 기술지침,exclusive,field_control,photo_actionable,2,WP-M180-01,재단기 작업 전 점검,재단기 작업 전 점검,6,M-180-2023,present_in_base_ttl_same_guide
ci_unrelated_action_filter1,M-180-2023,재단기 사용 시 안전에 관한 기술지침,exclusive,field_control,photo_actionable,3,WP-M180-03,재단 작업 수행,재단 작업 수행,7,M-180-2023,present_in_base_ttl_same_guide
ci_unrelated_action_filter1,M-180-2023,재단기 사용 시 안전에 관한 기술지침,exclusive,field_control,photo_actionable,4,WP-M180-06,칼날 교체,칼날 교체,8,M-180-2023,present_in_base_ttl_same_guide
ci_unrelated_action_filter1,M-181-2014,목재가공용 루터기 사용 시 안전에 관한 기술지침,exclusive,field_control,photo_actionable,1,WP-M181-01,CNC 루터기 방호울 및 가드 설치 확인,CNC 루터기 방호울 및 가드 설치 확인,5.3,M-181-2014,present_in_base_ttl_same_guide
ci_unrelated_action_filter1,M-181-2014,목재가공용 루터기 사용 시 안전에 관한 기술지침,exclusive,field_control,photo_actionable,2,WP-M181-02,CNC 루터기 가동 전 점검,CNC 루터기 가동 전 점검,5.3,M-181-2014,present_in_base_ttl_same_guide
ci_unrelated_action_filter1,M-181-2014,목재가공용 루터기 사용 시 안전에 관한 기술지침,exclusive,field_control,photo_actionable,3,WP-M181-03,CNC 루터기 공구 교환,CNC 루터기 공구 교환,5.5,M-181-2014,present_in_base_ttl_same_guide
ci_unrelated_action_filter1,M-181-2014,목재가공용 루터기 사용 시 안전에 관한 기술지침,exclusive,field_control,photo_actionable,4,WP-M181-04,CNC 루터기 유지관리 및 정비,CNC 루터기 유지관리 및 정비,5.6,M-181-2014,present_in_base_ttl_same_guide
ci_unrelated_action_filter1,M-181-2014,목재가공용 루터기 사용 시 안전에 관한 기술지침,exclusive,field_control,photo_actionable,5,WP-M181-05,수동 공급 루터기 작업 준비,수동 공급 루터기 작업 준비,6.1,M-181-2014,present_in_base_ttl_same_guide
ci_unrelated_action_filter1,M-181-2014,목재가공용 루터기 사용 시 안전에 관한 기술지침,exclusive,field_control,photo_actionable,6,WP-M181-06,수동 공급 루터기 가공 작업,수동 공급 루터기 가공 작업,6.1,M-181-2014,present_in_base_ttl_same_guide
ci_unrelated_action_filter1,M-182-2015,유압절곡기 방호장치에 관한 기술지침,exclusive,field_control,photo_actionable,1,WP-M182-05,굽힘 작업 실시,굽힘 작업 실시,5.1.4,M-182-2015,present_in_base_ttl_same_guide
ci_unrelated_action_filter1,M-182-2015,유압절곡기 방호장치에 관한 기술지침,exclusive,field_control,photo_actionable,2,WP-M182-01,광전자식 방호장치 설치 (수직),광전자식 방호장치 설치 (수직),5.1.3.1,M-182-2015,present_in_base_ttl_same_guide
ci_unrelated_action_filter1,M-182-2015,유압절곡기 방호장치에 관한 기술지침,exclusive,field_control,photo_actionable,3,WP-M182-02,광전자식 방호장치 설치 (수평),광전자식 방호장치 설치 (수평),5.1.3.2,M-182-2015,present_in_base_ttl_same_guide
ci_unrelated_action_filter1,M-182-2015,유압절곡기 방호장치에 관한 기술지침,exclusive,field_control,photo_actionable,4,WP-M182-03,레이저 빔 방호장치 설치 및 조정,레이저 빔 방호장치 설치 및 조정,5.2,M-182-2015,present_in_base_ttl_same_guide
ci_unrelated_action_filter1,M-182-2015,유압절곡기 방호장치에 관한 기술지침,exclusive,field_control,photo_actionable,5,WP-M182-04,양수조작식 방호장치 설치,양수조작식 방호장치 설치,5.3.1,M-182-2015,present_in_base_ttl_same_guide
ci_unrelated_action_filter1,M-183-2015,골절기의 안전작업에 관한 기술지침,exclusive,field_control,photo_actionable,1,WP-M183-01,골절기 설치 및 방호장치 점검,골절기 설치 및 방호장치 점검,5.1.1,M-183-2015,present_in_base_ttl_same_guide
ci_unrelated_action_filter1,M-183-2015,골절기의 안전작업에 관한 기술지침,exclusive,field_control,photo_actionable,2,WP-M183-02,골절기 절단 작업,골절기 절단 작업,6,M-183-2015,present_in_base_ttl_same_guide
ci_unrelated_action_filter1,M-183-2015,골절기의 안전작업에 관한 기술지침,exclusive,field_control,photo_actionable,3,WP-M183-03,골절기 청소,골절기 청소,6,M-183-2015,present_in_base_ttl_same_guide
ci_unrelated_action_filter1,M-183-2015,골절기의 안전작업에 관한 기술지침,exclusive,field_control,photo_actionable,4,WP-M183-04,바퀴 장착 골절기 이동,바퀴 장착 골절기 이동,6,M-183-2015,present_in_base_ttl_same_guide
ci_unrelated_action_filter1,M-184-2015,압력용기 용접후 열처리에 관한 기술지침,exclusive,field_control,photo_actionable,1,WP-M184-01,용접 후 열처리 대상 판정,용접 후 열처리 대상 판정,4,M-184-2015,present_in_base_ttl_same_guide
ci_unrelated_action_filter1,M-184-2015,압력용기 용접후 열처리에 관한 기술지침,exclusive,field_control,photo_actionable,2,WP-M184-03,P-Number별 열처리 온도 및 유지시간 설정,P-Number별 열처리 온도 및 유지시간 설정,5,M-184-2015,present_in_base_ttl_same_guide
ci_unrelated_action_filter1,M-184-2015,압력용기 용접후 열처리에 관한 기술지침,exclusive,field_control,photo_actionable,3,WP-M184-06,수압시험,수압시험,5,M-184-2015,present_in_base_ttl_same_guide
ci_unrelated_action_filter1,M-184-2015,압력용기 용접후 열처리에 관한 기술지침,exclusive,field_control,photo_actionable,4,WP-M184-31,용접 후 열처리 절차 승인,용접 후 열처리 절차 승인,14,M-184-2015,present_in_base_ttl_same_guide
ci_unrelated_action_filter1,M-184-2015,압력용기 용접후 열처리에 관한 기술지침,exclusive,field_control,photo_actionable,5,WP-M184-34,내부 가열 용접 후 열처리,내부 가열 용접 후 열처리,14,M-184-2015,present_in_base_ttl_same_guide
ci_unrelated_action_filter1,M-184-2015,압력용기 용접후 열처리에 관한 기술지침,exclusive,field_control,photo_actionable,6,WP-M184-38,수압시험 및 최종 검증,수압시험 및 최종 검증,14,M-184-2015,present_in_base_ttl_same_guide
ci_unrelated_action_filter1,M-184-2015,압력용기 용접후 열처리에 관한 기술지침,exclusive,field_control,photo_actionable,7,WP-M184-47,온도 측정 및 기록,온도 측정 및 기록,16,M-184-2015,present_in_base_ttl_same_guide
ci_unrelated_action_filter1,M-184-2015,압력용기 용접후 열처리에 관한 기술지침,exclusive,field_control,photo_actionable,8,WP-M184-02,용접절차 인정,용접절차 인정,5,M-184-2015,present_in_base_ttl_same_guide
ci_unrelated_action_filter1,M-187-2016,사출성형기 방호조치에 관한 기술지침,exclusive,field_control,photo_actionable,1,WP-M187-01,사출성형기 구역별 위험 확인,사출성형기 구역별 위험 확인,6.1,M-187-2016,present_in_base_ttl_same_guide
ci_unrelated_action_filter1,M-187-2016,사출성형기 방호조치에 관한 기술지침,exclusive,field_control,photo_actionable,2,WP-M187-02,성형구역 방호장치 설치,성형구역 방호장치 설치,6.2,M-187-2016,present_in_base_ttl_same_guide
ci_unrelated_action_filter1,M-187-2016,사출성형기 방호조치에 관한 기술지침,exclusive,field_control,photo_actionable,3,WP-M187-03,체결구역 방호장치 설치,체결구역 방호장치 설치,6.3,M-187-2016,present_in_base_ttl_same_guide
ci_unrelated_action_filter1,M-187-2016,사출성형기 방호조치에 관한 기술지침,exclusive,field_control,photo_actionable,4,WP-M187-04,노즐구역 방호장치 설치,노즐구역 방호장치 설치,6.4,M-187-2016,present_in_base_ttl_same_guide
ci_unrelated_action_filter1,M-187-2016,사출성형기 방호조치에 관한 기술지침,exclusive,field_control,photo_actionable,5,WP-M187-29,금형 교체 전 준비,금형 교체 전 준비,10.1,M-187-2016,present_in_base_ttl_same_guide
ci_unrelated_action_filter1,M-187-2016,사출성형기 방호조치에 관한 기술지침,exclusive,field_control,photo_actionable,6,WP-M187-31,가드/연동장치 제거시 금형 교체,가드/연동장치 제거시 금형 교체,10.3,M-187-2016,present_in_base_ttl_same_guide
ci_unrelated_action_filter1,M-188-2015,농업용 기계의 안전작업에 관한 기술지침,exclusive,field_control,photo_actionable,1,WP-M188-04,유지보수 작업,유지보수 작업,6,M-188-2015,present_in_base_ttl_same_guide
ci_unrelated_action_filter1,M-188-2015,농업용 기계의 안전작업에 관한 기술지침,exclusive,field_control,photo_actionable,2,WP-M188-01,안전정지(Safe stop) 절차,안전정지(Safe stop) 절차,5.1,M-188-2015,present_in_base_ttl_same_guide
ci_unrelated_action_filter1,M-188-2015,농업용 기계의 안전작업에 관한 기술지침,exclusive,field_control,photo_actionable,3,WP-M188-02,작업 시작 전 점검,작업 시작 전 점검,5.3,M-188-2015,present_in_base_ttl_same_guide
ci_unrelated_action_filter1,M-188-2015,농업용 기계의 안전작업에 관한 기술지침,exclusive,field_control,photo_actionable,4,WP-M188-03,농업기계 운전 및 작업,농업기계 운전 및 작업,5.2,M-188-2015,present_in_base_ttl_same_guide
ci_unrelated_action_filter1,M-188-2015,농업용 기계의 안전작업에 관한 기술지침,exclusive,field_control,photo_actionable,5,WP-M188-05,장애물 제거 작업,장애물 제거 작업,7,M-188-2015,present_in_base_ttl_same_guide
ci_unrelated_action_filter1,M-191-2017,안전제어시스템 설계를 위한 평균위험고장시간(MTTFd) 계산지침,exclusive,field_control,photo_actionable,1,WP-M191-02,단일구성요소 MTTFd 계산,단일구성요소 MTTFd 계산,5,M-191-2017,present_in_base_ttl_same_guide
ci_unrelated_action_filter1,M-191-2017,안전제어시스템 설계를 위한 평균위험고장시간(MTTFd) 계산지침,exclusive,field_control,photo_actionable,2,WP-M191-01,MTTFd 데이터 수집,MTTFd 데이터 수집,4,M-191-2017,present_in_base_ttl_same_guide
ci_unrelated_action_filter1,M-191-2017,안전제어시스템 설계를 위한 평균위험고장시간(MTTFd) 계산지침,exclusive,field_control,photo_actionable,3,WP-M191-03,채널 MTTFd 추정,채널 MTTFd 추정,6,M-191-2017,present_in_base_ttl_same_guide
ci_unrelated_action_filter1,M-192-2017,기계안전을 위한 제어시스템의 안전관련부품류 설계 기술지침,exclusive,field_control,photo_actionable,1,WP-M192-13,소프트웨어 기반 파라미터화,소프트웨어 기반 파라미터화,4.5,M-192-2017,present_in_base_ttl_same_guide
ci_unrelated_action_filter1,M-192-2017,기계안전을 위한 제어시스템의 안전관련부품류 설계 기술지침,exclusive,field_control,photo_actionable,2,WP-M192-26,수동 리셋 기능 구현,수동 리셋 기능 구현,5.2.2,M-192-2017,present_in_base_ttl_same_guide
ci_unrelated_action_filter1,M-192-2017,기계안전을 위한 제어시스템의 안전관련부품류 설계 기술지침,exclusive,field_control,photo_actionable,3,WP-M192-34,안전관련 파라미터 설정 및 감시,안전관련 파라미터 설정 및 감시,5.2.12,M-192-2017,present_in_base_ttl_same_guide
ci_unrelated_action_filter1,M-192-2017,기계안전을 위한 제어시스템의 안전관련부품류 설계 기술지침,exclusive,field_control,photo_actionable,4,WP-M192-08,성능요구수준(PLr) 결정,성능요구수준(PLr) 결정,4.2,M-192-2017,present_in_base_ttl_same_guide
ci_unrelated_action_filter1,M-192-2017,기계안전을 위한 제어시스템의 안전관련부품류 설계 기술지침,exclusive,field_control,photo_actionable,5,WP-M192-09,SRP/CS 파악/식별 및 채널 할당,SRP/CS 파악/식별 및 채널 할당,4.3,M-192-2017,present_in_base_ttl_same_guide
ci_unrelated_action_filter1,M-192-2017,기계안전을 위한 제어시스템의 안전관련부품류 설계 기술지침,exclusive,field_control,photo_actionable,6,WP-M192-10,성능수준(PL) 결정 및 결과평가,성능수준(PL) 결정 및 결과평가,4.4,M-192-2017,present_in_base_ttl_same_guide
ci_unrelated_action_filter1,M-192-2017,기계안전을 위한 제어시스템의 안전관련부품류 설계 기술지침,exclusive,field_control,photo_actionable,7,WP-M192-11,안전관련 임베디드 소프트웨어(SRESW) 개발,안전관련 임베디드 소프트웨어(SRESW) 개발,4.5,M-192-2017,present_in_base_ttl_same_guide
ci_unrelated_action_filter1,M-192-2017,기계안전을 위한 제어시스템의 안전관련부품류 설계 기술지침,exclusive,field_control,photo_actionable,8,WP-M192-12,안전관련 응용 소프트웨어(SRASW) 개발,안전관련 응용 소프트웨어(SRASW) 개발,4.5,M-192-2017,present_in_base_ttl_same_guide
ci_unrelated_action_filter1,M-193-2020,인쇄기의 안전작업에 관한 기술지침,exclusive,field_control,photo_actionable,1,WP-M193-07,이동 회전말림방호(Trip nip) 성능 시험,이동 회전말림방호(Trip nip) 성능 시험,5.1,M-193-2020,present_in_base_ttl_same_guide
ci_unrelated_action_filter1,M-193-2020,인쇄기의 안전작업에 관한 기술지침,exclusive,field_control,photo_actionable,2,WP-M193-01,미동-정지-잠금-세척(Inch-stop-lock-clean),미동-정지-잠금-세척(Inch-stop-lock-clean),5.2,M-193-2020,present_in_base_ttl_same_guide
ci_unrelated_action_filter1,M-193-2020,인쇄기의 안전작업에 관한 기술지침,exclusive,field_control,photo_actionable,3,WP-M193-02,미동-정지-세척(Inch-stop-clean),미동-정지-세척(Inch-stop-clean),5.2,M-193-2020,present_in_base_ttl_same_guide
ci_unrelated_action_filter1,M-193-2020,인쇄기의 안전작업에 관한 기술지침,exclusive,field_control,photo_actionable,4,WP-M193-04,1단계: 인쇄 유닛에 대한 방호 기준 평가,1단계: 인쇄 유닛에 대한 방호 기준 평가,5.3,M-193-2020,present_in_base_ttl_same_guide
ci_unrelated_action_filter1,M-193-2020,인쇄기의 안전작업에 관한 기술지침,exclusive,field_control,photo_actionable,5,WP-M193-03,저속이송 세척(Slow crawl cleaning),저속이송 세척(Slow crawl cleaning),5.2,M-193-2020,present_in_base_ttl_same_guide
ci_unrelated_action_filter1,M-193-2020,인쇄기의 안전작업에 관한 기술지침,exclusive,field_control,photo_actionable,6,WP-M193-05,2단계: 세척에 관한 적절한 안전 시스템 파악,2단계: 세척에 관한 적절한 안전 시스템 파악,5.3,M-193-2020,present_in_base_ttl_same_guide
ci_unrelated_action_filter1,M-193-2020,인쇄기의 안전작업에 관한 기술지침,exclusive,field_control,photo_actionable,7,WP-M193-06,3단계: 관리자의 모니터링 및 검토,3단계: 관리자의 모니터링 및 검토,5.3,M-193-2020,present_in_base_ttl_same_guide
ci_unrelated_action_filter1,M-20-2012,선반에서 연마용 천(Cloth)의 사용에 관한 기술지침,exclusive,field_control,photo_actionable,1,WP-M20-02,방호도구를 이용한 연마 작업,방호도구를 이용한 연마 작업,5,M-20-2012,present_in_base_ttl_same_guide
ci_unrelated_action_filter1,M-20-2012,선반에서 연마용 천(Cloth)의 사용에 관한 기술지침,exclusive,field_control,photo_actionable,2,WP-M20-01,연마용 천 사용 필요성 판단,연마용 천 사용 필요성 판단,5,M-20-2012,present_in_base_ttl_same_guide
ci_unrelated_action_filter1,M-20-2012,선반에서 연마용 천(Cloth)의 사용에 관한 기술지침,exclusive,field_control,photo_actionable,3,WP-M20-03,연마용 천 직접 사용 시 안전조치,연마용 천 직접 사용 시 안전조치,5,M-20-2012,present_in_base_ttl_same_guide
ci_unrelated_action_filter1,M-21-2012,금속 절삭유 사용에 관한 기술지침,exclusive,field_control,photo_actionable,1,WP-M21-03,작업 후 정리 및 세척,작업 후 정리 및 세척,5.1,M-21-2012,present_in_base_ttl_same_guide
ci_unrelated_action_filter1,M-21-2012,금속 절삭유 사용에 관한 기술지침,exclusive,field_control,photo_actionable,2,WP-M21-01,작업 전 준비,작업 전 준비,5.1,M-21-2012,present_in_base_ttl_same_guide
ci_unrelated_action_filter1,M-21-2012,금속 절삭유 사용에 관한 기술지침,exclusive,field_control,photo_actionable,3,WP-M21-02,절삭 작업 수행,절삭 작업 수행,5.1,M-21-2012,present_in_base_ttl_same_guide
ci_unrelated_action_filter1,M-21-2012,금속 절삭유 사용에 관한 기술지침,exclusive,field_control,photo_actionable,4,WP-M21-05,부품 세척 작업,부품 세척 작업,5.5,M-21-2012,present_in_base_ttl_same_guide
ci_unrelated_action_filter1,M-21-2012,금속 절삭유 사용에 관한 기술지침,exclusive,field_control,photo_actionable,5,WP-M21-04,절삭유 통 관리,절삭유 통 관리,5.1,M-21-2012,present_in_base_ttl_same_guide
ci_unrelated_action_filter1,M-22-2012,금속전단기 방호에 관한 기술지침,exclusive,field_control,photo_actionable,1,WP-M22-03,후면 가드 및 배출 장치 설치,후면 가드 및 배출 장치 설치,4.4,M-22-2012,present_in_base_ttl_same_guide
ci_unrelated_action_filter1,M-22-2012,금속전단기 방호에 관한 기술지침,exclusive,field_control,photo_actionable,2,WP-M22-01,전면 가드 설치,전면 가드 설치,4.2,M-22-2012,present_in_base_ttl_same_guide
ci_unrelated_action_filter1,M-22-2012,금속전단기 방호에 관한 기술지침,exclusive,field_control,photo_actionable,3,WP-M22-02,틈새 가드 설치,틈새 가드 설치,4.3,M-22-2012,present_in_base_ttl_same_guide
ci_unrelated_action_filter1,M-22-2012,금속전단기 방호에 관한 기술지침,exclusive,field_control,photo_actionable,4,WP-M22-05,날 교체,날 교체,5.2,M-22-2012,present_in_base_ttl_same_guide
ci_unrelated_action_filter1,M-25-2012,목재가공용 좁은 띠톱작업에 관한 기술지침,exclusive,field_control,photo_actionable,1,WP-M25-08,사면 가공(Bevel cutting),사면 가공(Bevel cutting),5.10,M-25-2012,present_in_base_ttl_same_guide
ci_unrelated_action_filter1,M-25-2012,목재가공용 좁은 띠톱작업에 관한 기술지침,exclusive,field_control,photo_actionable,2,WP-M25-05,기기 작동 및 방호조치 확인,기기 작동 및 방호조치 확인,5.5,M-25-2012,present_in_base_ttl_same_guide
ci_unrelated_action_filter1,M-25-2012,목재가공용 좁은 띠톱작업에 관한 기술지침,exclusive,field_control,photo_actionable,3,WP-M25-07,펜스가 없는 상태에서의 가공,펜스가 없는 상태에서의 가공,5.8,M-25-2012,present_in_base_ttl_same_guide
ci_unrelated_action_filter1,M-25-2012,목재가공용 좁은 띠톱작업에 관한 기술지침,exclusive,field_control,photo_actionable,4,WP-M25-12,띠톱 선택 및 처리,띠톱 선택 및 처리,5.17,M-25-2012,present_in_base_ttl_same_guide
ci_unrelated_action_filter1,M-25-2012,목재가공용 좁은 띠톱작업에 관한 기술지침,exclusive,field_control,photo_actionable,5,WP-M25-01,기기 설정,기기 설정,5.1,M-25-2012,present_in_base_ttl_same_guide
ci_unrelated_action_filter1,M-25-2012,목재가공용 좁은 띠톱작업에 관한 기술지침,exclusive,field_control,photo_actionable,6,WP-M25-02,장력조절(Tensioning),장력조절(Tensioning),5.2,M-25-2012,present_in_base_ttl_same_guide
ci_unrelated_action_filter1,M-25-2012,목재가공용 좁은 띠톱작업에 관한 기술지침,exclusive,field_control,photo_actionable,7,WP-M25-03,트래킹(Tracking),트래킹(Tracking),5.3,M-25-2012,present_in_base_ttl_same_guide
ci_unrelated_action_filter1,M-25-2012,목재가공용 좁은 띠톱작업에 관한 기술지침,exclusive,field_control,photo_actionable,8,WP-M25-04,톱날 가이드 및 접착 휠 설정,톱날 가이드 및 접착 휠 설정,5.4,M-25-2012,present_in_base_ttl_same_guide
ci_unrelated_action_filter1,M-27-2012,4면 목재성형기의 안전작업에 관한 기술지침,exclusive,field_control,photo_actionable,1,WP-M27-01,기계 설치 및 방호장치 설치,기계 설치 및 방호장치 설치,6.1,M-27-2012,present_in_base_ttl_same_guide
ci_unrelated_action_filter1,M-27-2012,4면 목재성형기의 안전작업에 관한 기술지침,exclusive,field_control,photo_actionable,2,WP-M27-04,설정 및 조정 작업,설정 및 조정 작업,6.4,M-27-2012,present_in_base_ttl_same_guide
ci_unrelated_action_filter1,M-27-2012,4면 목재성형기의 안전작업에 관한 기술지침,exclusive,field_control,photo_actionable,3,WP-M27-05,막힌 것 제거 작업,막힌 것 제거 작업,6.4,M-27-2012,present_in_base_ttl_same_guide
ci_unrelated_action_filter1,M-39-2012,작업장내에서 인간공학에 관한 기술지침,domain_specific,field_control,photo_actionable,1,WP-M39-01,인간공학적 문제 파악,인간공학적 문제 파악,5.3,M-39-2012,present_in_base_ttl_same_guide
ci_unrelated_action_filter1,M-39-2012,작업장내에서 인간공학에 관한 기술지침,domain_specific,field_control,photo_actionable,2,WP-M39-03,변경사항 평가 및 시행,변경사항 평가 및 시행,5.4,M-39-2012,present_in_base_ttl_same_guide
ci_unrelated_action_filter1,M-4-2016,다목적 금속 가공기 사용에 관한 기술지침,exclusive,field_control,photo_actionable,1,WP-M4-02,노칭(Notching) 작업,노칭(Notching) 작업,5.2,M-4-2016,present_in_base_ttl_same_guide
ci_unrelated_action_filter1,M-4-2016,다목적 금속 가공기 사용에 관한 기술지침,exclusive,field_control,photo_actionable,2,WP-M4-03,전단(Shearing) 및 크로핑(Cropping) 작업,전단(Shearing) 및 크로핑(Cropping) 작업,5.3,M-4-2016,present_in_base_ttl_same_guide
ci_unrelated_action_filter1,M-4-2016,다목적 금속 가공기 사용에 관한 기술지침,exclusive,field_control,photo_actionable,3,WP-M4-01,펀칭(Punching) 작업,펀칭(Punching) 작업,5.2,M-4-2016,present_in_base_ttl_same_guide
ci_unrelated_action_filter1,M-4-2016,다목적 금속 가공기 사용에 관한 기술지침,exclusive,field_control,photo_actionable,4,WP-M4-04,굽힘(Bending) 작업,굽힘(Bending) 작업,5.4,M-4-2016,present_in_base_ttl_same_guide
ci_unrelated_action_filter1,M-48-2012,안전운송을 위한 작업장에 관한 기술지침,domain_specific,field_control,photo_actionable,1,WP-M48-02,도로 설계 및 건설,도로 설계 및 건설,5.2,M-48-2012,present_in_base_ttl_same_guide
ci_unrelated_action_filter1,M-48-2012,안전운송을 위한 작업장에 관한 기술지침,domain_specific,field_control,photo_actionable,2,WP-M48-05,보행자 보호 조치,보행자 보호 조치,5.6,M-48-2012,present_in_base_ttl_same_guide
ci_unrelated_action_filter1,M-48-2012,안전운송을 위한 작업장에 관한 기술지침,domain_specific,field_control,photo_actionable,3,WP-M48-06,교통 표지판 및 신호 설치,교통 표지판 및 신호 설치,5.7,M-48-2012,present_in_base_ttl_same_guide
ci_unrelated_action_filter1,M-48-2012,안전운송을 위한 작업장에 관한 기술지침,domain_specific,field_control,photo_actionable,4,WP-M48-03,임시 도로 설치 및 관리,임시 도로 설치 및 관리,5.3,M-48-2012,present_in_base_ttl_same_guide
ci_unrelated_action_filter1,M-48-2012,안전운송을 위한 작업장에 관한 기술지침,domain_specific,field_control,photo_actionable,5,WP-M48-07,작업장 조명 설치,작업장 조명 설치,5.8,M-48-2012,present_in_base_ttl_same_guide
ci_unrelated_action_filter1,M-49-2023,작업장내 안전한 적재 및 하역작업을 위한 기술지침,exclusive,field_control,photo_actionable,1,WP-M49-06,경사면 적재 및 하역(Tipping),경사면 적재 및 하역(Tipping),6,M-49-2023,present_in_base_ttl_same_guide
ci_unrelated_action_filter1,M-49-2023,작업장내 안전한 적재 및 하역작업을 위한 기술지침,exclusive,field_control,photo_actionable,2,WP-M49-01,배송 및 수거 작업 준비,배송 및 수거 작업 준비,4,M-49-2023,present_in_base_ttl_same_guide
ci_unrelated_action_filter1,M-49-2023,작업장내 안전한 적재 및 하역작업을 위한 기술지침,exclusive,field_control,photo_actionable,3,WP-M49-02,적재 및 하역 구역 설정,적재 및 하역 구역 설정,5,M-49-2023,present_in_base_ttl_same_guide
ci_unrelated_action_filter1,M-49-2023,작업장내 안전한 적재 및 하역작업을 위한 기술지침,exclusive,field_control,photo_actionable,4,WP-M49-04,적재 작업,적재 작업,5,M-49-2023,present_in_base_ttl_same_guide
ci_unrelated_action_filter1,M-49-2023,작업장내 안전한 적재 및 하역작업을 위한 기술지침,exclusive,field_control,photo_actionable,5,WP-M49-05,하역 작업,하역 작업,5,M-49-2023,present_in_base_ttl_same_guide
ci_unrelated_action_filter1,M-49-2023,작업장내 안전한 적재 및 하역작업을 위한 기술지침,exclusive,field_control,photo_actionable,6,WP-M49-03,작업 시작 전 차량 및 장비 점검,작업 시작 전 차량 및 장비 점검,5,M-49-2023,present_in_base_ttl_same_guide
ci_unrelated_action_filter1,M-49-2023,작업장내 안전한 적재 및 하역작업을 위한 기술지침,exclusive,field_control,photo_actionable,7,WP-M49-07,추락 방지 조치,추락 방지 조치,7,M-49-2023,present_in_base_ttl_same_guide
ci_unrelated_action_filter1,M-49-2023,작업장내 안전한 적재 및 하역작업을 위한 기술지침,exclusive,field_control,photo_actionable,8,WP-M49-08,전선 접촉 사고 시 비상 대응,전선 접촉 사고 시 비상 대응,6,M-49-2023,present_in_base_ttl_same_guide
ci_unrelated_action_filter1,M-5-2012,작업장비 사용에 관한 기술지침,domain_specific,field_control,photo_actionable,1,WP-M5-03,방호장치(가드) 설치,방호장치(가드) 설치,5,M-5-2012,present_in_base_ttl_same_guide
ci_unrelated_action_filter1,M-5-2012,작업장비 사용에 관한 기술지침,domain_specific,field_control,photo_actionable,2,WP-M5-04,제어장치 선정 및 설치,제어장치 선정 및 설치,5,M-5-2012,present_in_base_ttl_same_guide
ci_unrelated_action_filter1,M-5-2012,작업장비 사용에 관한 기술지침,domain_specific,field_control,photo_actionable,3,WP-M5-05,이동식 작업장비 안전 조치,이동식 작업장비 안전 조치,5,M-5-2012,present_in_base_ttl_same_guide
ci_unrelated_action_filter1,M-5-2012,작업장비 사용에 관한 기술지침,domain_specific,field_control,photo_actionable,4,WP-M5-07,유지보수 및 정기 점검,유지보수 및 정기 점검,5,M-5-2012,present_in_base_ttl_same_guide
ci_unrelated_action_filter1,M-5-2012,작업장비 사용에 관한 기술지침,domain_specific,field_control,photo_actionable,5,WP-M5-02,작업장비 선정 및 안전 확인,작업장비 선정 및 안전 확인,5,M-5-2012,present_in_base_ttl_same_guide
ci_unrelated_action_filter1,M-5-2012,작업장비 사용에 관한 기술지침,domain_specific,field_control,photo_actionable,6,WP-M5-08,유지보수 작업 시 안전 조치,유지보수 작업 시 안전 조치,5,M-5-2012,present_in_base_ttl_same_guide
ci_unrelated_action_filter1,M-51-2023,작업장의 소음제어에 관한 기술지침,domain_specific,field_control,photo_actionable,1,WP-M51-04,공학적 제어수단 적용,공학적 제어수단 적용,6.1.2,M-51-2023,present_in_base_ttl_same_guide
ci_unrelated_action_filter1,M-51-2023,작업장의 소음제어에 관한 기술지침,domain_specific,field_control,photo_actionable,2,WP-M51-01,소음 문제 판단 및 측정,소음 문제 판단 및 측정,4,M-51-2023,present_in_base_ttl_same_guide
ci_unrelated_action_filter1,M-51-2023,작업장의 소음제어에 관한 기술지침,domain_specific,field_control,photo_actionable,3,WP-M51-02,위험성 평가 및 행동 계획 수립,위험성 평가 및 행동 계획 수립,5.2,M-51-2023,present_in_base_ttl_same_guide
ci_unrelated_action_filter1,M-51-2023,작업장의 소음제어에 관한 기술지침,domain_specific,field_control,photo_actionable,4,WP-M51-03,소음원 제거 또는 대체,소음원 제거 또는 대체,6.1.1,M-51-2023,present_in_base_ttl_same_guide
ci_unrelated_action_filter1,M-51-2023,작업장의 소음제어에 관한 기술지침,domain_specific,field_control,photo_actionable,5,WP-M51-05,소음 전달경로 수정,소음 전달경로 수정,6.1.3,M-51-2023,present_in_base_ttl_same_guide
ci_unrelated_action_filter1,M-51-2023,작업장의 소음제어에 관한 기술지침,domain_specific,field_control,photo_actionable,6,WP-M51-06,작업장 설계 및 배치,작업장 설계 및 배치,6.1.4,M-51-2023,present_in_base_ttl_same_guide
ci_unrelated_action_filter1,M-51-2023,작업장의 소음제어에 관한 기술지침,domain_specific,field_control,photo_actionable,7,WP-M51-07,저소음 장비 구매 및 선정,저소음 장비 구매 및 선정,6.2,M-51-2023,present_in_base_ttl_same_guide
ci_unrelated_action_filter1,M-51-2023,작업장의 소음제어에 관한 기술지침,domain_specific,field_control,photo_actionable,8,WP-M51-08,청력 보호구 지급 및 관리,청력 보호구 지급 및 관리,6.3,M-51-2023,present_in_base_ttl_same_guide
ci_unrelated_action_filter1,M-52-2012,체인톱의 사용에 관한 기술지침,exclusive,field_control,photo_actionable,1,WP-M52-02,개인용 보호구 착용,개인용 보호구 착용,6.1,M-52-2012,present_in_base_ttl_same_guide
ci_unrelated_action_filter1,M-52-2012,체인톱의 사용에 관한 기술지침,exclusive,field_control,photo_actionable,2,WP-M52-04,체인톱 작동 후 기능 점검,체인톱 작동 후 기능 점검,7.1,M-52-2012,present_in_base_ttl_same_guide
ci_unrelated_action_filter1,M-52-2012,체인톱의 사용에 관한 기술지침,exclusive,field_control,photo_actionable,3,WP-M52-05,체인톱 절단 작업,체인톱 절단 작업,7.3,M-52-2012,present_in_base_ttl_same_guide
ci_unrelated_action_filter1,M-52-2012,체인톱의 사용에 관한 기술지침,exclusive,field_control,photo_actionable,4,WP-M52-03,체인톱 사용 준비 및 사전 점검,체인톱 사용 준비 및 사전 점검,7.1,M-52-2012,present_in_base_ttl_same_guide
ci_unrelated_action_filter1,M-52-2012,체인톱의 사용에 관한 기술지침,exclusive,field_control,photo_actionable,5,WP-M52-08,유지보수,유지보수,8,M-52-2012,present_in_base_ttl_same_guide
ci_unrelated_action_filter1,M-53-2012,사출성형의 플라스틱공정에서 흄 제어에 관한 기술지침,exclusive,field_control,photo_actionable,1,WP-M53-07,환기 시스템 운영,환기 시스템 운영,7,M-53-2012,present_in_base_ttl_same_guide
ci_unrelated_action_filter1,M-53-2012,사출성형의 플라스틱공정에서 흄 제어에 관한 기술지침,exclusive,field_control,photo_actionable,2,WP-M53-08,정기 안전점검,정기 안전점검,8,M-53-2012,present_in_base_ttl_same_guide
ci_unrelated_action_filter1,M-53-2012,사출성형의 플라스틱공정에서 흄 제어에 관한 기술지침,exclusive,field_control,photo_actionable,3,WP-M53-01,재료 준비 및 확인,재료 준비 및 확인,6.1,M-53-2012,present_in_base_ttl_same_guide
ci_unrelated_action_filter1,M-53-2012,사출성형의 플라스틱공정에서 흄 제어에 관한 기술지침,exclusive,field_control,photo_actionable,4,WP-M53-02,사출성형 작업,사출성형 작업,6.2,M-53-2012,present_in_base_ttl_same_guide
ci_unrelated_action_filter1,M-53-2012,사출성형의 플라스틱공정에서 흄 제어에 관한 기술지침,exclusive,field_control,photo_actionable,5,WP-M53-04,이물질 제거 및 청소,이물질 제거 및 청소,6.2,M-53-2012,present_in_base_ttl_same_guide
ci_unrelated_action_filter1,M-53-2012,사출성형의 플라스틱공정에서 흄 제어에 관한 기술지침,exclusive,field_control,photo_actionable,6,WP-M53-05,온도 제어 및 모니터링,온도 제어 및 모니터링,6.3,M-53-2012,present_in_base_ttl_same_guide
ci_unrelated_action_filter1,M-53-2012,사출성형의 플라스틱공정에서 흄 제어에 관한 기술지침,exclusive,field_control,photo_actionable,7,WP-M53-09,비상조치,비상조치,9,M-53-2012,present_in_base_ttl_same_guide
ci_unrelated_action_filter1,M-56-2020,사출성형기의 안전작업에 관한 기술지침,exclusive,field_control,photo_actionable,1,WP-M56-01,금형 교체 전 안전조치,금형 교체 전 안전조치,7.1,M-56-2020,present_in_base_ttl_same_guide
ci_unrelated_action_filter1,M-56-2020,사출성형기의 안전작업에 관한 기술지침,exclusive,field_control,photo_actionable,2,WP-M56-02,가드/연동장치 사용 상태에서 금형 교체,가드/연동장치 사용 상태에서 금형 교체,7.2,M-56-2020,present_in_base_ttl_same_guide
ci_unrelated_action_filter1,M-56-2020,사출성형기의 안전작업에 관한 기술지침,exclusive,field_control,photo_actionable,3,WP-M56-05,일일/금형교체 후 운영 점검,일일/금형교체 후 운영 점검,6.1.1,M-56-2020,present_in_base_ttl_same_guide
ci_unrelated_action_filter1,M-56-2020,사출성형기의 안전작업에 관한 기술지침,exclusive,field_control,photo_actionable,4,WP-M56-03,가드/연동장치 제거 상태에서 금형 교체,가드/연동장치 제거 상태에서 금형 교체,7.3,M-56-2020,present_in_base_ttl_same_guide
ci_unrelated_action_filter1,M-56-2020,사출성형기의 안전작업에 관한 기술지침,exclusive,field_control,photo_actionable,5,WP-M56-04,금형 교체 후 점검,금형 교체 후 점검,7.4,M-56-2020,present_in_base_ttl_same_guide
ci_unrelated_action_filter1,M-56-2020,사출성형기의 안전작업에 관한 기술지침,exclusive,field_control,photo_actionable,6,WP-M56-07,월간 유지보수 점검,월간 유지보수 점검,6.2.1,M-56-2020,present_in_base_ttl_same_guide
ci_unrelated_action_filter1,M-56-2020,사출성형기의 안전작업에 관한 기술지침,exclusive,field_control,photo_actionable,7,WP-M56-06,주간 운영 점검,주간 운영 점검,6.1.2,M-56-2020,present_in_base_ttl_same_guide
ci_unrelated_action_filter1,M-57-2020,압출기의 안전작업에 관한 기술지침,exclusive,field_control,photo_actionable,1,WP-M57-01,압출기 청소작업(Purging) 및 금형 교체,압출기 청소작업(Purging) 및 금형 교체,6.1,M-57-2020,present_in_base_ttl_same_guide
ci_unrelated_action_filter1,M-57-2020,압출기의 안전작업에 관한 기술지침,exclusive,field_control,photo_actionable,2,WP-M57-04,월간 정기 점검,월간 정기 점검,9,M-57-2020,present_in_base_ttl_same_guide
ci_unrelated_action_filter1,M-57-2020,압출기의 안전작업에 관한 기술지침,exclusive,field_control,photo_actionable,3,WP-M57-02,인취기 설정 및 송급,인취기 설정 및 송급,6.2,M-57-2020,present_in_base_ttl_same_guide
ci_unrelated_action_filter1,M-58-2012,창틀제작기의 안전작업에 관한 기술지침,exclusive,field_control,photo_actionable,1,WP-M58-01,운영 관련 점검 (매일),운영 관련 점검 (매일),6.1,M-58-2012,present_in_base_ttl_same_guide
ci_unrelated_action_filter1,M-58-2012,창틀제작기의 안전작업에 관한 기술지침,exclusive,field_control,photo_actionable,2,WP-M58-02,유지보수 점검 (매월),유지보수 점검 (매월),6.2,M-58-2012,present_in_base_ttl_same_guide
ci_unrelated_action_filter1,M-59-2012,서비스업종에서의 넘어짐 위험성 평가에 관한 기술지침,domain_specific,field_control,photo_actionable,1,WP-M59-01,평가 준비,평가 준비,4.5.1,M-59-2012,present_in_base_ttl_same_guide
ci_unrelated_action_filter1,M-59-2012,서비스업종에서의 넘어짐 위험성 평가에 관한 기술지침,domain_specific,field_control,photo_actionable,2,WP-M59-02,위험 장소 확인,위험 장소 확인,4.5.2,M-59-2012,present_in_base_ttl_same_guide
ci_unrelated_action_filter1,M-59-2012,서비스업종에서의 넘어짐 위험성 평가에 관한 기술지침,domain_specific,field_control,photo_actionable,3,WP-M59-07,결과 고찰 및 통보,결과 고찰 및 통보,4.5.2,M-59-2012,present_in_base_ttl_same_guide
ci_unrelated_action_filter1,M-6-2012,목재가공용 둥근톱 벤치 작업에 관한 기술지침,exclusive,field_control,photo_actionable,1,WP-M6-05,횡가공(Cross-cutting) 작업,횡가공(Cross-cutting) 작업,5.5,M-6-2012,present_in_base_ttl_same_guide
ci_unrelated_action_filter1,M-6-2012,목재가공용 둥근톱 벤치 작업에 관한 기술지침,exclusive,field_control,photo_actionable,2,WP-M6-02,기기 점검 및 준비,기기 점검 및 준비,5.1,M-6-2012,present_in_base_ttl_same_guide
ci_unrelated_action_filter1,M-6-2012,목재가공용 둥근톱 벤치 작업에 관한 기술지침,exclusive,field_control,photo_actionable,3,WP-M6-04,리핑(Ripping) 작업,리핑(Ripping) 작업,5.5,M-6-2012,present_in_base_ttl_same_guide
ci_unrelated_action_filter1,M-6-2012,목재가공용 둥근톱 벤치 작업에 관한 기술지침,exclusive,field_control,photo_actionable,4,WP-M6-03,공작물 지지 설치,공작물 지지 설치,5.2,M-6-2012,present_in_base_ttl_same_guide
ci_unrelated_action_filter1,M-6-2012,목재가공용 둥근톱 벤치 작업에 관한 기술지침,exclusive,field_control,photo_actionable,5,WP-M6-06,리베이팅(Rebating) 및 홈가공(Grooving),리베이팅(Rebating) 및 홈가공(Grooving),5.6,M-6-2012,present_in_base_ttl_same_guide
ci_unrelated_action_filter1,M-6-2012,목재가공용 둥근톱 벤치 작업에 관한 기술지침,exclusive,field_control,photo_actionable,6,WP-M6-07,경사가공(Angled cutting) 및 사면가공(Bevelling),경사가공(Angled cutting) 및 사면가공(Bevelling),5.7,M-6-2012,present_in_base_ttl_same_guide
ci_unrelated_action_filter1,M-60-2012,간이 측정법을 이용한 작업장 미끄러짐 측정방법에 관한 기술지침,domain_specific,measurement_analysis,photo_unmatchable,1,WP-M60-04,실험실 정지마찰계수 측정,실험실 정지마찰계수 측정,4.2,M-60-2012,present_in_base_ttl_same_guide
ci_unrelated_action_filter1,M-60-2012,간이 측정법을 이용한 작업장 미끄러짐 측정방법에 관한 기술지침,domain_specific,measurement_analysis,photo_unmatchable,2,WP-M60-05,작업장 현장 정지마찰계수 측정,작업장 현장 정지마찰계수 측정,4.2,M-60-2012,present_in_base_ttl_same_guide
ci_unrelated_action_filter1,M-60-2012,간이 측정법을 이용한 작업장 미끄러짐 측정방법에 관한 기술지침,domain_specific,measurement_analysis,photo_unmatchable,3,WP-M60-06,측정결과 분석,측정결과 분석,5,M-60-2012,present_in_base_ttl_same_guide
ci_unrelated_action_filter1,M-60-2012,간이 측정법을 이용한 작업장 미끄러짐 측정방법에 관한 기술지침,domain_specific,measurement_analysis,photo_unmatchable,4,WP-M60-02,센서 표면 세척 및 침수,센서 표면 세척 및 침수,4.2,M-60-2012,present_in_base_ttl_same_guide
ci_unrelated_action_filter1,M-61-2017,산업용 로봇의 사용등에 관한 안전기술지침,exclusive,field_control,photo_actionable,1,WP-M61-01,산업용 로봇 선정,산업용 로봇 선정,4,M-61-2017,present_in_base_ttl_same_guide
ci_unrelated_action_filter1,M-61-2017,산업용 로봇의 사용등에 관한 안전기술지침,exclusive,field_control,photo_actionable,2,WP-M61-02,산업용 로봇 설치,산업용 로봇 설치,5,M-61-2017,present_in_base_ttl_same_guide
ci_unrelated_action_filter1,M-61-2017,산업용 로봇의 사용등에 관한 안전기술지침,exclusive,field_control,photo_actionable,3,WP-M61-03,접촉 방지 장치 설치,접촉 방지 장치 설치,6.1,M-61-2017,present_in_base_ttl_same_guide
ci_unrelated_action_filter1,M-61-2017,산업용 로봇의 사용등에 관한 안전기술지침,exclusive,field_control,photo_actionable,4,WP-M61-04,교시 등의 작업 (가동 범위 내 작업),교시 등의 작업 (가동 범위 내 작업),6.2,M-61-2017,present_in_base_ttl_same_guide
ci_unrelated_action_filter1,M-61-2017,산업용 로봇의 사용등에 관한 안전기술지침,exclusive,field_control,photo_actionable,5,WP-M61-05,자동 운전,자동 운전,6.3,M-61-2017,present_in_base_ttl_same_guide
ci_unrelated_action_filter1,M-61-2017,산업용 로봇의 사용등에 관한 안전기술지침,exclusive,field_control,photo_actionable,6,WP-M61-06,작업 개시 전 점검,작업 개시 전 점검,7.1,M-61-2017,present_in_base_ttl_same_guide
ci_unrelated_action_filter1,M-62-2012,목공용 기계의 소음관리에 관한 기술지침,exclusive,field_control,photo_actionable,1,WP-M62-01,소음 노출 평가,소음 노출 평가,4.2,M-62-2012,present_in_base_ttl_same_guide
ci_unrelated_action_filter1,M-69-2012,압력용기의 잔여수명 평가에 관한 기술지침,exclusive,measurement_analysis,photo_unmatchable,1,WP-M69-01,부식률 결정,부식률 결정,4,M-69-2012,present_in_base_ttl_same_guide
ci_unrelated_action_filter1,M-69-2012,압력용기의 잔여수명 평가에 관한 기술지침,exclusive,measurement_analysis,photo_unmatchable,2,WP-M69-02,잔여수명 계산,잔여수명 계산,4.3,M-69-2012,present_in_base_ttl_same_guide
ci_unrelated_action_filter1,M-69-2012,압력용기의 잔여수명 평가에 관한 기술지침,exclusive,measurement_analysis,photo_unmatchable,3,WP-M69-05,검사 계획 수립 및 실시,검사 계획 수립 및 실시,7,M-69-2012,present_in_base_ttl_same_guide
ci_unrelated_action_filter1,M-69-2012,압력용기의 잔여수명 평가에 관한 기술지침,exclusive,measurement_analysis,photo_unmatchable,4,WP-M69-26,압력용기 검사기록 작성 및 관리,압력용기 검사기록 작성 및 관리,9,M-69-2012,present_in_base_ttl_same_guide
ci_unrelated_action_filter1,M-69-2012,압력용기의 잔여수명 평가에 관한 기술지침,exclusive,measurement_analysis,photo_unmatchable,5,WP-M69-03,최대허용사용압력(MAWP) 결정,최대허용사용압력(MAWP) 결정,5,M-69-2012,present_in_base_ttl_same_guide
ci_unrelated_action_filter1,M-7-2016,블로우 성형기 사용에 관한 기술지침,exclusive,field_control,photo_actionable,1,WP-M7-01,재해예방 안전조치 설치,재해예방 안전조치 설치,5,M-7-2016,present_in_base_ttl_same_guide
ci_unrelated_action_filter1,M-7-2016,블로우 성형기 사용에 관한 기술지침,exclusive,field_control,photo_actionable,2,WP-M7-03,유지보수 점검,유지보수 점검,6.2,M-7-2016,present_in_base_ttl_same_guide
ci_unrelated_action_filter1,M-7-2016,블로우 성형기 사용에 관한 기술지침,exclusive,field_control,photo_actionable,3,WP-M7-04,설정(Setting) 작업,설정(Setting) 작업,6.3.1,M-7-2016,present_in_base_ttl_same_guide
ci_unrelated_action_filter1,M-70-2013,그로맷(Grommet) 및 케이블레이드 슬링(Cable-laid Sling)에 관한 기술지침,exclusive,field_control,photo_actionable,1,WP-M70-04,사용한계하중(WLL) 계산 및 검증,사용한계하중(WLL) 계산 및 검증,5.3,M-70-2013,present_in_base_ttl_same_guide
ci_unrelated_action_filter1,M-70-2013,그로맷(Grommet) 및 케이블레이드 슬링(Cable-laid Sling)에 관한 기술지침,exclusive,field_control,photo_actionable,2,WP-M70-01,그로맷 제조,그로맷 제조,5.1,M-70-2013,present_in_base_ttl_same_guide
ci_unrelated_action_filter1,M-70-2013,그로맷(Grommet) 및 케이블레이드 슬링(Cable-laid Sling)에 관한 기술지침,exclusive,field_control,photo_actionable,3,WP-M70-02,케이블레이드 슬링 제조,케이블레이드 슬링 제조,5.2,M-70-2013,present_in_base_ttl_same_guide
ci_unrelated_action_filter1,M-70-2013,그로맷(Grommet) 및 케이블레이드 슬링(Cable-laid Sling)에 관한 기술지침,exclusive,field_control,photo_actionable,4,WP-M70-05,사용자 정보 표시,사용자 정보 표시,7,M-70-2013,present_in_base_ttl_same_guide
ci_unrelated_action_filter1,M-70-2013,그로맷(Grommet) 및 케이블레이드 슬링(Cable-laid Sling)에 관한 기술지침,exclusive,field_control,photo_actionable,5,WP-M70-03,그로맷 및 슬링 길이 측정,그로맷 및 슬링 길이 측정,5.1.4,M-70-2013,present_in_base_ttl_same_guide
ci_unrelated_action_filter1,M-71-2011,열가소성 탱크의 유지관리에 관한 기술지침,exclusive,field_control,photo_actionable,1,WP-M71-01,재료 선정 및 설계,재료 선정 및 설계,5.1,M-71-2011,present_in_base_ttl_same_guide
ci_unrelated_action_filter1,M-71-2011,열가소성 탱크의 유지관리에 관한 기술지침,exclusive,field_control,photo_actionable,2,WP-M71-03,탱크 설치,탱크 설치,6,M-71-2011,present_in_base_ttl_same_guide
ci_unrelated_action_filter1,M-71-2011,열가소성 탱크의 유지관리에 관한 기술지침,exclusive,field_control,photo_actionable,3,WP-M71-04,사용전 검사,사용전 검사,7.2.1,M-71-2011,present_in_base_ttl_same_guide
ci_unrelated_action_filter1,M-71-2011,열가소성 탱크의 유지관리에 관한 기술지침,exclusive,field_control,photo_actionable,4,WP-M71-06,외부 검사,외부 검사,7.2.2,M-71-2011,present_in_base_ttl_same_guide
ci_unrelated_action_filter1,M-71-2011,열가소성 탱크의 유지관리에 관한 기술지침,exclusive,field_control,photo_actionable,5,WP-M71-09,사용 조건 변경 및 중고 탱크 평가,사용 조건 변경 및 중고 탱크 평가,8.1,M-71-2011,present_in_base_ttl_same_guide
ci_unrelated_action_filter1,M-73-2016,식음료 산업의 소음관리에 관한 기술지침,exclusive,field_control,photo_actionable,1,WP-M73-03,"포장, 포장 제거, 자루 넣기 소음제어","포장, 포장 제거, 자루 넣기 소음제어",6.4,M-73-2016,present_in_base_ttl_same_guide
ci_unrelated_action_filter1,M-73-2016,식음료 산업의 소음관리에 관한 기술지침,exclusive,field_control,photo_actionable,2,WP-M73-06,제분 작업 소음제어,제분 작업 소음제어,6.7,M-73-2016,present_in_base_ttl_same_guide
ci_unrelated_action_filter1,M-73-2016,식음료 산업의 소음관리에 관한 기술지침,exclusive,field_control,photo_actionable,3,WP-M73-01,유리병 보틀링 소음제어,유리병 보틀링 소음제어,6.2,M-73-2016,present_in_base_ttl_same_guide
ci_unrelated_action_filter1,M-73-2016,식음료 산업의 소음관리에 관한 기술지침,exclusive,field_control,photo_actionable,4,WP-M73-04,보울 육절기 소음제어,보울 육절기 소음제어,6.5,M-73-2016,present_in_base_ttl_same_guide
ci_unrelated_action_filter1,M-73-2016,식음료 산업의 소음관리에 관한 기술지침,exclusive,field_control,photo_actionable,5,WP-M73-05,공압 소음과 압축 공기 소음제어,공압 소음과 압축 공기 소음제어,6.6,M-73-2016,present_in_base_ttl_same_guide
ci_unrelated_action_filter1,M-73-2016,식음료 산업의 소음관리에 관한 기술지침,exclusive,field_control,photo_actionable,6,WP-M73-08,송풍 급속 냉각기/냉동기 소음제어,송풍 급속 냉각기/냉동기 소음제어,6.9,M-73-2016,present_in_base_ttl_same_guide
ci_unrelated_action_filter1,M-73-2016,식음료 산업의 소음관리에 관한 기술지침,exclusive,field_control,photo_actionable,7,WP-M73-10,포장(Packing) 기계 소음제어,포장(Packing) 기계 소음제어,6.11,M-73-2016,present_in_base_ttl_same_guide
ci_unrelated_action_filter1,M-74-2011,스테인리스강의 아크 용접에서 발생되는 흄의 제어에 관한 기술지침,exclusive,field_control,photo_actionable,1,WP-M74-04,공학적 제어와 환기 설치,공학적 제어와 환기 설치,8.3,M-74-2011,present_in_base_ttl_same_guide
ci_unrelated_action_filter1,M-74-2011,스테인리스강의 아크 용접에서 발생되는 흄의 제어에 관한 기술지침,exclusive,field_control,photo_actionable,2,WP-M74-05,호흡용 보호구 착용,호흡용 보호구 착용,8.4,M-74-2011,present_in_base_ttl_same_guide
ci_unrelated_action_filter1,M-74-2011,스테인리스강의 아크 용접에서 발생되는 흄의 제어에 관한 기술지침,exclusive,field_control,photo_actionable,3,WP-M74-06,건강 감시,건강 감시,9,M-74-2011,present_in_base_ttl_same_guide
ci_unrelated_action_filter1,M-74-2011,스테인리스강의 아크 용접에서 발생되는 흄의 제어에 관한 기술지침,exclusive,field_control,photo_actionable,4,WP-M74-07,노출 매트릭스를 이용한 환기방법 선택,노출 매트릭스를 이용한 환기방법 선택,부록,M-74-2011,present_in_base_ttl_same_guide
ci_unrelated_action_filter1,M-75-2016,공압 시스템의 소음감소에 관한 기술지침,domain_specific,field_control,photo_actionable,1,WP-M75-03,배출 소음기 유지관리 및 청소,배출 소음기 유지관리 및 청소,5.5,M-75-2016,present_in_base_ttl_same_guide
ci_unrelated_action_filter1,M-75-2016,공압 시스템의 소음감소에 관한 기술지침,domain_specific,field_control,photo_actionable,2,WP-M75-01,배출 소음기 선택,배출 소음기 선택,5.7,M-75-2016,present_in_base_ttl_same_guide
ci_unrelated_action_filter1,M-75-2016,공압 시스템의 소음감소에 관한 기술지침,domain_specific,field_control,photo_actionable,3,WP-M75-02,배출 소음기 설치,배출 소음기 설치,5.4,M-75-2016,present_in_base_ttl_same_guide
ci_unrelated_action_filter1,M-75-2016,공압 시스템의 소음감소에 관한 기술지침,domain_specific,field_control,photo_actionable,4,WP-M75-04,압축공기 분출 노즐 설치 및 유지관리,압축공기 분출 노즐 설치 및 유지관리,6.3,M-75-2016,present_in_base_ttl_same_guide
ci_unrelated_action_filter1,M-76-2013,동력식 수동대패 작업에 관한 안전기술지침,exclusive,field_control,photo_actionable,1,WP-M76-01,방호장치 확인 및 테이블 설정,방호장치 확인 및 테이블 설정,5,M-76-2013,present_in_base_ttl_same_guide
ci_unrelated_action_filter1,M-76-2013,동력식 수동대패 작업에 관한 안전기술지침,exclusive,field_control,photo_actionable,2,WP-M76-02,평면 가공작업,평면 가공작업,7.1,M-76-2013,present_in_base_ttl_same_guide
ci_unrelated_action_filter1,M-76-2013,동력식 수동대패 작업에 관한 안전기술지침,exclusive,field_control,photo_actionable,3,WP-M76-05,홈가공 및 경사면 가공작업,홈가공 및 경사면 가공작업,8.2,M-76-2013,present_in_base_ttl_same_guide
ci_unrelated_action_filter1,M-76-2013,동력식 수동대패 작업에 관한 안전기술지침,exclusive,field_control,photo_actionable,4,WP-M76-06,유지 관리,유지 관리,9,M-76-2013,present_in_base_ttl_same_guide
ci_unrelated_action_filter1,M-76-2013,동력식 수동대패 작업에 관한 안전기술지침,exclusive,field_control,photo_actionable,5,WP-M76-04,짧은 가공재의 작업,짧은 가공재의 작업,8.1,M-76-2013,present_in_base_ttl_same_guide
ci_unrelated_action_filter1,M-77-2011,자동차 부분 분무도장 작업에 관한 안전기술지침,exclusive,field_control,photo_actionable,1,WP-M77-02,실내 분무도장작업,실내 분무도장작업,7.2.1,M-77-2011,present_in_base_ttl_same_guide
ci_unrelated_action_filter1,M-77-2011,자동차 부분 분무도장 작업에 관한 안전기술지침,exclusive,field_control,photo_actionable,2,WP-M77-05,폐기물 처리,폐기물 처리,7.2.3,M-77-2011,present_in_base_ttl_same_guide
ci_unrelated_action_filter1,M-8-2016,열성형기 사용에 관한 기술지침,exclusive,field_control,photo_actionable,1,WP-M8-01,방호장치 설치,방호장치 설치,5,M-8-2016,present_in_base_ttl_same_guide
ci_unrelated_action_filter1,M-8-2016,열성형기 사용에 관한 기술지침,exclusive,field_control,photo_actionable,2,WP-M8-02,운영 관련 점검,운영 관련 점검,6.1,M-8-2016,present_in_base_ttl_same_guide
ci_unrelated_action_filter1,M-8-2016,열성형기 사용에 관한 기술지침,exclusive,field_control,photo_actionable,3,WP-M8-03,유지보수 점검,유지보수 점검,6.2,M-8-2016,present_in_base_ttl_same_guide
ci_unrelated_action_filter1,M-82-2011,타워크레인의 설치,exclusive,field_control,photo_actionable,1,WP-M82-11,텔레스코핑 작업(마스트 연장작업),텔레스코핑 작업(마스트 연장작업),5.2.11,M-82-2011,present_in_base_ttl_same_guide
ci_unrelated_action_filter1,M-82-2011,타워크레인의 설치,exclusive,field_control,photo_actionable,2,WP-M82-06,카운터 지브 설치,카운터 지브 설치,5.2.6,M-82-2011,present_in_base_ttl_same_guide
ci_unrelated_action_filter1,M-82-2011,타워크레인의 설치,exclusive,field_control,photo_actionable,3,WP-M82-09,트롤리 주행용 와이어로프 설치,트롤리 주행용 와이어로프 설치,5.2.9,M-82-2011,present_in_base_ttl_same_guide
ci_unrelated_action_filter1,M-82-2011,타워크레인의 설치,exclusive,field_control,photo_actionable,4,WP-M82-12,해체 준비작업,해체 준비작업,6.1,M-82-2011,present_in_base_ttl_same_guide
ci_unrelated_action_filter1,M-82-2011,타워크레인의 설치,exclusive,field_control,photo_actionable,5,WP-M82-14,분리작업,분리작업,6.3,M-82-2011,present_in_base_ttl_same_guide
ci_unrelated_action_filter1,M-82-2011,타워크레인의 설치,exclusive,field_control,photo_actionable,6,WP-M82-02,베이직 마스트 설치,베이직 마스트 설치,5.2.2,M-82-2011,present_in_base_ttl_same_guide
ci_unrelated_action_filter1,M-82-2011,타워크레인의 설치,exclusive,field_control,photo_actionable,7,WP-M82-03,텔레스코픽 케이지 설치,텔레스코픽 케이지 설치,5.2.3,M-82-2011,present_in_base_ttl_same_guide
ci_unrelated_action_filter1,M-82-2011,타워크레인의 설치,exclusive,field_control,photo_actionable,8,WP-M82-04,운전실 설치,운전실 설치,5.2.4,M-82-2011,present_in_base_ttl_same_guide
ci_unrelated_action_filter1,M-89-2016,타워크레인 접근통로 및 방책설치에 관한 기술지침,exclusive,field_control,photo_actionable,1,WP-M89-01,타워크레인 접근통로 설치 계획,타워크레인 접근통로 설치 계획,4,M-89-2016,present_in_base_ttl_same_guide
ci_unrelated_action_filter1,M-89-2016,타워크레인 접근통로 및 방책설치에 관한 기술지침,exclusive,field_control,photo_actionable,2,WP-M89-02,계단 및 사다리 설치,계단 및 사다리 설치,5,M-89-2016,present_in_base_ttl_same_guide
ci_unrelated_action_filter1,M-89-2016,타워크레인 접근통로 및 방책설치에 관한 기술지침,exclusive,field_control,photo_actionable,3,WP-M89-04,안전난간 설치,안전난간 설치,7.2,M-89-2016,present_in_base_ttl_same_guide
ci_unrelated_action_filter1,M-9-2023,금속 가공용 수동 둥근톱 사용 시 안전에 관한 기술지침,exclusive,field_control,photo_actionable,1,WP-M9-02,방호장치 설치 및 점검,방호장치 설치 및 점검,5.2,M-9-2023,present_in_base_ttl_same_guide
ci_unrelated_action_filter1,M-9-2023,금속 가공용 수동 둥근톱 사용 시 안전에 관한 기술지침,exclusive,field_control,photo_actionable,2,WP-M9-04,절삭유/윤활유 관리,절삭유/윤활유 관리,5.4,M-9-2023,present_in_base_ttl_same_guide
ci_unrelated_action_filter1,M-90-2011,크레인 및 권상장치의 와이어로프 선정에 관한 기술지침,exclusive,field_control,photo_actionable,1,WP-M90-06,와이어로프 정비,와이어로프 정비,9,M-90-2011,present_in_base_ttl_same_guide
ci_unrelated_action_filter1,M-90-2011,크레인 및 권상장치의 와이어로프 선정에 관한 기술지침,exclusive,field_control,photo_actionable,2,WP-M90-07,와이어로프 검사,와이어로프 검사,9,M-90-2011,present_in_base_ttl_same_guide
ci_unrelated_action_filter1,M-90-2011,크레인 및 권상장치의 와이어로프 선정에 관한 기술지침,exclusive,field_control,photo_actionable,3,WP-M90-05,로프드럼 및 도르래 지름 결정,로프드럼 및 도르래 지름 결정,6,M-90-2011,present_in_base_ttl_same_guide
ci_unrelated_action_filter1,M-90-2011,크레인 및 권상장치의 와이어로프 선정에 관한 기술지침,exclusive,field_control,photo_actionable,4,WP-M90-01,로프 선정계수(C) 산출,로프 선정계수(C) 산출,5.1,M-90-2011,present_in_base_ttl_same_guide
ci_unrelated_action_filter1,M-90-2011,크레인 및 권상장치의 와이어로프 선정에 관한 기술지침,exclusive,field_control,photo_actionable,5,WP-M90-02,최소로프지름 계산,최소로프지름 계산,5.2,M-90-2011,present_in_base_ttl_same_guide
ci_unrelated_action_filter1,M-90-2011,크레인 및 권상장치의 와이어로프 선정에 관한 기술지침,exclusive,field_control,photo_actionable,6,WP-M90-04,최소파단하중 계산,최소파단하중 계산,5.4,M-90-2011,present_in_base_ttl_same_guide
ci_unrelated_action_filter1,M-91-2011,타워크레인의 지지,exclusive,field_control,photo_actionable,1,WP-M91-03,와이어로프 지지·고정 설치,와이어로프 지지·고정 설치,5.2,M-91-2011,present_in_base_ttl_same_guide
ci_unrelated_action_filter1,M-91-2011,타워크레인의 지지,exclusive,field_control,photo_actionable,2,WP-M91-04,풍속 확인 및 작업제한 관리,풍속 확인 및 작업제한 관리,6,M-91-2011,present_in_base_ttl_same_guide
ci_unrelated_action_filter1,M-91-2011,타워크레인의 지지,exclusive,field_control,photo_actionable,3,WP-M91-01,작업계획서 작성,작업계획서 작성,7,M-91-2011,present_in_base_ttl_same_guide
ci_unrelated_action_filter1,M-91-2011,타워크레인의 지지,exclusive,field_control,photo_actionable,4,WP-M91-02,벽체 지지·고정 설치,벽체 지지·고정 설치,5.1,M-91-2011,present_in_base_ttl_same_guide
ci_unrelated_action_filter1,M-93-2011,스태커에 관한 기술지침,exclusive,field_control,photo_actionable,1,WP-M93-02,구조시험,구조시험,5.2,M-93-2011,present_in_base_ttl_same_guide
ci_unrelated_action_filter1,M-93-2011,스태커에 관한 기술지침,exclusive,field_control,photo_actionable,2,WP-M93-04,안정성 시험,안정성 시험,4.8.5,M-93-2011,present_in_base_ttl_same_guide
ci_unrelated_action_filter1,M-93-2011,스태커에 관한 기술지침,exclusive,field_control,photo_actionable,3,WP-M93-03,기능시험,기능시험,5.3,M-93-2011,present_in_base_ttl_same_guide
ci_unrelated_action_filter1,M-94-2011,인조섬유 라운드슬링 사용에 관한 기술지침,exclusive,field_control,photo_actionable,1,WP-M94-02,권상 작업,권상 작업,6.2,M-94-2011,present_in_base_ttl_same_guide
ci_unrelated_action_filter1,M-94-2011,인조섬유 라운드슬링 사용에 관한 기술지침,exclusive,field_control,photo_actionable,2,WP-M94-01,슬링 선택,슬링 선택,6.1,M-94-2011,present_in_base_ttl_same_guide
ci_unrelated_action_filter1,M-94-2011,인조섬유 라운드슬링 사용에 관한 기술지침,exclusive,field_control,photo_actionable,3,WP-M94-04,검사,검사,8,M-94-2011,present_in_base_ttl_same_guide
ci_unrelated_action_filter1,M-96-2012,선반 방호조치에 관한 기술지침,exclusive,field_control,photo_actionable,1,WP-M96-02,수동선반 공작영역 방호,수동선반 공작영역 방호,4.2,M-96-2012,present_in_base_ttl_same_guide
ci_unrelated_action_filter1,M-96-2012,선반 방호조치에 관한 기술지침,exclusive,field_control,photo_actionable,2,WP-M96-06,자동선반 공작영역 방호,자동선반 공작영역 방호,5.2,M-96-2012,present_in_base_ttl_same_guide
ci_unrelated_action_filter1,M-96-2012,선반 방호조치에 관한 기술지침,exclusive,field_control,photo_actionable,3,WP-M96-08,다축자동선반 공작영역 방호,다축자동선반 공작영역 방호,5.5,M-96-2012,present_in_base_ttl_same_guide
ci_unrelated_action_filter1,M-96-2012,선반 방호조치에 관한 기술지침,exclusive,field_control,photo_actionable,4,WP-M96-01,수동선반 공작물 파지장치 방호,수동선반 공작물 파지장치 방호,4.1,M-96-2012,present_in_base_ttl_same_guide
ci_unrelated_action_filter1,M-96-2012,선반 방호조치에 관한 기술지침,exclusive,field_control,photo_actionable,5,WP-M96-05,자동선반 공작물 파지장치 방호,자동선반 공작물 파지장치 방호,5.1,M-96-2012,present_in_base_ttl_same_guide
ci_unrelated_action_filter1,M-96-2012,선반 방호조치에 관한 기술지침,exclusive,field_control,photo_actionable,6,WP-M96-07,자동선반 조정시 방호,자동선반 조정시 방호,5.4,M-96-2012,present_in_base_ttl_same_guide
ci_unrelated_action_filter1,M-96-2012,선반 방호조치에 관한 기술지침,exclusive,field_control,photo_actionable,7,WP-M96-03,리드 스크루 및 이송축 방호,리드 스크루 및 이송축 방호,4.3,M-96-2012,present_in_base_ttl_same_guide
ci_unrelated_action_filter1,M-98-2012,드릴기 방호조치에 관한 기술지침,exclusive,field_control,photo_actionable,1,WP-M98-01,직립 드릴기 방호 설치,직립 드릴기 방호 설치,4,M-98-2012,present_in_base_ttl_same_guide
ci_unrelated_action_filter1,M-98-2012,드릴기 방호조치에 관한 기술지침,exclusive,field_control,photo_actionable,2,WP-M98-05,기타 드릴기 방호 설치,기타 드릴기 방호 설치,8,M-98-2012,present_in_base_ttl_same_guide
ci_unrelated_action_filter1,M-98-2012,드릴기 방호조치에 관한 기술지침,exclusive,field_control,photo_actionable,3,WP-M98-02,다축 드릴기 방호 설치,다축 드릴기 방호 설치,5,M-98-2012,present_in_base_ttl_same_guide
ci_unrelated_action_filter1,M-98-2012,드릴기 방호조치에 관한 기술지침,exclusive,field_control,photo_actionable,4,WP-M98-04,탁상용 드릴기 방호 설치,탁상용 드릴기 방호 설치,7,M-98-2012,present_in_base_ttl_same_guide
ci_unrelated_action_filter1,M-98-2012,드릴기 방호조치에 관한 기술지침,exclusive,field_control,photo_actionable,5,WP-M98-03,레이디얼 드릴기 방호 설치,레이디얼 드릴기 방호 설치,6,M-98-2012,present_in_base_ttl_same_guide
ci_unrelated_action_filter1,M-99-2012,보링기 방호조치에 관한 기술지침,exclusive,field_control,photo_actionable,1,WP-M99-02,공작영역 방호 (트립장치·작업대·작업위치·주변장치),공작영역 방호 (트립장치·작업대·작업위치·주변장치),5,M-99-2012,present_in_base_ttl_same_guide
ci_unrelated_action_filter1,M-99-2012,보링기 방호조치에 관한 기술지침,exclusive,field_control,photo_actionable,2,WP-M99-01,기계부 방호 (주구동부·이송장치·동력전달 요소),기계부 방호 (주구동부·이송장치·동력전달 요소),4,M-99-2012,present_in_base_ttl_same_guide
ci_unrelated_action_filter1,M-99-2012,보링기 방호조치에 관한 기술지침,exclusive,field_control,photo_actionable,3,WP-M99-03,자동공구교환 보링기 방호 (공구저장기구·공구장착),자동공구교환 보링기 방호 (공구저장기구·공구장착),6,M-99-2012,present_in_base_ttl_same_guide
ci_unrelated_action_filter1,O-1-2011,설비보수용 용접재료 선정에 관한 기술지침,exclusive,field_control,photo_actionable,1,WP-O1-03,피복아크 용접봉 선정,피복아크 용접봉 선정,6,O-1-2011,present_in_base_ttl_same_guide
ci_unrelated_action_filter1,O-1-2011,설비보수용 용접재료 선정에 관한 기술지침,exclusive,field_control,photo_actionable,2,WP-O1-04,용접 후 시험,용접 후 시험,7,O-1-2011,present_in_base_ttl_same_guide
ci_unrelated_action_filter1,O-1-2011,설비보수용 용접재료 선정에 관한 기술지침,exclusive,field_control,photo_actionable,3,WP-O1-01,모재 확인 및 분류,모재 확인 및 분류,5,O-1-2011,present_in_base_ttl_same_guide
ci_unrelated_action_filter1,O-2-2023,볼트 너트의 선정 및 체결에 관한 기술지침,domain_specific,field_control,photo_actionable,1,WP-O2-04,볼트·너트 체결 작업,볼트·너트 체결 작업,5.1,O-2-2023,present_in_base_ttl_same_guide
ci_unrelated_action_filter1,O-2-2023,볼트 너트의 선정 및 체결에 관한 기술지침,domain_specific,field_control,photo_actionable,2,WP-O2-06,분할핀 설치,분할핀 설치,5.3,O-2-2023,present_in_base_ttl_same_guide
ci_unrelated_action_filter1,O-2-2023,볼트 너트의 선정 및 체결에 관한 기술지침,domain_specific,field_control,photo_actionable,3,WP-O2-01,볼트·너트 외관형상 및 나사형식 선정,볼트·너트 외관형상 및 나사형식 선정,4.2,O-2-2023,present_in_base_ttl_same_guide
ci_unrelated_action_filter1,O-2-2023,볼트 너트의 선정 및 체결에 관한 기술지침,domain_specific,field_control,photo_actionable,4,WP-O2-02,기계적 성질 및 재료에 따른 선정,기계적 성질 및 재료에 따른 선정,4.3,O-2-2023,present_in_base_ttl_same_guide
ci_unrelated_action_filter1,O-2-2023,볼트 너트의 선정 및 체결에 관한 기술지침,domain_specific,field_control,photo_actionable,5,WP-O2-03,표면결함 검사 및 최종 선정 검토,표면결함 검사 및 최종 선정 검토,4.5,O-2-2023,present_in_base_ttl_same_guide
ci_unrelated_action_filter1,O-2-2023,볼트 너트의 선정 및 체결에 관한 기술지침,domain_specific,field_control,photo_actionable,6,WP-O2-05,와서 사용 및 풀림방지 조치,와서 사용 및 풀림방지 조치,5.2,O-2-2023,present_in_base_ttl_same_guide
ci_unrelated_action_filter1,O-2-2023,볼트 너트의 선정 및 체결에 관한 기술지침,domain_specific,field_control,photo_actionable,7,WP-O2-26,너트 조임,너트 조임,6.2,O-2-2023,present_in_base_ttl_same_guide
ci_unrelated_action_filter1,O-2-2023,볼트 너트의 선정 및 체결에 관한 기술지침,domain_specific,field_control,photo_actionable,8,WP-O2-30,풀림방지장치 설치,풀림방지장치 설치,9.3,O-2-2023,present_in_base_ttl_same_guide
ci_unrelated_action_filter1,P-1-2012,공기를 이용한 가연성 물질의 안전운송에 관한 기술지침,exclusive,field_control,photo_actionable,1,WP-P1-01,공기운송시스템 설계,공기운송시스템 설계,4.1,P-1-2012,present_in_base_ttl_same_guide
ci_unrelated_action_filter1,P-1-2012,공기를 이용한 가연성 물질의 안전운송에 관한 기술지침,exclusive,field_control,photo_actionable,2,WP-P1-02,덕트 설치,덕트 설치,4.2,P-1-2012,present_in_base_ttl_same_guide
ci_unrelated_action_filter1,P-1-2012,공기를 이용한 가연성 물질의 안전운송에 관한 기술지침,exclusive,field_control,photo_actionable,3,WP-P1-04,공기-원료 분리기 설치,공기-원료 분리기 설치,4.4,P-1-2012,present_in_base_ttl_same_guide
ci_unrelated_action_filter1,P-1-2012,공기를 이용한 가연성 물질의 안전운송에 관한 기술지침,exclusive,field_control,photo_actionable,4,WP-P1-05,급송장치 설치 및 운전,급송장치 설치 및 운전,4.5,P-1-2012,present_in_base_ttl_same_guide
ci_unrelated_action_filter1,P-1-2012,공기를 이용한 가연성 물질의 안전운송에 관한 기술지침,exclusive,field_control,photo_actionable,5,WP-P1-06,팬 및 송풍기 설치·운전·보수,팬 및 송풍기 설치·운전·보수,4.6,P-1-2012,present_in_base_ttl_same_guide
ci_unrelated_action_filter1,P-1-2012,공기를 이용한 가연성 물질의 안전운송에 관한 기술지침,exclusive,field_control,photo_actionable,6,WP-P1-07,차량용 운송설비 운전,차량용 운송설비 운전,5,P-1-2012,present_in_base_ttl_same_guide
ci_unrelated_action_filter1,P-10-2012,소형 염소설비의 안전작업 기술지침,exclusive,field_control,photo_actionable,1,WP-P10-08,염소 드럼 및 실린더 수령·연결·취급,염소 드럼 및 실린더 수령·연결·취급,5.2.4,P-10-2012,present_in_base_ttl_same_guide
ci_unrelated_action_filter1,P-10-2012,소형 염소설비의 안전작업 기술지침,exclusive,field_control,photo_actionable,2,WP-P10-06,염소 컨테이너 저장지역 설치 및 관리,염소 컨테이너 저장지역 설치 및 관리,5.2.2,P-10-2012,present_in_base_ttl_same_guide
ci_unrelated_action_filter1,P-10-2012,소형 염소설비의 안전작업 기술지침,exclusive,field_control,photo_actionable,3,WP-P10-07,염소시설 위치 선정 및 이격거리 확보,염소시설 위치 선정 및 이격거리 확보,5.2.3,P-10-2012,present_in_base_ttl_same_guide
ci_unrelated_action_filter1,P-10-2012,소형 염소설비의 안전작업 기술지침,exclusive,field_control,photo_actionable,4,WP-P10-15,염소 컨테이너 수령 및 외관검사,염소 컨테이너 수령 및 외관검사,5.2.4,P-10-2012,present_in_base_ttl_same_guide
ci_unrelated_action_filter1,P-10-2012,소형 염소설비의 안전작업 기술지침,exclusive,field_control,photo_actionable,5,WP-P10-16,컨테이너 고정 및 정치,컨테이너 고정 및 정치,5.2.4,P-10-2012,present_in_base_ttl_same_guide
ci_unrelated_action_filter1,P-10-2012,소형 염소설비의 안전작업 기술지침,exclusive,field_control,photo_actionable,6,WP-P10-17,컨테이너 이송 및 호이스트 운용,컨테이너 이송 및 호이스트 운용,5.2.4,P-10-2012,present_in_base_ttl_same_guide
ci_unrelated_action_filter1,P-10-2012,소형 염소설비의 안전작업 기술지침,exclusive,field_control,photo_actionable,7,WP-P10-18,환기설비 설치 및 운영,환기설비 설치 및 운영,5.3,P-10-2012,present_in_base_ttl_same_guide
ci_unrelated_action_filter1,P-10-2012,소형 염소설비의 안전작업 기술지침,exclusive,field_control,photo_actionable,8,WP-P10-20,염소 감지기 설치 및 점검,염소 감지기 설치 및 점검,5.4,P-10-2012,present_in_base_ttl_same_guide
ci_unrelated_action_filter1,P-104-2012,휘발성 유기화합물 처리에 관한 기술지침,exclusive,field_control,photo_actionable,1,WP-P104-01,고온산화(열소각),고온산화(열소각),6.1,P-104-2012,present_in_base_ttl_same_guide
ci_unrelated_action_filter1,P-104-2012,휘발성 유기화합물 처리에 관한 기술지침,exclusive,field_control,photo_actionable,2,WP-P104-02,촉매산화(촉매소각),촉매산화(촉매소각),6.2,P-104-2012,present_in_base_ttl_same_guide
ci_unrelated_action_filter1,P-104-2012,휘발성 유기화합물 처리에 관한 기술지침,exclusive,field_control,photo_actionable,3,WP-P104-03,흡착,흡착,6.3,P-104-2012,present_in_base_ttl_same_guide
ci_unrelated_action_filter1,P-104-2012,휘발성 유기화합물 처리에 관한 기술지침,exclusive,field_control,photo_actionable,4,WP-P104-05,냉각응축,냉각응축,6.5,P-104-2012,present_in_base_ttl_same_guide
ci_unrelated_action_filter1,P-104-2012,휘발성 유기화합물 처리에 관한 기술지침,exclusive,field_control,photo_actionable,5,WP-P104-04,흡수,흡수,6.4,P-104-2012,present_in_base_ttl_same_guide
ci_unrelated_action_filter1,P-104-2012,휘발성 유기화합물 처리에 관한 기술지침,exclusive,field_control,photo_actionable,6,WP-P104-06,생물학적 처리(바이오필터),생물학적 처리(바이오필터),6.6,P-104-2012,present_in_base_ttl_same_guide
ci_unrelated_action_filter1,P-104-2012,휘발성 유기화합물 처리에 관한 기술지침,exclusive,field_control,photo_actionable,7,WP-P104-07,분리막기술,분리막기술,6.7,P-104-2012,present_in_base_ttl_same_guide
ci_unrelated_action_filter1,P-109-2012,유기과산화물 및 그 제제의 저장에 관한 기술지침,exclusive,field_control,photo_actionable,1,WP-P109-06,저장지역 표시 및 라벨링,저장지역 표시 및 라벨링,5.1,P-109-2012,present_in_base_ttl_same_guide
ci_unrelated_action_filter1,P-109-2012,유기과산화물 및 그 제제의 저장에 관한 기술지침,exclusive,field_control,photo_actionable,2,WP-P109-23,차단 저장,차단 저장,6.2,P-109-2012,present_in_base_ttl_same_guide
ci_unrelated_action_filter1,P-109-2012,유기과산화물 및 그 제제의 저장에 관한 기술지침,exclusive,field_control,photo_actionable,3,WP-P109-07,냉·난방설비 설치 및 유지관리,냉·난방설비 설치 및 유지관리,5.3,P-109-2012,present_in_base_ttl_same_guide
ci_unrelated_action_filter1,P-109-2012,유기과산화물 및 그 제제의 저장에 관한 기술지침,exclusive,field_control,photo_actionable,4,WP-P109-08,저장지역 유지관리 작업,저장지역 유지관리 작업,5.6,P-109-2012,present_in_base_ttl_same_guide
ci_unrelated_action_filter1,P-109-2012,유기과산화물 및 그 제제의 저장에 관한 기술지침,exclusive,field_control,photo_actionable,5,WP-P109-22,격리 저장,격리 저장,6.1,P-109-2012,present_in_base_ttl_same_guide
ci_unrelated_action_filter1,P-109-2012,유기과산화물 및 그 제제의 저장에 관한 기술지침,exclusive,field_control,photo_actionable,6,WP-P109-24,독립 저장,독립 저장,6.3,P-109-2012,present_in_base_ttl_same_guide
ci_unrelated_action_filter1,P-109-2012,유기과산화물 및 그 제제의 저장에 관한 기술지침,exclusive,field_control,photo_actionable,7,WP-P109-09,화재예방설비 설치 및 관리,화재예방설비 설치 및 관리,5.7,P-109-2012,present_in_base_ttl_same_guide
ci_unrelated_action_filter1,P-109-2012,유기과산화물 및 그 제제의 저장에 관한 기술지침,exclusive,field_control,photo_actionable,8,WP-P109-10,폐기물 처리 및 누출 대응,폐기물 처리 및 누출 대응,5.8,P-109-2012,present_in_base_ttl_same_guide
ci_unrelated_action_filter1,P-11-2012,발포폴리스티렌의 취급 시 화재예방 기술지침,exclusive,field_control,photo_actionable,1,WP-P11-06,성형공정,성형공정,6.6,P-11-2012,present_in_base_ttl_same_guide
ci_unrelated_action_filter1,P-11-2012,발포폴리스티렌의 취급 시 화재예방 기술지침,exclusive,field_control,photo_actionable,2,WP-P11-03,사전 팽창(예비발포),사전 팽창(예비발포),6.3,P-11-2012,present_in_base_ttl_same_guide
ci_unrelated_action_filter1,P-11-2012,발포폴리스티렌의 취급 시 화재예방 기술지침,exclusive,field_control,photo_actionable,3,WP-P11-04,숙성 저장(Silo),숙성 저장(Silo),6.4,P-11-2012,present_in_base_ttl_same_guide
ci_unrelated_action_filter1,P-11-2012,발포폴리스티렌의 취급 시 화재예방 기술지침,exclusive,field_control,photo_actionable,4,WP-P11-10,열작업,열작업,6.10,P-11-2012,present_in_base_ttl_same_guide
ci_unrelated_action_filter1,P-112-2014,마그네슘 분진폭발 예방에 관한 기술지침,exclusive,field_control,photo_actionable,1,WP-P112-06,기계가공(절삭·연마) 작업,기계가공(절삭·연마) 작업,5.4,P-112-2014,present_in_base_ttl_same_guide
ci_unrelated_action_filter1,P-112-2014,마그네슘 분진폭발 예방에 관한 기술지침,exclusive,field_control,photo_actionable,2,WP-P112-01,마그네슘 저장,마그네슘 저장,5.1,P-112-2014,present_in_base_ttl_same_guide
ci_unrelated_action_filter1,P-112-2014,마그네슘 분진폭발 예방에 관한 기술지침,exclusive,field_control,photo_actionable,3,WP-P112-02,용해 작업장 준비,용해 작업장 준비,5.2.1,P-112-2014,present_in_base_ttl_same_guide
ci_unrelated_action_filter1,P-112-2014,마그네슘 분진폭발 예방에 관한 기술지침,exclusive,field_control,photo_actionable,4,WP-P112-03,용해 설비 관리 및 용해 작업,용해 설비 관리 및 용해 작업,5.2.2,P-112-2014,present_in_base_ttl_same_guide
ci_unrelated_action_filter1,P-112-2014,마그네슘 분진폭발 예방에 관한 기술지침,exclusive,field_control,photo_actionable,5,WP-P112-04,사형(Sand molding) 주조 작업,사형(Sand molding) 주조 작업,5.3.2,P-112-2014,present_in_base_ttl_same_guide
ci_unrelated_action_filter1,P-112-2014,마그네슘 분진폭발 예방에 관한 기술지침,exclusive,field_control,photo_actionable,6,WP-P112-07,폐기물 처리 및 보관,폐기물 처리 및 보관,6,P-112-2014,present_in_base_ttl_same_guide
ci_unrelated_action_filter1,P-114-2020,화학설비 및 부속설비에서 정전기의 계측제어에 관한 기술지침,exclusive,measurement_analysis,photo_unmatchable,1,WP-P114-01,접지에 의한 정전기 관리,접지에 의한 정전기 관리,6.2,P-114-2020,present_in_base_ttl_same_guide
ci_unrelated_action_filter1,P-114-2020,화학설비 및 부속설비에서 정전기의 계측제어에 관한 기술지침,exclusive,measurement_analysis,photo_unmatchable,2,WP-P114-02,습도 조절 및 불활성가스에 의한 정전기 관리,습도 조절 및 불활성가스에 의한 정전기 관리,6.3,P-114-2020,present_in_base_ttl_same_guide
ci_unrelated_action_filter1,P-114-2020,화학설비 및 부속설비에서 정전기의 계측제어에 관한 기술지침,exclusive,measurement_analysis,photo_unmatchable,3,WP-P114-03,유체의 속도 제어에 의한 정전기 관리,유체의 속도 제어에 의한 정전기 관리,6.4,P-114-2020,present_in_base_ttl_same_guide
ci_unrelated_action_filter1,P-114-2020,화학설비 및 부속설비에서 정전기의 계측제어에 관한 기술지침,exclusive,measurement_analysis,photo_unmatchable,4,WP-P114-04,계측·제어에 의한 정전기 관리,계측·제어에 의한 정전기 관리,6.5,P-114-2020,present_in_base_ttl_same_guide
ci_unrelated_action_filter1,P-115-2012,정유 및 석유화학공장의 소방설비에 관한 기술지침,exclusive,field_control,photo_actionable,1,WP-P115-01,소방설비 설계방침 수립 및 위험성평가,소방설비 설계방침 수립 및 위험성평가,5.1,P-115-2012,present_in_base_ttl_same_guide
ci_unrelated_action_filter1,P-115-2012,정유 및 석유화학공장의 소방설비에 관한 기술지침,exclusive,field_control,photo_actionable,2,WP-P115-02,공정지역 수계 소방설비 설치,공정지역 수계 소방설비 설치,5.2,P-115-2012,present_in_base_ttl_same_guide
ci_unrelated_action_filter1,P-115-2012,정유 및 석유화학공장의 소방설비에 관한 기술지침,exclusive,field_control,photo_actionable,3,WP-P115-03,저장탱크 지역 소방설비 설치,저장탱크 지역 소방설비 설치,5.3,P-115-2012,present_in_base_ttl_same_guide
ci_unrelated_action_filter1,P-115-2012,정유 및 석유화학공장의 소방설비에 관한 기술지침,exclusive,field_control,photo_actionable,4,WP-P115-04,출하 설비지역 소방설비 설치,출하 설비지역 소방설비 설치,5.4,P-115-2012,present_in_base_ttl_same_guide
ci_unrelated_action_filter1,P-116-2012,경보시스템의 효율적 관리에 관한 기술지침,domain_specific,field_control,photo_actionable,1,WP-P116-01,경보시스템 현황 파악 및 문제점 도출,경보시스템 현황 파악 및 문제점 도출,5.1,P-116-2012,present_in_base_ttl_same_guide
ci_unrelated_action_filter1,P-116-2012,경보시스템의 효율적 관리에 관한 기술지침,domain_specific,field_control,photo_actionable,2,WP-P116-02,경보시스템 설계,경보시스템 설계,5.2,P-116-2012,present_in_base_ttl_same_guide
ci_unrelated_action_filter1,P-116-2012,경보시스템의 효율적 관리에 관한 기술지침,domain_specific,field_control,photo_actionable,3,WP-P116-03,경보시스템 지속적 관리,경보시스템 지속적 관리,5.2.5,P-116-2012,present_in_base_ttl_same_guide
ci_unrelated_action_filter1,P-117-2012,화학보호의 선정 사용 및 유지에 관한 기술지침,exclusive,field_control,photo_actionable,1,WP-P117-01,화학적 위험 조사 및 보호의 선정,화학적 위험 조사 및 보호의 선정,4,P-117-2012,present_in_base_ttl_same_guide
ci_unrelated_action_filter1,P-117-2012,화학보호의 선정 사용 및 유지에 관한 기술지침,exclusive,field_control,photo_actionable,2,WP-P117-04,화학보호의 탈의,화학보호의 탈의,5.2,P-117-2012,present_in_base_ttl_same_guide
ci_unrelated_action_filter1,P-12-2012,전자산업에서의 특수가스 취급 안전 기술지침,exclusive,field_control,photo_actionable,1,WP-P12-03,특수가스 공급 및 실린더 교체,특수가스 공급 및 실린더 교체,4.3.2,P-12-2012,present_in_base_ttl_same_guide
ci_unrelated_action_filter1,P-12-2012,전자산업에서의 특수가스 취급 안전 기술지침,exclusive,field_control,photo_actionable,2,WP-P12-01,특수가스 실린더 입고 및 검수,특수가스 실린더 입고 및 검수,4.2.1,P-12-2012,present_in_base_ttl_same_guide
ci_unrelated_action_filter1,P-12-2012,전자산업에서의 특수가스 취급 안전 기술지침,exclusive,field_control,photo_actionable,3,WP-P12-02,특수가스 실린더 저장,특수가스 실린더 저장,4.2.1,P-12-2012,present_in_base_ttl_same_guide
ci_unrelated_action_filter1,P-12-2012,전자산업에서의 특수가스 취급 안전 기술지침,exclusive,field_control,photo_actionable,4,WP-P12-04,특수가스 공급시스템 퍼지,특수가스 공급시스템 퍼지,4.3.2,P-12-2012,present_in_base_ttl_same_guide
ci_unrelated_action_filter1,P-12-2012,전자산업에서의 특수가스 취급 안전 기술지침,exclusive,field_control,photo_actionable,5,WP-P12-06,특수가스 실린더 유지·보수,특수가스 실린더 유지·보수,5,P-12-2012,present_in_base_ttl_same_guide
ci_unrelated_action_filter1,P-12-2012,전자산업에서의 특수가스 취급 안전 기술지침,exclusive,field_control,photo_actionable,6,WP-P12-05,폐 특수가스 처리,폐 특수가스 처리,4.3.3,P-12-2012,present_in_base_ttl_same_guide
ci_unrelated_action_filter1,P-120-2012,설계 및 재설계 과정에서의 재해예방 기술지침,general,risk_method,photo_unmatchable,1,WP-P120-01,안전보건정책 수립 및 수용 가능한 위험수준 설정,안전보건정책 수립 및 수용 가능한 위험수준 설정,5,P-120-2012,present_in_base_ttl_same_guide
ci_unrelated_action_filter1,P-120-2012,설계 및 재설계 과정에서의 재해예방 기술지침,general,risk_method,photo_unmatchable,2,WP-P120-02,설계단계 안전보건 기준 및 코드 설정,설계단계 안전보건 기준 및 코드 설정,7,P-120-2012,present_in_base_ttl_same_guide
ci_unrelated_action_filter1,P-121-2012,공기분리설비의 안전설계 및 운전에 관한 기술지침,exclusive,measurement_analysis,photo_unmatchable,1,WP-P121-17,펌프 LOX 열교환기 안전관리,펌프 LOX 열교환기 안전관리,5.3,P-121-2012,present_in_base_ttl_same_guide
ci_unrelated_action_filter1,P-121-2012,공기분리설비의 안전설계 및 운전에 관한 기술지침,exclusive,measurement_analysis,photo_unmatchable,2,WP-P121-18,산소 압축기 가동,산소 압축기 가동,5.4,P-121-2012,present_in_base_ttl_same_guide
ci_unrelated_action_filter1,P-121-2012,공기분리설비의 안전설계 및 운전에 관한 기술지침,exclusive,measurement_analysis,photo_unmatchable,3,WP-P121-19,산소 압축기 가동중지,산소 압축기 가동중지,5.4,P-121-2012,present_in_base_ttl_same_guide
ci_unrelated_action_filter1,P-122-2012,반도체 공정에서 가스를 취급하는 벌크시스템의 안전에 관한 기술지침,exclusive,field_control,photo_actionable,1,WP-P122-02,톤실린더 교체작업,톤실린더 교체작업,6.2,P-122-2012,present_in_base_ttl_same_guide
ci_unrelated_action_filter1,P-123-2012,공업용 가열로의 안전에 관한 기술지침,exclusive,field_control,photo_actionable,1,WP-P123-02,예비 퍼지 및 점화,예비 퍼지 및 점화,5.2,P-123-2012,present_in_base_ttl_same_guide
ci_unrelated_action_filter1,P-123-2012,공업용 가열로의 안전에 관한 기술지침,exclusive,field_control,photo_actionable,2,WP-P123-01,점화 준비,점화 준비,5.2,P-123-2012,present_in_base_ttl_same_guide
ci_unrelated_action_filter1,P-123-2012,공업용 가열로의 안전에 관한 기술지침,exclusive,field_control,photo_actionable,3,WP-P123-04,소화 및 정지,소화 및 정지,5.2,P-123-2012,present_in_base_ttl_same_guide
ci_unrelated_action_filter1,P-123-2012,공업용 가열로의 안전에 관한 기술지침,exclusive,field_control,photo_actionable,4,WP-P123-03,운전 중 감시 및 이상 조치,운전 중 감시 및 이상 조치,5.2,P-123-2012,present_in_base_ttl_same_guide
ci_unrelated_action_filter1,P-126-2012,이황화탄소 드럼작업에 관한 기술지침,exclusive,field_control,photo_actionable,1,WP-P126-01,하역 준비 및 안전 확인,하역 준비 및 안전 확인,4.1,P-126-2012,present_in_base_ttl_same_guide
ci_unrelated_action_filter1,P-126-2012,이황화탄소 드럼작업에 관한 기술지침,exclusive,field_control,photo_actionable,2,WP-P126-03,수압 하역 (Water pressure unloading),수압 하역 (Water pressure unloading),4.3,P-126-2012,present_in_base_ttl_same_guide
ci_unrelated_action_filter1,P-126-2012,이황화탄소 드럼작업에 관한 기술지침,exclusive,field_control,photo_actionable,3,WP-P126-04,불활성가스 압력 하역 (Inert gas pressure unloading),불활성가스 압력 하역 (Inert gas pressure unloading),4.4,P-126-2012,present_in_base_ttl_same_guide
ci_unrelated_action_filter1,P-126-2012,이황화탄소 드럼작업에 관한 기술지침,exclusive,field_control,photo_actionable,4,WP-P126-06,누설 시 대응,누설 시 대응,6,P-126-2012,present_in_base_ttl_same_guide
ci_unrelated_action_filter1,P-126-2012,이황화탄소 드럼작업에 관한 기술지침,exclusive,field_control,photo_actionable,5,WP-P126-05,공 드럼 오염제거,공 드럼 오염제거,5,P-126-2012,present_in_base_ttl_same_guide
ci_unrelated_action_filter1,P-126-2012,이황화탄소 드럼작업에 관한 기술지침,exclusive,field_control,photo_actionable,6,WP-P126-07,소방활동,소방활동,7,P-126-2012,present_in_base_ttl_same_guide
ci_unrelated_action_filter1,P-128-2012,금속분진 취급 공정의 화재폭발예방에 관한 기술지침,exclusive,field_control,photo_actionable,1,WP-P128-01,집진설비 운영 및 관리,집진설비 운영 및 관리,5.2,P-128-2012,present_in_base_ttl_same_guide
ci_unrelated_action_filter1,P-128-2012,금속분진 취급 공정의 화재폭발예방에 관한 기술지침,exclusive,field_control,photo_actionable,2,WP-P128-04,용접 및 절단 등의 보수작업,용접 및 절단 등의 보수작업,5.2,P-128-2012,present_in_base_ttl_same_guide
ci_unrelated_action_filter1,P-128-2012,금속분진 취급 공정의 화재폭발예방에 관한 기술지침,exclusive,field_control,photo_actionable,3,WP-P128-05,분진관리 (청소·점검·퇴적방지),분진관리 (청소·점검·퇴적방지),6.1,P-128-2012,present_in_base_ttl_same_guide
ci_unrelated_action_filter1,P-128-2012,금속분진 취급 공정의 화재폭발예방에 관한 기술지침,exclusive,field_control,photo_actionable,4,WP-P128-06,착화원 관리,착화원 관리,6.3,P-128-2012,present_in_base_ttl_same_guide
ci_unrelated_action_filter1,P-128-2012,금속분진 취급 공정의 화재폭발예방에 관한 기술지침,exclusive,field_control,photo_actionable,5,WP-P128-07,피해경감대책 수립,피해경감대책 수립,6.4,P-128-2012,present_in_base_ttl_same_guide
ci_unrelated_action_filter1,P-129-2013,화학공장 계측기의 관리 및 점검에 관한 기술지침,domain_specific,field_control,photo_actionable,1,WP-P129-03,내부교정 실시,내부교정 실시,5.2.1,P-129-2013,present_in_base_ttl_same_guide
ci_unrelated_action_filter1,P-129-2013,화학공장 계측기의 관리 및 점검에 관한 기술지침,domain_specific,field_control,photo_actionable,2,WP-P129-01,계측기 관리 구분 및 분류,계측기 관리 구분 및 분류,4.1,P-129-2013,present_in_base_ttl_same_guide
ci_unrelated_action_filter1,P-129-2013,화학공장 계측기의 관리 및 점검에 관한 기술지침,domain_specific,field_control,photo_actionable,3,WP-P129-02,교정 주기 설정 및 관리,교정 주기 설정 및 관리,5.1,P-129-2013,present_in_base_ttl_same_guide
ci_unrelated_action_filter1,P-129-2013,화학공장 계측기의 관리 및 점검에 관한 기술지침,domain_specific,field_control,photo_actionable,4,WP-P129-04,외부교정 실시,외부교정 실시,5.2.1,P-129-2013,present_in_base_ttl_same_guide
ci_unrelated_action_filter1,P-129-2013,화학공장 계측기의 관리 및 점검에 관한 기술지침,domain_specific,field_control,photo_actionable,5,WP-P129-06,사후 조치,사후 조치,5.3,P-129-2013,present_in_base_ttl_same_guide
ci_unrelated_action_filter1,P-129-2013,화학공장 계측기의 관리 및 점검에 관한 기술지침,domain_specific,field_control,photo_actionable,6,WP-P129-05,현장 계측기 점검,현장 계측기 점검,5.2.2,P-129-2013,present_in_base_ttl_same_guide
ci_unrelated_action_filter1,P-131-2013,화학공정에서의 분진폭발 방지에 관한 기술지침,exclusive,field_control,photo_actionable,1,WP-P131-07,분쇄 공정,분쇄 공정,4.2,P-131-2013,present_in_base_ttl_same_guide
ci_unrelated_action_filter1,P-131-2013,화학공정에서의 분진폭발 방지에 관한 기술지침,exclusive,field_control,photo_actionable,2,WP-P131-10,집진 및 분리 공정,집진 및 분리 공정,4.5,P-131-2013,present_in_base_ttl_same_guide
ci_unrelated_action_filter1,P-131-2013,화학공정에서의 분진폭발 방지에 관한 기술지침,exclusive,field_control,photo_actionable,3,WP-P131-08,혼합 및 반응 공정,혼합 및 반응 공정,4.3,P-131-2013,present_in_base_ttl_same_guide
ci_unrelated_action_filter1,P-131-2013,화학공정에서의 분진폭발 방지에 관한 기술지침,exclusive,field_control,photo_actionable,4,WP-P131-13,저장 공정,저장 공정,4.8,P-131-2013,present_in_base_ttl_same_guide
ci_unrelated_action_filter1,P-131-2013,화학공정에서의 분진폭발 방지에 관한 기술지침,exclusive,field_control,photo_actionable,5,WP-P131-06,일반 안전관리,일반 안전관리,4.1,P-131-2013,present_in_base_ttl_same_guide
ci_unrelated_action_filter1,P-131-2013,화학공정에서의 분진폭발 방지에 관한 기술지침,exclusive,field_control,photo_actionable,6,WP-P131-50,화기작업(용접·용단) 시 분진폭발 방지,화기작업(용접·용단) 시 분진폭발 방지,5,P-131-2013,present_in_base_ttl_same_guide
ci_unrelated_action_filter1,P-132-2013,화학공장의 혼합공정에서 화재 및 폭발 예방에 관한 기술지침,exclusive,field_control,photo_actionable,1,WP-P132-03,혼합위험성 평가 및 매트릭스 작성,혼합위험성 평가 및 매트릭스 작성,4.3,P-132-2013,present_in_base_ttl_same_guide
ci_unrelated_action_filter1,P-132-2013,화학공장의 혼합공정에서 화재 및 폭발 예방에 관한 기술지침,exclusive,field_control,photo_actionable,2,WP-P132-04,연속식 반응기 운전,연속식 반응기 운전,4.4,P-132-2013,present_in_base_ttl_same_guide
ci_unrelated_action_filter1,P-132-2013,화학공장의 혼합공정에서 화재 및 폭발 예방에 관한 기술지침,exclusive,field_control,photo_actionable,3,WP-P132-05,회분식 반응기 운전,회분식 반응기 운전,4.5,P-132-2013,present_in_base_ttl_same_guide
ci_unrelated_action_filter1,P-132-2013,화학공장의 혼합공정에서 화재 및 폭발 예방에 관한 기술지침,exclusive,field_control,photo_actionable,4,WP-P132-07,불순물 혼입 방지,불순물 혼입 방지,4.7,P-132-2013,present_in_base_ttl_same_guide
ci_unrelated_action_filter1,P-133-2013,화학공장의 인터록 관리에 관한 기술지침,domain_specific,field_control,photo_actionable,1,WP-P133-02,인터록 설정값 변경 절차,인터록 설정값 변경 절차,4.3,P-133-2013,present_in_base_ttl_same_guide
ci_unrelated_action_filter1,P-133-2013,화학공장의 인터록 관리에 관한 기술지침,domain_specific,field_control,photo_actionable,2,WP-P133-05,인터록 우회 해지 절차,인터록 우회 해지 절차,5.2.4,P-133-2013,present_in_base_ttl_same_guide
ci_unrelated_action_filter1,P-133-2013,화학공장의 인터록 관리에 관한 기술지침,domain_specific,field_control,photo_actionable,3,WP-P133-01,인터록 신설/수정/삭제 절차,인터록 신설/수정/삭제 절차,4.2,P-133-2013,present_in_base_ttl_same_guide
ci_unrelated_action_filter1,P-133-2013,화학공장의 인터록 관리에 관한 기술지침,domain_specific,field_control,photo_actionable,4,WP-P133-03,정상운전 시 인터록 우회 절차,정상운전 시 인터록 우회 절차,5.2.2,P-133-2013,present_in_base_ttl_same_guide
ci_unrelated_action_filter1,P-133-2013,화학공장의 인터록 관리에 관한 기술지침,domain_specific,field_control,photo_actionable,5,WP-P133-04,긴급사항 발생 시 인터록 우회 절차,긴급사항 발생 시 인터록 우회 절차,5.2.3,P-133-2013,present_in_base_ttl_same_guide
ci_unrelated_action_filter1,P-134-2013,설비 배치에 관한 기술지침,domain_specific,field_control,photo_actionable,1,WP-P134-02,주풍향 분석 및 풍향별 설비 배치 결정,주풍향 분석 및 풍향별 설비 배치 결정,4.2,P-134-2013,present_in_base_ttl_same_guide
ci_unrelated_action_filter1,P-134-2013,설비 배치에 관한 기술지침,domain_specific,field_control,photo_actionable,2,WP-P134-01,설비 배치 기본 계획 수립,설비 배치 기본 계획 수립,4.1,P-134-2013,present_in_base_ttl_same_guide
ci_unrelated_action_filter1,P-134-2013,설비 배치에 관한 기술지침,domain_specific,field_control,photo_actionable,3,WP-P134-03,공정지역 설비 배치,공정지역 설비 배치,5,P-134-2013,present_in_base_ttl_same_guide
ci_unrelated_action_filter1,P-134-2013,설비 배치에 관한 기술지침,domain_specific,field_control,photo_actionable,4,WP-P134-04,저장지역 설비 배치,저장지역 설비 배치,6,P-134-2013,present_in_base_ttl_same_guide
ci_unrelated_action_filter1,P-134-2013,설비 배치에 관한 기술지침,domain_specific,field_control,photo_actionable,5,WP-P134-05,안전거리 검증 및 적용,안전거리 검증 및 적용,7,P-134-2013,present_in_base_ttl_same_guide
ci_unrelated_action_filter1,P-137-2018,산소감지경보기 등의 설치 및 보수에 관한 기술지침,exclusive,field_control,photo_actionable,1,WP-P137-04,경보 설정 및 성능 확인,경보 설정 및 성능 확인,6.1,P-137-2018,present_in_base_ttl_same_guide
ci_unrelated_action_filter1,P-137-2018,산소감지경보기 등의 설치 및 보수에 관한 기술지침,exclusive,field_control,photo_actionable,2,WP-P137-01,설치장소 선정 및 환경조건 확인,설치장소 선정 및 환경조건 확인,5.1,P-137-2018,present_in_base_ttl_same_guide
ci_unrelated_action_filter1,P-137-2018,산소감지경보기 등의 설치 및 보수에 관한 기술지침,exclusive,field_control,photo_actionable,3,WP-P137-05,교정 실시,교정 실시,7.1,P-137-2018,present_in_base_ttl_same_guide
ci_unrelated_action_filter1,P-137-2018,산소감지경보기 등의 설치 및 보수에 관한 기술지침,exclusive,field_control,photo_actionable,4,WP-P137-33,응답성능(감도) 점검,응답성능(감도) 점검,부록4-2,P-137-2018,present_in_base_ttl_same_guide
ci_unrelated_action_filter1,P-137-2018,산소감지경보기 등의 설치 및 보수에 관한 기술지침,exclusive,field_control,photo_actionable,5,WP-P137-40,기타 검토사항 점검,기타 검토사항 점검,부록4-9,P-137-2018,present_in_base_ttl_same_guide
ci_unrelated_action_filter1,P-137-2018,산소감지경보기 등의 설치 및 보수에 관한 기술지침,exclusive,field_control,photo_actionable,6,WP-P137-34,휴대용 가스감지기 점검,휴대용 가스감지기 점검,부록4-3,P-137-2018,present_in_base_ttl_same_guide
ci_unrelated_action_filter1,P-137-2018,산소감지경보기 등의 설치 및 보수에 관한 기술지침,exclusive,field_control,photo_actionable,7,WP-P137-35,고정용 감지기 점검,고정용 감지기 점검,부록4-4,P-137-2018,present_in_base_ttl_same_guide
ci_unrelated_action_filter1,P-137-2018,산소감지경보기 등의 설치 및 보수에 관한 기술지침,exclusive,field_control,photo_actionable,8,WP-P137-36,예비 점검,예비 점검,부록4-5,P-137-2018,present_in_base_ttl_same_guide
ci_unrelated_action_filter1,P-138-2013,산소 과잉 분위기의 화재 위험성 및 방지대책에 관한 기술지침,exclusive,measurement_analysis,photo_unmatchable,1,WP-P138-05,열간작업 관리,열간작업 관리,5.5,P-138-2013,present_in_base_ttl_same_guide
ci_unrelated_action_filter1,P-138-2013,산소 과잉 분위기의 화재 위험성 및 방지대책에 관한 기술지침,exclusive,measurement_analysis,photo_unmatchable,2,WP-P138-02,산소 시스템 청소 및 시운전,산소 시스템 청소 및 시운전,5.4,P-138-2013,present_in_base_ttl_same_guide
ci_unrelated_action_filter1,P-138-2013,산소 과잉 분위기의 화재 위험성 및 방지대책에 관한 기술지침,exclusive,measurement_analysis,photo_unmatchable,3,WP-P138-03,제한공간 출입 절차,제한공간 출입 절차,5.3,P-138-2013,present_in_base_ttl_same_guide
ci_unrelated_action_filter1,P-138-2013,산소 과잉 분위기의 화재 위험성 및 방지대책에 관한 기술지침,exclusive,measurement_analysis,photo_unmatchable,4,WP-P138-04,산소농도 측정 및 감시,산소농도 측정 및 감시,5.7,P-138-2013,present_in_base_ttl_same_guide
ci_unrelated_action_filter1,P-138-2013,산소 과잉 분위기의 화재 위험성 및 방지대책에 관한 기술지침,exclusive,measurement_analysis,photo_unmatchable,5,WP-P138-06,산소 과잉 노출 후 환기,산소 과잉 노출 후 환기,6.1,P-138-2013,present_in_base_ttl_same_guide
ci_unrelated_action_filter1,P-139-2013,가스용기의 비상조치방법에 관한 기술지침,exclusive,field_control,photo_actionable,1,WP-P139-22,실린더 복구 용기(CRV) 사용,실린더 복구 용기(CRV) 사용,6.2.16,P-139-2013,present_in_base_ttl_same_guide
ci_unrelated_action_filter1,P-139-2013,가스용기의 비상조치방법에 관한 기술지침,exclusive,field_control,photo_actionable,2,WP-P139-03,누출 부위별 현장 조치,누출 부위별 현장 조치,5.2.1,P-139-2013,present_in_base_ttl_same_guide
ci_unrelated_action_filter1,P-139-2013,가스용기의 비상조치방법에 관한 기술지침,exclusive,field_control,photo_actionable,3,WP-P139-13,목 또는 동체 크랙·핀홀 누출 대응,목 또는 동체 크랙·핀홀 누출 대응,6.2.2,P-139-2013,present_in_base_ttl_same_guide
ci_unrelated_action_filter1,P-139-2013,가스용기의 비상조치방법에 관한 기술지침,exclusive,field_control,photo_actionable,4,WP-P139-14,밸브 글랜드 누출 대응,밸브 글랜드 누출 대응,6.2.3,P-139-2013,present_in_base_ttl_same_guide
ci_unrelated_action_filter1,P-139-2013,가스용기의 비상조치방법에 관한 기술지침,exclusive,field_control,photo_actionable,5,WP-P139-18,액화가스 누출률 감소 조치,액화가스 누출률 감소 조치,6.2.12,P-139-2013,present_in_base_ttl_same_guide
ci_unrelated_action_filter1,P-139-2013,가스용기의 비상조치방법에 관한 기술지침,exclusive,field_control,photo_actionable,6,WP-P139-24,비상대응팀 운영 및 사고 보고,비상대응팀 운영 및 사고 보고,7.3,P-139-2013,present_in_base_ttl_same_guide
ci_unrelated_action_filter1,P-139-2013,가스용기의 비상조치방법에 관한 기술지침,exclusive,field_control,photo_actionable,7,WP-P139-01,용기 근처 화재 대응,용기 근처 화재 대응,5.1,P-139-2013,present_in_base_ttl_same_guide
ci_unrelated_action_filter1,P-139-2013,가스용기의 비상조치방법에 관한 기술지침,exclusive,field_control,photo_actionable,8,WP-P139-02,용기 누출 가스 파악 및 초기 대응,용기 누출 가스 파악 및 초기 대응,5.2,P-139-2013,present_in_base_ttl_same_guide
ci_unrelated_action_filter1,P-14-2012,FRP 제조 시 화재폭발 위험관리 기술지침,exclusive,field_control,photo_actionable,1,WP-P14-03,"인화성 액체(아세톤, 톨루엔, 스티렌 등) 취급 및 보관","인화성 액체(아세톤, 톨루엔, 스티렌 등) 취급 및 보관",5.3,P-14-2012,present_in_base_ttl_same_guide
ci_unrelated_action_filter1,P-14-2012,FRP 제조 시 화재폭발 위험관리 기술지침,exclusive,field_control,photo_actionable,2,WP-P14-01,촉매(유기과산화물) 취급 및 보관,촉매(유기과산화물) 취급 및 보관,5.1,P-14-2012,present_in_base_ttl_same_guide
ci_unrelated_action_filter1,P-14-2012,FRP 제조 시 화재폭발 위험관리 기술지침,exclusive,field_control,photo_actionable,3,WP-P14-04,가연성 수지 취급 및 보관,가연성 수지 취급 및 보관,5.4.1,P-14-2012,present_in_base_ttl_same_guide
ci_unrelated_action_filter1,P-14-2012,FRP 제조 시 화재폭발 위험관리 기술지침,exclusive,field_control,photo_actionable,4,WP-P14-05,FRP 성형물 다듬기 작업(가연성 분진 관리),FRP 성형물 다듬기 작업(가연성 분진 관리),5.4.2,P-14-2012,present_in_base_ttl_same_guide
ci_unrelated_action_filter1,P-14-2012,FRP 제조 시 화재폭발 위험관리 기술지침,exclusive,field_control,photo_actionable,5,WP-P14-02,촉진제 취급 및 보관,촉진제 취급 및 보관,5.2,P-14-2012,present_in_base_ttl_same_guide
ci_unrelated_action_filter1,P-142-2014,히드록실아민의 화재폭발 예방에 관한 기술지침,exclusive,field_control,photo_actionable,1,WP-P142-01,철 이온 등의 혼입 방지 조치,철 이온 등의 혼입 방지 조치,5.2,P-142-2014,present_in_base_ttl_same_guide
ci_unrelated_action_filter1,P-142-2014,히드록실아민의 화재폭발 예방에 관한 기술지침,exclusive,field_control,photo_actionable,2,WP-P142-02,철 이온 등의 농도 측정 및 관리,철 이온 등의 농도 측정 및 관리,5.2,P-142-2014,present_in_base_ttl_same_guide
ci_unrelated_action_filter1,P-142-2014,히드록실아민의 화재폭발 예방에 관한 기술지침,exclusive,field_control,photo_actionable,3,WP-P142-03,온도 관리 및 발열 방지,온도 관리 및 발열 방지,5.3,P-142-2014,present_in_base_ttl_same_guide
ci_unrelated_action_filter1,P-142-2014,히드록실아민의 화재폭발 예방에 관한 기술지침,exclusive,field_control,photo_actionable,4,WP-P142-04,가열작업 시 안전조치,가열작업 시 안전조치,5.4,P-142-2014,present_in_base_ttl_same_guide
ci_unrelated_action_filter1,P-142-2014,히드록실아민의 화재폭발 예방에 관한 기술지침,exclusive,field_control,photo_actionable,5,WP-P142-05,저장·보관,저장·보관,6.1,P-142-2014,present_in_base_ttl_same_guide
ci_unrelated_action_filter1,P-143-2014,용해로의 설치 및 유지보수에 관한 기술지침,exclusive,measurement_analysis,photo_unmatchable,1,WP-P143-04,용해작업 및 온도측정·시료채취,용해작업 및 온도측정·시료채취,6.1,P-143-2014,present_in_base_ttl_same_guide
ci_unrelated_action_filter1,P-143-2014,용해로의 설치 및 유지보수에 관한 기술지침,exclusive,measurement_analysis,photo_unmatchable,2,WP-P143-05,출탕 및 경동작업,출탕 및 경동작업,6.1,P-143-2014,present_in_base_ttl_same_guide
ci_unrelated_action_filter1,P-143-2014,용해로의 설치 및 유지보수에 관한 기술지침,exclusive,measurement_analysis,photo_unmatchable,3,WP-P143-01,용해로 설치,용해로 설치,5.1,P-143-2014,present_in_base_ttl_same_guide
ci_unrelated_action_filter1,P-143-2014,용해로의 설치 및 유지보수에 관한 기술지침,exclusive,measurement_analysis,photo_unmatchable,4,WP-P143-02,내화물 축로 및 소결,내화물 축로 및 소결,5.4,P-143-2014,present_in_base_ttl_same_guide
ci_unrelated_action_filter1,P-143-2014,용해로의 설치 및 유지보수에 관한 기술지침,exclusive,measurement_analysis,photo_unmatchable,5,WP-P143-03,장입작업,장입작업,6.1,P-143-2014,present_in_base_ttl_same_guide
ci_unrelated_action_filter1,P-143-2014,용해로의 설치 및 유지보수에 관한 기술지침,exclusive,measurement_analysis,photo_unmatchable,6,WP-P143-06,유지보수 및 내화물 보수,유지보수 및 내화물 보수,7.1,P-143-2014,present_in_base_ttl_same_guide
ci_unrelated_action_filter1,P-144-2014,농산물 및 식료품 공정의 분진 화재·폭발예방에 관한 기술지침,exclusive,field_control,photo_actionable,1,WP-P144-06,저장고·사일로 화재 소화,저장고·사일로 화재 소화,4.5,P-144-2014,present_in_base_ttl_same_guide
ci_unrelated_action_filter1,P-144-2014,농산물 및 식료품 공정의 분진 화재·폭발예방에 관한 기술지침,exclusive,field_control,photo_actionable,2,WP-P144-07,이동식 해상탑 운영 및 비상 고정,이동식 해상탑 운영 및 비상 고정,4.6,P-144-2014,present_in_base_ttl_same_guide
ci_unrelated_action_filter1,P-144-2014,농산물 및 식료품 공정의 분진 화재·폭발예방에 관한 기술지침,exclusive,field_control,photo_actionable,3,WP-P144-25,전분 건조 제분 및 연삭 공정,전분 건조 제분 및 연삭 공정,7.5,P-144-2014,present_in_base_ttl_same_guide
ci_unrelated_action_filter1,P-144-2014,농산물 및 식료품 공정의 분진 화재·폭발예방에 관한 기술지침,exclusive,field_control,photo_actionable,4,WP-P144-36,전분 건조기 설계 및 유지관리,전분 건조기 설계 및 유지관리,8,P-144-2014,present_in_base_ttl_same_guide
ci_unrelated_action_filter1,P-144-2014,농산물 및 식료품 공정의 분진 화재·폭발예방에 관한 기술지침,exclusive,field_control,photo_actionable,5,WP-P144-37,전분 건조기 소화 및 폭발방호설비 설치,전분 건조기 소화 및 폭발방호설비 설치,8,P-144-2014,present_in_base_ttl_same_guide
ci_unrelated_action_filter1,P-148-2015,화학공장 폐수 집수조의 안전조치에 관한 기술지침,exclusive,field_control,photo_actionable,1,WP-P148-01,인화성 증기 배출 설비 설치 및 운영,인화성 증기 배출 설비 설치 및 운영,5.1,P-148-2015,present_in_base_ttl_same_guide
ci_unrelated_action_filter1,P-148-2015,화학공장 폐수 집수조의 안전조치에 관한 기술지침,exclusive,field_control,photo_actionable,2,WP-P148-03,배풍기 고장 시 비상대응,배풍기 고장 시 비상대응,5.1,P-148-2015,present_in_base_ttl_same_guide
ci_unrelated_action_filter1,P-148-2015,화학공장 폐수 집수조의 안전조치에 관한 기술지침,exclusive,field_control,photo_actionable,3,WP-P148-04,화기작업 위험작업허가 절차,화기작업 위험작업허가 절차,5.2,P-148-2015,present_in_base_ttl_same_guide
ci_unrelated_action_filter1,P-149-2016,저장캐비닛의 가스 실린더 보관에 관한 기술지침,exclusive,field_control,photo_actionable,1,WP-P149-02,실린더 분리·보관,실린더 분리·보관,5,P-149-2016,present_in_base_ttl_same_guide
ci_unrelated_action_filter1,P-149-2016,저장캐비닛의 가스 실린더 보관에 관한 기술지침,exclusive,field_control,photo_actionable,2,WP-P149-03,캐비닛 설치 및 가스 보관,캐비닛 설치 및 가스 보관,6,P-149-2016,present_in_base_ttl_same_guide
ci_unrelated_action_filter1,P-149-2016,저장캐비닛의 가스 실린더 보관에 관한 기술지침,exclusive,field_control,photo_actionable,3,WP-P149-04,가스 감시 및 비상차단 체계 운영,가스 감시 및 비상차단 체계 운영,6,P-149-2016,present_in_base_ttl_same_guide
ci_unrelated_action_filter1,P-153-2016,독성가스 취급시설 등의 안전관리에 관한 기술지침,exclusive,risk_method,photo_unmatchable,1,WP-P153-08,개인보호구 선정 및 운영,개인보호구 선정 및 운영,5,P-153-2016,present_in_base_ttl_same_guide
ci_unrelated_action_filter1,P-153-2016,독성가스 취급시설 등의 안전관리에 관한 기술지침,exclusive,risk_method,photo_unmatchable,2,WP-P153-02,본질안전 공정설계,본질안전 공정설계,4,P-153-2016,present_in_base_ttl_same_guide
ci_unrelated_action_filter1,P-153-2016,독성가스 취급시설 등의 안전관리에 관한 기술지침,exclusive,risk_method,photo_unmatchable,3,WP-P153-18,가스감지시설 설치 및 운영,가스감지시설 설치 및 운영,6.5,P-153-2016,present_in_base_ttl_same_guide
ci_unrelated_action_filter1,P-153-2016,독성가스 취급시설 등의 안전관리에 관한 기술지침,exclusive,risk_method,photo_unmatchable,4,WP-P153-01,독성가스 판별 및 분류,독성가스 판별 및 분류,4,P-153-2016,present_in_base_ttl_same_guide
ci_unrelated_action_filter1,P-153-2016,독성가스 취급시설 등의 안전관리에 관한 기술지침,exclusive,risk_method,photo_unmatchable,5,WP-P153-04,시스템 운영 및 자체감사,시스템 운영 및 자체감사,5,P-153-2016,present_in_base_ttl_same_guide
ci_unrelated_action_filter1,P-153-2016,독성가스 취급시설 등의 안전관리에 관한 기술지침,exclusive,risk_method,photo_unmatchable,6,WP-P153-06,교육훈련,교육훈련,5,P-153-2016,present_in_base_ttl_same_guide
ci_unrelated_action_filter1,P-153-2016,독성가스 취급시설 등의 안전관리에 관한 기술지침,exclusive,risk_method,photo_unmatchable,7,WP-P153-09,보호구 유지관리,보호구 유지관리,5,P-153-2016,present_in_base_ttl_same_guide
ci_unrelated_action_filter1,P-153-2016,독성가스 취급시설 등의 안전관리에 관한 기술지침,exclusive,risk_method,photo_unmatchable,8,WP-P153-15,독성가스 저장설비 설치 및 환기,독성가스 저장설비 설치 및 환기,6.3,P-153-2016,present_in_base_ttl_same_guide
ci_unrelated_action_filter1,P-156-2017,하수슬러지 탄화공정의 안전작업에 관한 기술지침,exclusive,field_control,photo_actionable,1,WP-P156-05,탄화물 냉각 및 이송,탄화물 냉각 및 이송,5,P-156-2017,present_in_base_ttl_same_guide
ci_unrelated_action_filter1,P-156-2017,하수슬러지 탄화공정의 안전작업에 관한 기술지침,exclusive,field_control,photo_actionable,2,WP-P156-02,건조 공정,건조 공정,5,P-156-2017,present_in_base_ttl_same_guide
ci_unrelated_action_filter1,P-156-2017,하수슬러지 탄화공정의 안전작업에 관한 기술지침,exclusive,field_control,photo_actionable,3,WP-P156-03,탄화 공정,탄화 공정,5,P-156-2017,present_in_base_ttl_same_guide
ci_unrelated_action_filter1,P-156-2017,하수슬러지 탄화공정의 안전작업에 관한 기술지침,exclusive,field_control,photo_actionable,4,WP-P156-04,열분해가스 연소,열분해가스 연소,5,P-156-2017,present_in_base_ttl_same_guide
ci_unrelated_action_filter1,P-158-2017,장거리 이송배관 안전관리에 관한 기술지침,domain_specific,field_control,photo_actionable,1,WP-P158-10,지상 배관 설치,지상 배관 설치,4.4,P-158-2017,present_in_base_ttl_same_guide
ci_unrelated_action_filter1,P-158-2017,장거리 이송배관 안전관리에 관한 기술지침,domain_specific,field_control,photo_actionable,2,WP-P158-09,지하 배관 설치,지하 배관 설치,4.4,P-158-2017,present_in_base_ttl_same_guide
ci_unrelated_action_filter1,P-158-2017,장거리 이송배관 안전관리에 관한 기술지침,domain_specific,field_control,photo_actionable,3,WP-P158-12,이송배관 표식,이송배관 표식,4.6,P-158-2017,present_in_base_ttl_same_guide
ci_unrelated_action_filter1,P-158-2017,장거리 이송배관 안전관리에 관한 기술지침,domain_specific,field_control,photo_actionable,4,WP-P158-48,운전 중 상시 모니터링,운전 중 상시 모니터링,9,P-158-2017,present_in_base_ttl_same_guide
ci_unrelated_action_filter1,P-158-2017,장거리 이송배관 안전관리에 관한 기술지침,domain_specific,field_control,photo_actionable,5,WP-P158-07,배관 재질 선정,배관 재질 선정,4.3,P-158-2017,present_in_base_ttl_same_guide
ci_unrelated_action_filter1,P-158-2017,장거리 이송배관 안전관리에 관한 기술지침,domain_specific,field_control,photo_actionable,6,WP-P158-11,부식 방지 관리,부식 방지 관리,4.5,P-158-2017,present_in_base_ttl_same_guide
ci_unrelated_action_filter1,P-158-2017,장거리 이송배관 안전관리에 관한 기술지침,domain_specific,field_control,photo_actionable,7,WP-P158-18,이송배관 위험요소 식별,이송배관 위험요소 식별,5.1,P-158-2017,present_in_base_ttl_same_guide
ci_unrelated_action_filter1,P-158-2017,장거리 이송배관 안전관리에 관한 기술지침,domain_specific,field_control,photo_actionable,8,WP-P158-19,사고예방 조치 수립,사고예방 조치 수립,5.2,P-158-2017,present_in_base_ttl_same_guide
ci_unrelated_action_filter1,P-159-2017,산소 및 불활성 기체 대기 벤트 설계에 관한 기술지침,exclusive,document_reference,photo_unmatchable,1,WP-P159-01,벤트 설계 조건 파악,벤트 설계 조건 파악,4.2,P-159-2017,present_in_base_ttl_same_guide
ci_unrelated_action_filter1,P-159-2017,산소 및 불활성 기체 대기 벤트 설계에 관한 기술지침,exclusive,document_reference,photo_unmatchable,2,WP-P159-02,벤트 위치 및 방향 결정,벤트 위치 및 방향 결정,4.3,P-159-2017,present_in_base_ttl_same_guide
ci_unrelated_action_filter1,P-16-2012,반도체 제조설비에서 화재 방지 및 방호 기술지침,exclusive,field_control,photo_actionable,1,WP-P16-01,반도체 제조설비 안전 설치,반도체 제조설비 안전 설치,4.1,P-16-2012,present_in_base_ttl_same_guide
ci_unrelated_action_filter1,P-160-2017,니트로셀룰로오스 저장 및 취급에 관한 기술지침,exclusive,field_control,photo_actionable,1,WP-P160-01,니트로셀룰로오스 저장소 위치 선정 및 격리,니트로셀룰로오스 저장소 위치 선정 및 격리,5.1,P-160-2017,present_in_base_ttl_same_guide
ci_unrelated_action_filter1,P-160-2017,니트로셀룰로오스 저장 및 취급에 관한 기술지침,exclusive,field_control,photo_actionable,2,WP-P160-02,니트로셀룰로오스 발화원 관리 및 접근 통제,니트로셀룰로오스 발화원 관리 및 접근 통제,5.1,P-160-2017,present_in_base_ttl_same_guide
ci_unrelated_action_filter1,P-160-2017,니트로셀룰로오스 저장 및 취급에 관한 기술지침,exclusive,field_control,photo_actionable,3,WP-P160-03,니트로셀룰로오스 운반 및 적재,니트로셀룰로오스 운반 및 적재,5.2,P-160-2017,present_in_base_ttl_same_guide
ci_unrelated_action_filter1,P-160-2017,니트로셀룰로오스 저장 및 취급에 관한 기술지침,exclusive,field_control,photo_actionable,4,WP-P160-04,니트로셀룰로오스 드럼 개방 및 사용,니트로셀룰로오스 드럼 개방 및 사용,5.3,P-160-2017,present_in_base_ttl_same_guide
ci_unrelated_action_filter1,P-160-2017,니트로셀룰로오스 저장 및 취급에 관한 기술지침,exclusive,field_control,photo_actionable,5,WP-P160-06,폐 니트로셀룰로오스 처리,폐 니트로셀룰로오스 처리,6,P-160-2017,present_in_base_ttl_same_guide
ci_unrelated_action_filter1,P-161-2017,폐용제 정제설비의 안전에 관한 기술지침,exclusive,field_control,photo_actionable,1,WP-P161-01,폐용제 수거 및 저장,폐용제 수거 및 저장,4.1,P-161-2017,present_in_base_ttl_same_guide
ci_unrelated_action_filter1,P-161-2017,폐용제 정제설비의 안전에 관한 기술지침,exclusive,field_control,photo_actionable,2,WP-P161-06,용제 저장,용제 저장,5.3,P-161-2017,present_in_base_ttl_same_guide
ci_unrelated_action_filter1,P-161-2017,폐용제 정제설비의 안전에 관한 기술지침,exclusive,field_control,photo_actionable,3,WP-P161-05,정제설비 공정운전,정제설비 공정운전,5.2,P-161-2017,present_in_base_ttl_same_guide
ci_unrelated_action_filter1,P-161-2017,폐용제 정제설비의 안전에 관한 기술지침,exclusive,field_control,photo_actionable,4,WP-P161-07,카본 흡착탑 설치,카본 흡착탑 설치,5.2.1,P-161-2017,present_in_base_ttl_same_guide
ci_unrelated_action_filter1,P-161-2017,폐용제 정제설비의 안전에 관한 기술지침,exclusive,field_control,photo_actionable,5,WP-P161-02,폐용제 취급 및 이송,폐용제 취급 및 이송,4.2.1,P-161-2017,present_in_base_ttl_same_guide
ci_unrelated_action_filter1,P-161-2017,폐용제 정제설비의 안전에 관한 기술지침,exclusive,field_control,photo_actionable,6,WP-P161-04,정제설비 설치 및 구획,정제설비 설치 및 구획,5.1,P-161-2017,present_in_base_ttl_same_guide
ci_unrelated_action_filter1,P-161-2017,폐용제 정제설비의 안전에 관한 기술지침,exclusive,field_control,photo_actionable,7,WP-P161-08,카본 흡착탑 운전,카본 흡착탑 운전,5.2.3,P-161-2017,present_in_base_ttl_same_guide
ci_unrelated_action_filter1,P-161-2017,폐용제 정제설비의 안전에 관한 기술지침,exclusive,field_control,photo_actionable,8,WP-P161-09,카본 흡착탑 가동정지 관리,카본 흡착탑 가동정지 관리,5.2.4,P-161-2017,present_in_base_ttl_same_guide
ci_unrelated_action_filter1,P-162-2017,정유 및 석유화학 산업의 고정식 물분무설비(Water spray system)의 설계 등에 관한 기술지침,exclusive,field_control,photo_actionable,1,WP-P162-21,물분무설비 설계목적 설정,물분무설비 설계목적 설정,6.1,P-162-2017,present_in_base_ttl_same_guide
ci_unrelated_action_filter1,P-162-2017,정유 및 석유화학 산업의 고정식 물분무설비(Water spray system)의 설계 등에 관한 기술지침,exclusive,field_control,photo_actionable,2,WP-P162-33,물분무설비 주수율 산정,물분무설비 주수율 산정,7.1,P-162-2017,present_in_base_ttl_same_guide
ci_unrelated_action_filter1,P-162-2017,정유 및 석유화학 산업의 고정식 물분무설비(Water spray system)의 설계 등에 관한 기술지침,exclusive,field_control,photo_actionable,3,WP-P162-34,열 폭로방지용 주수율 적용,열 폭로방지용 주수율 적용,7.2.1,P-162-2017,present_in_base_ttl_same_guide
ci_unrelated_action_filter1,P-162-2017,정유 및 석유화학 산업의 고정식 물분무설비(Water spray system)의 설계 등에 관한 기술지침,exclusive,field_control,photo_actionable,4,WP-P162-35,연소조절용 주수율 적용,연소조절용 주수율 적용,7.2.2,P-162-2017,present_in_base_ttl_same_guide
ci_unrelated_action_filter1,P-162-2017,정유 및 석유화학 산업의 고정식 물분무설비(Water spray system)의 설계 등에 관한 기술지침,exclusive,field_control,photo_actionable,5,WP-P162-37,펌프용 물분무설비 설치,펌프용 물분무설비 설치,7.3.1,P-162-2017,present_in_base_ttl_same_guide
ci_unrelated_action_filter1,P-162-2017,정유 및 석유화학 산업의 고정식 물분무설비(Water spray system)의 설계 등에 관한 기술지침,exclusive,field_control,photo_actionable,6,WP-P162-36,화재진압용 주수율 적용,화재진압용 주수율 적용,7.2.3,P-162-2017,present_in_base_ttl_same_guide
ci_unrelated_action_filter1,P-164-2018,연구실험용 파일럿플렌트(Pilot plant)의 안전에 관한 기술지침,exclusive,risk_method,photo_unmatchable,1,WP-P164-14,세정작업,세정작업,6.1,P-164-2018,present_in_base_ttl_same_guide
ci_unrelated_action_filter1,P-164-2018,연구실험용 파일럿플렌트(Pilot plant)의 안전에 관한 기술지침,exclusive,risk_method,photo_unmatchable,2,WP-P164-15,기밀테스트,기밀테스트,6.1,P-164-2018,present_in_base_ttl_same_guide
ci_unrelated_action_filter1,P-164-2018,연구실험용 파일럿플렌트(Pilot plant)의 안전에 관한 기술지침,exclusive,risk_method,photo_unmatchable,3,WP-P164-28,예비 시운전 - 기밀 확인 및 가압 테스트,예비 시운전 - 기밀 확인 및 가압 테스트,부록 2,P-164-2018,present_in_base_ttl_same_guide
ci_unrelated_action_filter1,P-164-2018,연구실험용 파일럿플렌트(Pilot plant)의 안전에 관한 기술지침,exclusive,risk_method,photo_unmatchable,4,WP-P164-33,설비 기밀테스트,설비 기밀테스트,부록 2,P-164-2018,present_in_base_ttl_same_guide
ci_unrelated_action_filter1,P-165-2019,인화성물질 상압저장탱크의 안전작업에 관한 기술지침,exclusive,measurement_analysis,photo_actionable,1,WP-P165-10,액면 측정 및 샘플링 작업,액면 측정 및 샘플링 작업,5.1,P-165-2019,present_in_base_ttl_same_guide
ci_unrelated_action_filter1,P-165-2019,인화성물질 상압저장탱크의 안전작업에 관한 기술지침,exclusive,measurement_analysis,photo_actionable,2,WP-P165-11,탱크 간 이송작업,탱크 간 이송작업,5.2,P-165-2019,present_in_base_ttl_same_guide
ci_unrelated_action_filter1,P-165-2019,인화성물질 상압저장탱크의 안전작업에 관한 기술지침,exclusive,measurement_analysis,photo_actionable,3,WP-P165-12,탱크로리 출하(Loading) 작업,탱크로리 출하(Loading) 작업,5.3.2,P-165-2019,present_in_base_ttl_same_guide
ci_unrelated_action_filter1,P-165-2019,인화성물질 상압저장탱크의 안전작업에 관한 기술지침,exclusive,measurement_analysis,photo_actionable,4,WP-P165-13,탱크로리 하역(Unloading) 작업,탱크로리 하역(Unloading) 작업,5.3.3,P-165-2019,present_in_base_ttl_same_guide
ci_unrelated_action_filter1,P-167-2020,화학물질의 취급 및 시료채취 등에 관한 기술지침,exclusive,measurement_analysis,photo_unmatchable,1,WP-P167-04,물반응성 물질 및 인화성 고체 취급,물반응성 물질 및 인화성 고체 취급,6.2,P-167-2020,present_in_base_ttl_same_guide
ci_unrelated_action_filter1,P-167-2020,화학물질의 취급 및 시료채취 등에 관한 기술지침,exclusive,measurement_analysis,photo_unmatchable,2,WP-P167-06,산화성 물질 취급,산화성 물질 취급,6.4,P-167-2020,present_in_base_ttl_same_guide
ci_unrelated_action_filter1,P-167-2020,화학물질의 취급 및 시료채취 등에 관한 기술지침,exclusive,measurement_analysis,photo_unmatchable,3,WP-P167-07,경구 및 흡입 독성물질 취급,경구 및 흡입 독성물질 취급,6.5,P-167-2020,present_in_base_ttl_same_guide
ci_unrelated_action_filter1,P-167-2020,화학물질의 취급 및 시료채취 등에 관한 기술지침,exclusive,measurement_analysis,photo_unmatchable,4,WP-P167-01,화학물질 취급 사전 준비,화학물질 취급 사전 준비,4,P-167-2020,present_in_base_ttl_same_guide
ci_unrelated_action_filter1,P-167-2020,화학물질의 취급 및 시료채취 등에 관한 기술지침,exclusive,measurement_analysis,photo_unmatchable,5,WP-P167-02,시료채취 작업,시료채취 작업,5,P-167-2020,present_in_base_ttl_same_guide
ci_unrelated_action_filter1,P-167-2020,화학물질의 취급 및 시료채취 등에 관한 기술지침,exclusive,measurement_analysis,photo_unmatchable,6,WP-P167-08,경피 독성물질 취급,경피 독성물질 취급,6.6,P-167-2020,present_in_base_ttl_same_guide
ci_unrelated_action_filter1,P-167-2020,화학물질의 취급 및 시료채취 등에 관한 기술지침,exclusive,measurement_analysis,photo_unmatchable,7,WP-P167-09,부식성 및 자극성 물질 취급,부식성 및 자극성 물질 취급,6.7,P-167-2020,present_in_base_ttl_same_guide
ci_unrelated_action_filter1,P-17-2012,침지탱크의 작업안전 관리 기술지침,exclusive,field_control,photo_actionable,1,WP-P17-03,침지 및 코팅 작업 수행,침지 및 코팅 작업 수행,5,P-17-2012,present_in_base_ttl_same_guide
ci_unrelated_action_filter1,P-17-2012,침지탱크의 작업안전 관리 기술지침,exclusive,field_control,photo_actionable,2,WP-P17-05,인화성/가연성 액체 취급 작업,인화성/가연성 액체 취급 작업,6,P-17-2012,present_in_base_ttl_same_guide
ci_unrelated_action_filter1,P-17-2012,침지탱크의 작업안전 관리 기술지침,exclusive,field_control,photo_actionable,3,WP-P17-01,침지탱크 및 부속설비 설치,침지탱크 및 부속설비 설치,4,P-17-2012,present_in_base_ttl_same_guide
ci_unrelated_action_filter1,P-17-2012,침지탱크의 작업안전 관리 기술지침,exclusive,field_control,photo_actionable,4,WP-P17-02,침지/코팅 작업 전 점검,침지/코팅 작업 전 점검,5,P-17-2012,present_in_base_ttl_same_guide
ci_unrelated_action_filter1,P-17-2012,침지탱크의 작업안전 관리 기술지침,exclusive,field_control,photo_actionable,5,WP-P17-06,침지탱크 내부 청소,침지탱크 내부 청소,5,P-17-2012,present_in_base_ttl_same_guide
ci_unrelated_action_filter1,P-170-2021,산소 배관 및 배관설비에 관한 기술지침,exclusive,field_control,photo_actionable,1,WP-P170-34,절연 연결부 설치,절연 연결부 설치,5.4.8,P-170-2021,present_in_base_ttl_same_guide
ci_unrelated_action_filter1,P-170-2021,산소 배관 및 배관설비에 관한 기술지침,exclusive,field_control,photo_actionable,2,WP-P170-43,내압시험,내압시험,6.3.3,P-170-2021,present_in_base_ttl_same_guide
ci_unrelated_action_filter1,P-171-2021,자동버너 제어설비의 안전에 관한 기술지침,exclusive,field_control,photo_actionable,1,WP-P171-07,시동 시퀀스 (프로그램 실행),시동 시퀀스 (프로그램 실행),4.2,P-171-2021,present_in_base_ttl_same_guide
ci_unrelated_action_filter1,P-171-2021,자동버너 제어설비의 안전에 관한 기술지침,exclusive,field_control,photo_actionable,2,WP-P171-08,안전작동 확인 (공기 흐름 감시),안전작동 확인 (공기 흐름 감시),4.2,P-171-2021,present_in_base_ttl_same_guide
ci_unrelated_action_filter1,P-171-2021,자동버너 제어설비의 안전에 관한 기술지침,exclusive,field_control,photo_actionable,3,WP-P171-26,일시적 작동 시스템 결함 평가,일시적 작동 시스템 결함 평가,5,P-171-2021,present_in_base_ttl_same_guide
ci_unrelated_action_filter1,P-171-2021,자동버너 제어설비의 안전에 관한 기술지침,exclusive,field_control,photo_actionable,4,WP-P171-09,불꽃 소화 대응,불꽃 소화 대응,4.2,P-171-2021,present_in_base_ttl_same_guide
ci_unrelated_action_filter1,P-171-2021,자동버너 제어설비의 안전에 관한 기술지침,exclusive,field_control,photo_actionable,5,WP-P171-10,재순환,재순환,4.2,P-171-2021,present_in_base_ttl_same_guide
ci_unrelated_action_filter1,P-171-2021,자동버너 제어설비의 안전에 관한 기술지침,exclusive,field_control,photo_actionable,6,WP-P171-27,지속적 작동 시스템 결함 평가,지속적 작동 시스템 결함 평가,5,P-171-2021,present_in_base_ttl_same_guide
ci_unrelated_action_filter1,P-171-2021,자동버너 제어설비의 안전에 관한 기술지침,exclusive,field_control,photo_actionable,7,WP-P171-28,잠금 또는 안전 차단 중 결함 평가,잠금 또는 안전 차단 중 결함 평가,5,P-171-2021,present_in_base_ttl_same_guide
ci_unrelated_action_filter1,P-173-2021,수소 취급설비의 안전에 관한 기술지침,exclusive,field_control,photo_actionable,1,WP-P173-24,불활성가스 치환 (퍼징),불활성가스 치환 (퍼징),7.3.2,P-173-2021,present_in_base_ttl_same_guide
ci_unrelated_action_filter1,P-173-2021,수소 취급설비의 안전에 관한 기술지침,exclusive,field_control,photo_actionable,2,WP-P173-25,기밀점검 및 누설 방지,기밀점검 및 누설 방지,7.3.2,P-173-2021,present_in_base_ttl_same_guide
ci_unrelated_action_filter1,P-173-2021,수소 취급설비의 안전에 관한 기술지침,exclusive,field_control,photo_actionable,3,WP-P173-27,냉각(cool-down),냉각(cool-down),7.4.4,P-173-2021,present_in_base_ttl_same_guide
ci_unrelated_action_filter1,P-173-2021,수소 취급설비의 안전에 관한 기술지침,exclusive,field_control,photo_actionable,4,WP-P173-28,수소 운송,수소 운송,7.4.5,P-173-2021,present_in_base_ttl_same_guide
ci_unrelated_action_filter1,P-173-2021,수소 취급설비의 안전에 관한 기술지침,exclusive,field_control,photo_actionable,5,WP-P173-29,수소 지장 및 충전 작업,수소 지장 및 충전 작업,7.4.6,P-173-2021,present_in_base_ttl_same_guide
ci_unrelated_action_filter1,P-173-2021,수소 취급설비의 안전에 관한 기술지침,exclusive,field_control,photo_actionable,6,WP-P173-31,수소 화재 소방 대응,수소 화재 소방 대응,7.4.8,P-173-2021,present_in_base_ttl_same_guide
ci_unrelated_action_filter1,P-173-2021,수소 취급설비의 안전에 관한 기술지침,exclusive,field_control,photo_actionable,7,WP-P173-32,액체 누출 대응,액체 누출 대응,7.4.8,P-173-2021,present_in_base_ttl_same_guide
ci_unrelated_action_filter1,P-178-2022,수소 분리 및 정제를 위한 압력변환흡착(PSA) 시스템의 안전에 관한 기술지침,exclusive,field_control,photo_actionable,1,WP-P178-01,PSA시스템 질소 퍼지 작업,PSA시스템 질소 퍼지 작업,5.3.6,P-178-2022,present_in_base_ttl_same_guide
ci_unrelated_action_filter1,P-178-2022,수소 분리 및 정제를 위한 압력변환흡착(PSA) 시스템의 안전에 관한 기술지침,exclusive,field_control,photo_actionable,2,WP-P178-02,PSA시스템 가동개시 전 준비,PSA시스템 가동개시 전 준비,5.3.6,P-178-2022,present_in_base_ttl_same_guide
ci_unrelated_action_filter1,P-178-2022,수소 분리 및 정제를 위한 압력변환흡착(PSA) 시스템의 안전에 관한 기술지침,exclusive,field_control,photo_actionable,3,WP-P178-05,강도시험 수행,강도시험 수행,5.3.7.3.2,P-178-2022,present_in_base_ttl_same_guide
ci_unrelated_action_filter1,P-178-2022,수소 분리 및 정제를 위한 압력변환흡착(PSA) 시스템의 안전에 관한 기술지침,exclusive,field_control,photo_actionable,4,WP-P178-07,컨테이너 환기시험 수행,컨테이너 환기시험 수행,5.3.7.3.4,P-178-2022,present_in_base_ttl_same_guide
ci_unrelated_action_filter1,P-178-2022,수소 분리 및 정제를 위한 압력변환흡착(PSA) 시스템의 안전에 관한 기술지침,exclusive,field_control,photo_actionable,5,WP-P178-08,비파괴검사 수행,비파괴검사 수행,5.3.7.1,P-178-2022,present_in_base_ttl_same_guide
ci_unrelated_action_filter1,P-179-2022,혼합가스의 폭발성 여부 판정 및 폭발하한계 산정에 관한 기술지침,domain_specific,field_control,photo_actionable,1,WP-P179-07,ISO 10156 계산 1~3단계 - 물성치 정리 및 폭발성 판단 (산화제 미포함),ISO 10156 계산 1~3단계 - 물성치 정리 및 폭발성 판단 (산화제 미포함),5.2.2,P-179-2022,present_in_base_ttl_same_guide
ci_unrelated_action_filter1,P-179-2022,혼합가스의 폭발성 여부 판정 및 폭발하한계 산정에 관한 기술지침,domain_specific,field_control,photo_actionable,2,WP-P179-09,산화제 포함 혼합가스 1~4단계 - 자료 정리 및 일반화,산화제 포함 혼합가스 1~4단계 - 자료 정리 및 일반화,5.3.2,P-179-2022,present_in_base_ttl_same_guide
ci_unrelated_action_filter1,P-179-2022,혼합가스의 폭발성 여부 판정 및 폭발하한계 산정에 관한 기술지침,domain_specific,field_control,photo_actionable,3,WP-P179-08,ISO 10156 계산 4~7단계 - 폭발하한계 산정 (산화제 미포함),ISO 10156 계산 4~7단계 - 폭발하한계 산정 (산화제 미포함),5.2.2,P-179-2022,present_in_base_ttl_same_guide
ci_unrelated_action_filter1,P-179-2022,혼합가스의 폭발성 여부 판정 및 폭발하한계 산정에 관한 기술지침,domain_specific,field_control,photo_actionable,4,WP-P179-12,산화제 포함 혼합가스 12~15단계 - 폭발하한계 최종 산정,산화제 포함 혼합가스 12~15단계 - 폭발하한계 최종 산정,5.3.2,P-179-2022,present_in_base_ttl_same_guide
ci_unrelated_action_filter1,P-179-2022,혼합가스의 폭발성 여부 판정 및 폭발하한계 산정에 관한 기술지침,domain_specific,field_control,photo_actionable,5,WP-P179-06,르사틀리에 공식을 이용한 폭발하한계 산정,르사틀리에 공식을 이용한 폭발하한계 산정,5.2.1,P-179-2022,present_in_base_ttl_same_guide
ci_unrelated_action_filter1,P-179-2022,혼합가스의 폭발성 여부 판정 및 폭발하한계 산정에 관한 기술지침,domain_specific,field_control,photo_actionable,6,WP-P179-10,산화제 포함 혼합가스 5~8단계 - 인화성 판단,산화제 포함 혼합가스 5~8단계 - 인화성 판단,5.3.2,P-179-2022,present_in_base_ttl_same_guide
ci_unrelated_action_filter1,P-179-2022,혼합가스의 폭발성 여부 판정 및 폭발하한계 산정에 관한 기술지침,domain_specific,field_control,photo_actionable,7,WP-P179-11,산화제 포함 혼합가스 9~11단계 - 산화성·폭발성 판단,산화제 포함 혼합가스 9~11단계 - 산화성·폭발성 판단,5.3.2,P-179-2022,present_in_base_ttl_same_guide
ci_unrelated_action_filter1,P-18-2012,인화성 물질의 누출에 대한 안전조치 기술지침,exclusive,field_control,photo_actionable,1,WP-P18-12,물리적 발견의 초기 대응,물리적 발견의 초기 대응,5.2,P-18-2012,present_in_base_ttl_same_guide
ci_unrelated_action_filter1,P-18-2012,인화성 물질의 누출에 대한 안전조치 기술지침,exclusive,field_control,photo_actionable,2,WP-P18-46,지하(실) 휘발성 액체 제거,지하(실) 휘발성 액체 제거,9.2,P-18-2012,present_in_base_ttl_same_guide
ci_unrelated_action_filter1,P-18-2012,인화성 물질의 누출에 대한 안전조치 기술지침,exclusive,field_control,photo_actionable,3,WP-P18-14,위험 지역 출입 및 환기,위험 지역 출입 및 환기,5.4,P-18-2012,present_in_base_ttl_same_guide
ci_unrelated_action_filter1,P-18-2012,인화성 물질의 누출에 대한 안전조치 기술지침,exclusive,field_control,photo_actionable,4,WP-P18-28,부지 주변 지역 및 대지 조사,부지 주변 지역 및 대지 조사,6.2,P-18-2012,present_in_base_ttl_same_guide
ci_unrelated_action_filter1,P-18-2012,인화성 물질의 누출에 대한 안전조치 기술지침,exclusive,field_control,photo_actionable,5,WP-P18-35,지하저장탱크 기밀시험,지하저장탱크 기밀시험,7.4,P-18-2012,present_in_base_ttl_same_guide
ci_unrelated_action_filter1,P-18-2012,인화성 물질의 누출에 대한 안전조치 기술지침,exclusive,field_control,photo_actionable,6,WP-P18-44,잠재적 액체 흐름 경로 파악,잠재적 액체 흐름 경로 파악,8.2,P-18-2012,present_in_base_ttl_same_guide
ci_unrelated_action_filter1,P-18-2012,인화성 물질의 누출에 대한 안전조치 기술지침,exclusive,field_control,photo_actionable,7,WP-P18-48,지하(실) 비휘발성 액체 제거,지하(실) 비휘발성 액체 제거,9.2,P-18-2012,present_in_base_ttl_same_guide
ci_unrelated_action_filter1,P-180-2023,폐합성수지 열분해 공정의 안전관리에 관한 기술지침,exclusive,field_control,photo_actionable,1,WP-P180-03,열분해,열분해,4.1,P-180-2023,present_in_base_ttl_same_guide
ci_unrelated_action_filter1,P-180-2023,폐합성수지 열분해 공정의 안전관리에 관한 기술지침,exclusive,field_control,photo_actionable,2,WP-P180-04,열분해가스 응축,열분해가스 응축,4.1,P-180-2023,present_in_base_ttl_same_guide
ci_unrelated_action_filter1,P-180-2023,폐합성수지 열분해 공정의 안전관리에 관한 기술지침,exclusive,field_control,photo_actionable,3,WP-P180-06,열분해유 후처리(증류 등),열분해유 후처리(증류 등),4.1,P-180-2023,present_in_base_ttl_same_guide
ci_unrelated_action_filter1,P-180-2023,폐합성수지 열분해 공정의 안전관리에 관한 기술지침,exclusive,field_control,photo_actionable,4,WP-P180-07,열분해유 저장,열분해유 저장,4.1,P-180-2023,present_in_base_ttl_same_guide
ci_unrelated_action_filter1,P-180-2023,폐합성수지 열분해 공정의 안전관리에 관한 기술지침,exclusive,field_control,photo_actionable,5,WP-P180-01,폐합성수지 투입,폐합성수지 투입,4.1,P-180-2023,present_in_base_ttl_same_guide
ci_unrelated_action_filter1,P-180-2023,폐합성수지 열분해 공정의 안전관리에 관한 기술지침,exclusive,field_control,photo_actionable,6,WP-P180-02,가열기 점화 및 가열,가열기 점화 및 가열,4.1,P-180-2023,present_in_base_ttl_same_guide
ci_unrelated_action_filter1,P-2-2012,저장탱크 과충전방지에 관한 기술지침,exclusive,field_control,photo_actionable,1,WP-P2-05,과충전 방지설비 유지관리,과충전 방지설비 유지관리,5.1,P-2-2012,present_in_base_ttl_same_guide
ci_unrelated_action_filter1,P-21-2010,불산 취급공정의 안전에 관한 기술지침,exclusive,measurement_analysis,photo_unmatchable,1,WP-P21-01,불산 압송 작업,불산 압송 작업,5.2,P-21-2010,present_in_base_ttl_same_guide
ci_unrelated_action_filter1,P-21-2010,불산 취급공정의 안전에 관한 기술지침,exclusive,measurement_analysis,photo_unmatchable,2,WP-P21-02,불산 시료 채취 작업,불산 시료 채취 작업,5.8,P-21-2010,present_in_base_ttl_same_guide
ci_unrelated_action_filter1,P-21-2010,불산 취급공정의 안전에 관한 기술지침,exclusive,measurement_analysis,photo_unmatchable,3,WP-P21-03,개인보호구 등급 선정 및 착용,개인보호구 등급 선정 및 착용,6.2,P-21-2010,present_in_base_ttl_same_guide
ci_unrelated_action_filter1,P-21-2010,불산 취급공정의 안전에 관한 기술지침,exclusive,measurement_analysis,photo_unmatchable,4,WP-P21-04,불산 취급장소 입·퇴실 절차,불산 취급장소 입·퇴실 절차,8,P-21-2010,present_in_base_ttl_same_guide
ci_unrelated_action_filter1,P-21-2010,불산 취급공정의 안전에 관한 기술지침,exclusive,measurement_analysis,photo_unmatchable,5,WP-P21-08,사용 후 개인보호구 중화·세척,사용 후 개인보호구 중화·세척,6.4,P-21-2010,present_in_base_ttl_same_guide
ci_unrelated_action_filter1,P-22-2012,드라이크리닝 공정의 안전관리 기술지침,exclusive,field_control,photo_actionable,1,WP-P22-01,용제 저장 및 취급,용제 저장 및 취급,5.3.1,P-22-2012,present_in_base_ttl_same_guide
ci_unrelated_action_filter1,P-22-2012,드라이크리닝 공정의 안전관리 기술지침,exclusive,field_control,photo_actionable,2,WP-P22-02,용제 이송,용제 이송,5.3.2,P-22-2012,present_in_base_ttl_same_guide
ci_unrelated_action_filter1,P-22-2012,드라이크리닝 공정의 안전관리 기술지침,exclusive,field_control,photo_actionable,3,WP-P22-03,드라이크리닝 기계 운전,드라이크리닝 기계 운전,4.1.4,P-22-2012,present_in_base_ttl_same_guide
ci_unrelated_action_filter1,P-22-2012,드라이크리닝 공정의 안전관리 기술지침,exclusive,field_control,photo_actionable,4,WP-P22-04,증류 및 용제 회수,증류 및 용제 회수,4.1.5,P-22-2012,present_in_base_ttl_same_guide
ci_unrelated_action_filter1,P-22-2012,드라이크리닝 공정의 안전관리 기술지침,exclusive,field_control,photo_actionable,5,WP-P22-06,유지보수 및 관리,유지보수 및 관리,4.4,P-22-2012,present_in_base_ttl_same_guide
ci_unrelated_action_filter1,P-24-2012,탄화수소 상압저장탱크의 연마작업 시 폭발방지를 위한 안전작업 기술지침,exclusive,field_control,photo_actionable,1,WP-P24-05,증기 방출 제어 및 화재 예방 조치,증기 방출 제어 및 화재 예방 조치,7.3,P-24-2012,present_in_base_ttl_same_guide
ci_unrelated_action_filter1,P-24-2012,탄화수소 상압저장탱크의 연마작업 시 폭발방지를 위한 안전작업 기술지침,exclusive,field_control,photo_actionable,2,WP-P24-06,연마제 분사작업 실시,연마제 분사작업 실시,7.6.1,P-24-2012,present_in_base_ttl_same_guide
ci_unrelated_action_filter1,P-24-2012,탄화수소 상압저장탱크의 연마작업 시 폭발방지를 위한 안전작업 기술지침,exclusive,field_control,photo_actionable,3,WP-P24-07,탱크 동체 외측 연마제 분사작업,탱크 동체 외측 연마제 분사작업,7.7.1,P-24-2012,present_in_base_ttl_same_guide
ci_unrelated_action_filter1,P-24-2012,탄화수소 상압저장탱크의 연마작업 시 폭발방지를 위한 안전작업 기술지침,exclusive,field_control,photo_actionable,4,WP-P24-08,FRT 동체 내측 연마제 분사작업,FRT 동체 내측 연마제 분사작업,7.8,P-24-2012,present_in_base_ttl_same_guide
ci_unrelated_action_filter1,P-25-2012,화재방지를 위한 방화벽 및 방화방벽설치에 관한 기술지침,domain_specific,field_control,photo_actionable,1,WP-P25-03,관통부 밀봉 및 개구부 보호,관통부 밀봉 및 개구부 보호,5.2,P-25-2012,present_in_base_ttl_same_guide
ci_unrelated_action_filter1,P-25-2012,화재방지를 위한 방화벽 및 방화방벽설치에 관한 기술지침,domain_specific,field_control,photo_actionable,2,WP-P25-04,방화 댐퍼 및 HVAC 관통부 설치,방화 댐퍼 및 HVAC 관통부 설치,5.3.2,P-25-2012,present_in_base_ttl_same_guide
ci_unrelated_action_filter1,P-25-2012,화재방지를 위한 방화벽 및 방화방벽설치에 관한 기술지침,domain_specific,field_control,photo_actionable,3,WP-P25-05,외부 방호 설치,외부 방호 설치,6,P-25-2012,present_in_base_ttl_same_guide
ci_unrelated_action_filter1,P-25-2012,화재방지를 위한 방화벽 및 방화방벽설치에 관한 기술지침,domain_specific,field_control,photo_actionable,4,WP-P25-01,방화벽 설계 및 구조 계획,방화벽 설계 및 구조 계획,4,P-25-2012,present_in_base_ttl_same_guide
ci_unrelated_action_filter1,P-25-2012,화재방지를 위한 방화벽 및 방화방벽설치에 관한 기술지침,domain_specific,field_control,photo_actionable,5,WP-P25-02,방화벽 본체 설치,방화벽 본체 설치,5.1,P-25-2012,present_in_base_ttl_same_guide
ci_unrelated_action_filter1,P-26-2012,인화성 액체의 혼합작업에 관한 기술지침,exclusive,field_control,photo_actionable,1,WP-P26-02,혼합실 시공 및 구조 설치,혼합실 시공 및 구조 설치,5.1.2,P-26-2012,present_in_base_ttl_same_guide
ci_unrelated_action_filter1,P-26-2012,인화성 액체의 혼합작업에 관한 기술지침,exclusive,field_control,photo_actionable,2,WP-P26-06,인화성 액체 혼합작업 실시,인화성 액체 혼합작업 실시,5.2,P-26-2012,present_in_base_ttl_same_guide
ci_unrelated_action_filter1,P-26-2012,인화성 액체의 혼합작업에 관한 기술지침,exclusive,field_control,photo_actionable,3,WP-P26-01,혼합실 위치 선정,혼합실 위치 선정,5.1.2,P-26-2012,present_in_base_ttl_same_guide
ci_unrelated_action_filter1,P-26-2012,인화성 액체의 혼합작업에 관한 기술지침,exclusive,field_control,photo_actionable,4,WP-P26-03,설비 설치 및 안전장치 적용,설비 설치 및 안전장치 적용,5.2,P-26-2012,present_in_base_ttl_same_guide
ci_unrelated_action_filter1,P-27-2012,폐용제 회수작업에 관한 기술지침,exclusive,field_control,photo_actionable,1,WP-P27-04,탄소층 흡수(용제 포집),탄소층 흡수(용제 포집),4.2,P-27-2012,present_in_base_ttl_same_guide
ci_unrelated_action_filter1,P-28-2012,선박용기에서 가스위험 제어를 위한 안전관리 기술지침,exclusive,measurement_analysis,photo_unmatchable,1,WP-P28-04,열 작업 안전 확인,열 작업 안전 확인,4.3.3,P-28-2012,present_in_base_ttl_same_guide
ci_unrelated_action_filter1,P-28-2012,선박용기에서 가스위험 제어를 위한 안전관리 기술지침,exclusive,measurement_analysis,photo_unmatchable,2,WP-P28-03,안전 지시 및 조건 설정,안전 지시 및 조건 설정,4.3.1,P-28-2012,present_in_base_ttl_same_guide
ci_unrelated_action_filter1,P-28-2012,선박용기에서 가스위험 제어를 위한 안전관리 기술지침,exclusive,measurement_analysis,photo_unmatchable,3,WP-P28-05,불활성화,불활성화,4.3.5,P-28-2012,present_in_base_ttl_same_guide
ci_unrelated_action_filter1,P-28-2012,선박용기에서 가스위험 제어를 위한 안전관리 기술지침,exclusive,measurement_analysis,photo_unmatchable,4,WP-P28-06,탱크선박 청소,탱크선박 청소,5.1,P-28-2012,present_in_base_ttl_same_guide
ci_unrelated_action_filter1,P-28-2012,선박용기에서 가스위험 제어를 위한 안전관리 기술지침,exclusive,measurement_analysis,photo_unmatchable,5,WP-P28-10,초저온 인화성 액체 운반선 작업,초저온 인화성 액체 운반선 작업,7.1,P-28-2012,present_in_base_ttl_same_guide
ci_unrelated_action_filter1,P-28-2012,선박용기에서 가스위험 제어를 위한 안전관리 기술지침,exclusive,measurement_analysis,photo_unmatchable,6,WP-P28-07,전기용접 준비,전기용접 준비,5.4,P-28-2012,present_in_base_ttl_same_guide
ci_unrelated_action_filter1,P-28-2012,선박용기에서 가스위험 제어를 위한 안전관리 기술지침,exclusive,measurement_analysis,photo_unmatchable,7,WP-P28-08,지정 정박구역 이용,지정 정박구역 이용,5.5,P-28-2012,present_in_base_ttl_same_guide
ci_unrelated_action_filter1,P-28-2012,선박용기에서 가스위험 제어를 위한 안전관리 기술지침,exclusive,measurement_analysis,photo_unmatchable,8,WP-P28-09,대량 화학물질 운반 탱크선박 작업,대량 화학물질 운반 탱크선박 작업,6.1,P-28-2012,present_in_base_ttl_same_guide
ci_unrelated_action_filter1,P-3-2012,소형탱크 세정작업을 위한 안전에 관한 기술지침,exclusive,measurement_analysis,photo_unmatchable,1,WP-P3-03,공기 퍼지에 의한 인화성 증기 제거,공기 퍼지에 의한 인화성 증기 제거,6.2.2,P-3-2012,present_in_base_ttl_same_guide
ci_unrelated_action_filter1,P-3-2012,소형탱크 세정작업을 위한 안전에 관한 기술지침,exclusive,measurement_analysis,photo_unmatchable,2,WP-P3-05,용기 내부 불활성화,용기 내부 불활성화,6.3,P-3-2012,present_in_base_ttl_same_guide
ci_unrelated_action_filter1,P-3-2012,소형탱크 세정작업을 위한 안전에 관한 기술지침,exclusive,measurement_analysis,photo_unmatchable,3,WP-P3-02,물 퍼지에 의한 인화성 증기 제거,물 퍼지에 의한 인화성 증기 제거,6.2.1,P-3-2012,present_in_base_ttl_same_guide
ci_unrelated_action_filter1,P-3-2012,소형탱크 세정작업을 위한 안전에 관한 기술지침,exclusive,measurement_analysis,photo_unmatchable,4,WP-P3-04,불활성 가스 및 스팀 퍼지에 의한 인화성 증기 제거,불활성 가스 및 스팀 퍼지에 의한 인화성 증기 제거,6.2.3,P-3-2012,present_in_base_ttl_same_guide
ci_unrelated_action_filter1,P-3-2012,소형탱크 세정작업을 위한 안전에 관한 기술지침,exclusive,measurement_analysis,photo_unmatchable,5,WP-P3-07,세정 확인절차,세정 확인절차,7,P-3-2012,present_in_base_ttl_same_guide
ci_unrelated_action_filter1,P-3-2012,소형탱크 세정작업을 위한 안전에 관한 기술지침,exclusive,measurement_analysis,photo_unmatchable,6,WP-P3-06,액체·고체 잔유물 제거,액체·고체 잔유물 제거,6.4,P-3-2012,present_in_base_ttl_same_guide
ci_unrelated_action_filter1,P-30-2021,수소충전소의 안전에 관한 기술지침,exclusive,field_control,photo_actionable,1,WP-P30-01,수소충전소 설계 및 위치 선정,수소충전소 설계 및 위치 선정,4.1,P-30-2021,present_in_base_ttl_same_guide
ci_unrelated_action_filter1,P-30-2021,수소충전소의 안전에 관한 기술지침,exclusive,field_control,photo_actionable,2,WP-P30-02,안전거리 확보,안전거리 확보,4.2,P-30-2021,present_in_base_ttl_same_guide
ci_unrelated_action_filter1,P-30-2021,수소충전소의 안전에 관한 기술지침,exclusive,field_control,photo_actionable,3,WP-P30-05,화재감지기 설치,화재감지기 설치,5.5,P-30-2021,present_in_base_ttl_same_guide
ci_unrelated_action_filter1,P-30-2021,수소충전소의 안전에 관한 기술지침,exclusive,field_control,photo_actionable,4,WP-P30-06,긴급차단장치 설치,긴급차단장치 설치,5.6,P-30-2021,present_in_base_ttl_same_guide
ci_unrelated_action_filter1,P-31-2012,인화성 액체 이송용 탱크 차량의 안전에 관한 기술지침,exclusive,field_control,photo_actionable,1,WP-P31-10,카고 탱크 압력시험,카고 탱크 압력시험,4.5,P-31-2012,present_in_base_ttl_same_guide
ci_unrelated_action_filter1,P-31-2012,인화성 액체 이송용 탱크 차량의 안전에 관한 기술지침,exclusive,field_control,photo_actionable,2,WP-P31-32,아스팔트 탱크차량 버너 운전,아스팔트 탱크차량 버너 운전,5.4,P-31-2012,present_in_base_ttl_same_guide
ci_unrelated_action_filter1,P-31-2012,인화성 액체 이송용 탱크 차량의 안전에 관한 기술지침,exclusive,field_control,photo_actionable,3,WP-P31-41,탱크차량 적재 전 준비,탱크차량 적재 전 준비,8.2,P-31-2012,present_in_base_ttl_same_guide
ci_unrelated_action_filter1,P-31-2012,인화성 액체 이송용 탱크 차량의 안전에 관한 기술지침,exclusive,field_control,photo_actionable,4,WP-P31-06,카고 탱크 재질 선정,카고 탱크 재질 선정,4.3.1,P-31-2012,present_in_base_ttl_same_guide
ci_unrelated_action_filter1,P-31-2012,인화성 액체 이송용 탱크 차량의 안전에 관한 기술지침,exclusive,field_control,photo_actionable,5,WP-P31-07,카고 탱크 동체·경관·방해관 두께 결정,카고 탱크 동체·경관·방해관 두께 결정,4.3.2,P-31-2012,present_in_base_ttl_same_guide
ci_unrelated_action_filter1,P-31-2012,인화성 액체 이송용 탱크 차량의 안전에 관한 기술지침,exclusive,field_control,photo_actionable,6,WP-P31-09,비상방출 제어장치 설치,비상방출 제어장치 설치,4.4.1,P-31-2012,present_in_base_ttl_same_guide
ci_unrelated_action_filter1,P-31-2012,인화성 액체 이송용 탱크 차량의 안전에 관한 기술지침,exclusive,field_control,photo_actionable,7,WP-P31-31,아스팔트 적재 준비,아스팔트 적재 준비,5.1,P-31-2012,present_in_base_ttl_same_guide
ci_unrelated_action_filter1,P-31-2012,인화성 액체 이송용 탱크 차량의 안전에 관한 기술지침,exclusive,field_control,photo_actionable,8,WP-P31-42,상부 적재 작업,상부 적재 작업,8.2,P-31-2012,present_in_base_ttl_same_guide
ci_unrelated_action_filter1,P-32-2012,산소공급설비의 안전기술지침,exclusive,field_control,photo_actionable,1,WP-P32-01,산소공급설비 배치 및 이격거리 확보,산소공급설비 배치 및 이격거리 확보,4,P-32-2012,present_in_base_ttl_same_guide
ci_unrelated_action_filter1,P-32-2012,산소공급설비의 안전기술지침,exclusive,field_control,photo_actionable,2,WP-P32-03,배관 시스템 설치,배관 시스템 설치,5.2,P-32-2012,present_in_base_ttl_same_guide
ci_unrelated_action_filter1,P-32-2012,산소공급설비의 안전기술지침,exclusive,field_control,photo_actionable,3,WP-P32-04,안전장치 설치,안전장치 설치,5.3,P-32-2012,present_in_base_ttl_same_guide
ci_unrelated_action_filter1,P-33-2012,건조염소 배관시스템에 관한 기술지침,exclusive,field_control,photo_actionable,1,WP-P33-30,파열관 및 안전밸브 설치,파열관 및 안전밸브 설치,8.1,P-33-2012,present_in_base_ttl_same_guide
ci_unrelated_action_filter1,P-33-2012,건조염소 배관시스템에 관한 기술지침,exclusive,field_control,photo_actionable,2,WP-P33-08,나삿니 연결 시공,나삿니 연결 시공,6.1,P-33-2012,present_in_base_ttl_same_guide
ci_unrelated_action_filter1,P-33-2012,건조염소 배관시스템에 관한 기술지침,exclusive,field_control,photo_actionable,3,WP-P33-23,밸브 재질 선정,밸브 재질 선정,7.3,P-33-2012,present_in_base_ttl_same_guide
ci_unrelated_action_filter1,P-33-2012,건조염소 배관시스템에 관한 기술지침,exclusive,field_control,photo_actionable,4,WP-P33-31,벨로즈 설치,벨로즈 설치,8.2.2,P-33-2012,present_in_base_ttl_same_guide
ci_unrelated_action_filter1,P-33-2012,건조염소 배관시스템에 관한 기술지침,exclusive,field_control,photo_actionable,5,WP-P33-33,액체팽창챔버 설치,액체팽창챔버 설치,8.2.4,P-33-2012,present_in_base_ttl_same_guide
ci_unrelated_action_filter1,P-33-2012,건조염소 배관시스템에 관한 기술지침,exclusive,field_control,photo_actionable,6,WP-P33-40,용제를 이용한 청소,용제를 이용한 청소,13.1.3,P-33-2012,present_in_base_ttl_same_guide
ci_unrelated_action_filter1,P-33-2012,건조염소 배관시스템에 관한 기술지침,exclusive,field_control,photo_actionable,7,WP-P33-41,수압시험,수압시험,13.2.1,P-33-2012,present_in_base_ttl_same_guide
ci_unrelated_action_filter1,P-33-2012,건조염소 배관시스템에 관한 기술지침,exclusive,field_control,photo_actionable,8,WP-P33-09,일부 삽입 용접식 연결 시공,일부 삽입 용접식 연결 시공,6.2,P-33-2012,present_in_base_ttl_same_guide
ci_unrelated_action_filter1,P-34-2012,인화성 액체드럼 보관장소의 화재예방에 관한 기술지침,exclusive,field_control,photo_actionable,1,WP-P34-02,울타리 및 방화벽 설치,울타리 및 방화벽 설치,4.3,P-34-2012,present_in_base_ttl_same_guide
ci_unrelated_action_filter1,P-34-2012,인화성 액체드럼 보관장소의 화재예방에 관한 기술지침,exclusive,field_control,photo_actionable,2,WP-P34-01,드럼 보관장소 선정 및 배치,드럼 보관장소 선정 및 배치,4.1,P-34-2012,present_in_base_ttl_same_guide
ci_unrelated_action_filter1,P-34-2012,인화성 액체드럼 보관장소의 화재예방에 관한 기술지침,exclusive,field_control,photo_actionable,3,WP-P34-04,포장 및 배수 시설 설치,포장 및 배수 시설 설치,5,P-34-2012,present_in_base_ttl_same_guide
ci_unrelated_action_filter1,P-34-2012,인화성 액체드럼 보관장소의 화재예방에 관한 기술지침,exclusive,field_control,photo_actionable,4,WP-P34-05,소화설비 설치 및 위험표지,소화설비 설치 및 위험표지,6,P-34-2012,present_in_base_ttl_same_guide
ci_unrelated_action_filter1,P-35-2012,소규모 사업장의 화기작업 안전에 관한 기술지침,domain_specific,measurement_analysis,photo_actionable,1,WP-P35-02,작업 전 안전대책 수립 및 이행,작업 전 안전대책 수립 및 이행,5.1,P-35-2012,present_in_base_ttl_same_guide
ci_unrelated_action_filter1,P-35-2012,소규모 사업장의 화기작업 안전에 관한 기술지침,domain_specific,measurement_analysis,photo_actionable,2,WP-P35-01,화기작업 위험성 평가,화기작업 위험성 평가,4.2,P-35-2012,present_in_base_ttl_same_guide
ci_unrelated_action_filter1,P-35-2012,소규모 사업장의 화기작업 안전에 관한 기술지침,domain_specific,measurement_analysis,photo_actionable,3,WP-P35-03,작업 중 안전관리,작업 중 안전관리,5.2,P-35-2012,present_in_base_ttl_same_guide
ci_unrelated_action_filter1,P-36-2012,펄프지류제조업의 안전관리에 관한 기술지침,exclusive,field_control,photo_actionable,1,WP-P36-01,침지공정 (Digestion),침지공정 (Digestion),4.2.2,P-36-2012,present_in_base_ttl_same_guide
ci_unrelated_action_filter1,P-36-2012,펄프지류제조업의 안전관리에 관한 기술지침,exclusive,field_control,photo_actionable,2,WP-P36-03,표백공정 (Bleaching),표백공정 (Bleaching),4.2.2,P-36-2012,present_in_base_ttl_same_guide
ci_unrelated_action_filter1,P-36-2012,펄프지류제조업의 안전관리에 관한 기술지침,exclusive,field_control,photo_actionable,3,WP-P36-02,세정공정 (Washing),세정공정 (Washing),4.2.2,P-36-2012,present_in_base_ttl_same_guide
ci_unrelated_action_filter1,P-38-2012,발열 화학반응의 위험에 관한 일반안전 기술지침,domain_specific,measurement_analysis,photo_unmatchable,1,WP-P38-05,소규모 시험에 의한 추가 검토,소규모 시험에 의한 추가 검토,5.4,P-38-2012,present_in_base_ttl_same_guide
ci_unrelated_action_filter1,P-38-2012,발열 화학반응의 위험에 관한 일반안전 기술지침,domain_specific,measurement_analysis,photo_unmatchable,2,WP-P38-08,안전운전 한계 결정,안전운전 한계 결정,5.7,P-38-2012,present_in_base_ttl_same_guide
ci_unrelated_action_filter1,P-39-2012,위험물질의 운송사고시 비상대응에 관한 기술지침,domain_specific,field_control,photo_actionable,1,WP-P39-04,비상대응 설비 준비 및 점검,비상대응 설비 준비 및 점검,6,P-39-2012,present_in_base_ttl_same_guide
ci_unrelated_action_filter1,P-39-2012,위험물질의 운송사고시 비상대응에 관한 기술지침,domain_specific,field_control,photo_actionable,2,WP-P39-06,환경 보호 및 누출물 봉쇄,환경 보호 및 누출물 봉쇄,7.3.1,P-39-2012,present_in_base_ttl_same_guide
ci_unrelated_action_filter1,P-39-2012,위험물질의 운송사고시 비상대응에 관한 기술지침,domain_specific,field_control,photo_actionable,3,WP-P39-08,사고 후 조사 및 기록,사고 후 조사 및 기록,7.5,P-39-2012,present_in_base_ttl_same_guide
ci_unrelated_action_filter1,P-4-2012,공장건물의 위험관리에 관한 기술지침,domain_specific,risk_method,photo_unmatchable,1,WP-P4-42,독성 누출 비상대응 계획 수립,독성 누출 비상대응 계획 수립,6,P-4-2012,present_in_base_ttl_same_guide
ci_unrelated_action_filter1,P-4-2012,공장건물의 위험관리에 관한 기술지침,domain_specific,risk_method,photo_unmatchable,2,WP-P4-08,3단계 : 위험도 관리(Risk management),3단계 : 위험도 관리(Risk management),4.8,P-4-2012,present_in_base_ttl_same_guide
ci_unrelated_action_filter1,P-4-2012,공장건물의 위험관리에 관한 기술지침,domain_specific,risk_method,photo_unmatchable,3,WP-P4-37,화재 위험도 평가,화재 위험도 평가,5,P-4-2012,present_in_base_ttl_same_guide
ci_unrelated_action_filter1,P-4-2012,공장건물의 위험관리에 관한 기술지침,domain_specific,risk_method,photo_unmatchable,4,WP-P4-40,독성 물질 위험도 평가,독성 물질 위험도 평가,6,P-4-2012,present_in_base_ttl_same_guide
ci_unrelated_action_filter1,P-4-2012,공장건물의 위험관리에 관한 기술지침,domain_specific,risk_method,photo_unmatchable,5,WP-P4-41,독성 누출 예방수단 수립,독성 누출 예방수단 수립,6,P-4-2012,present_in_base_ttl_same_guide
ci_unrelated_action_filter1,P-41-2015,분진 폭발방지를 위한 폭연방출구 설치방법에 관한 기술지침,exclusive,field_control,photo_actionable,1,WP-P41-01,분진폭발 특성치 결정,분진폭발 특성치 결정,7.1,P-41-2015,present_in_base_ttl_same_guide
ci_unrelated_action_filter1,P-41-2015,분진 폭발방지를 위한 폭연방출구 설치방법에 관한 기술지침,exclusive,field_control,photo_actionable,2,WP-P41-03,폭연방출구 면적 계산,폭연방출구 면적 계산,7.2,P-41-2015,present_in_base_ttl_same_guide
ci_unrelated_action_filter1,P-41-2015,분진 폭발방지를 위한 폭연방출구 설치방법에 관한 기술지침,exclusive,field_control,photo_actionable,3,WP-P41-04,폭연방출구 설치 및 시공,폭연방출구 설치 및 시공,7.3,P-41-2015,present_in_base_ttl_same_guide
ci_unrelated_action_filter1,P-41-2015,분진 폭발방지를 위한 폭연방출구 설치방법에 관한 기술지침,exclusive,field_control,photo_actionable,4,WP-P41-02,저감압력 및 설계압력 결정,저감압력 및 설계압력 결정,7.1,P-41-2015,present_in_base_ttl_same_guide
ci_unrelated_action_filter1,P-42-2012,주정 증류공정의 안전에 관한 기술지침,exclusive,field_control,photo_actionable,1,WP-P42-01,혼합 및 발효,혼합 및 발효,6.1,P-42-2012,present_in_base_ttl_same_guide
ci_unrelated_action_filter1,P-42-2012,주정 증류공정의 안전에 관한 기술지침,exclusive,field_control,photo_actionable,2,WP-P42-02,증류,증류,6.2,P-42-2012,present_in_base_ttl_same_guide
ci_unrelated_action_filter1,P-42-2012,주정 증류공정의 안전에 관한 기술지침,exclusive,field_control,photo_actionable,3,WP-P42-04,주정 취급 및 저장,주정 취급 및 저장,6.3,P-42-2012,present_in_base_ttl_same_guide
ci_unrelated_action_filter1,P-42-2012,주정 증류공정의 안전에 관한 기술지침,exclusive,field_control,photo_actionable,4,WP-P42-05,소방설비 운영,소방설비 운영,7.1,P-42-2012,present_in_base_ttl_same_guide
ci_unrelated_action_filter1,P-43-2012,화학설비의 소방용수 산출 및 소방펌프 유지관리에 관한 기술지침,domain_specific,measurement_analysis,photo_unmatchable,1,WP-P43-02,소방펌프 선정 및 구성,소방펌프 선정 및 구성,6,P-43-2012,present_in_base_ttl_same_guide
ci_unrelated_action_filter1,P-43-2012,화학설비의 소방용수 산출 및 소방펌프 유지관리에 관한 기술지침,domain_specific,measurement_analysis,photo_unmatchable,2,WP-P43-01,소방용수 확보 및 산출,소방용수 확보 및 산출,5,P-43-2012,present_in_base_ttl_same_guide
ci_unrelated_action_filter1,P-43-2012,화학설비의 소방용수 산출 및 소방펌프 유지관리에 관한 기술지침,domain_specific,measurement_analysis,photo_unmatchable,3,WP-P43-03,소방펌프 설치,소방펌프 설치,7,P-43-2012,present_in_base_ttl_same_guide
ci_unrelated_action_filter1,P-43-2012,화학설비의 소방용수 산출 및 소방펌프 유지관리에 관한 기술지침,domain_specific,measurement_analysis,photo_unmatchable,4,WP-P43-04,소방 주배관 구성,소방 주배관 구성,8,P-43-2012,present_in_base_ttl_same_guide
ci_unrelated_action_filter1,P-44-2012,장난감용 꽃불 안전저장 및 취급에 관한 기술지침,exclusive,field_control,photo_actionable,1,WP-P44-01,꽃불 저장,꽃불 저장,4,P-44-2012,present_in_base_ttl_same_guide
ci_unrelated_action_filter1,P-44-2012,장난감용 꽃불 안전저장 및 취급에 관한 기술지침,exclusive,field_control,photo_actionable,2,WP-P44-03,꽃불 진열 및 취급,꽃불 진열 및 취급,5,P-44-2012,present_in_base_ttl_same_guide
ci_unrelated_action_filter1,P-44-2012,장난감용 꽃불 안전저장 및 취급에 관한 기술지침,exclusive,field_control,photo_actionable,3,WP-P44-02,꽃불 운반,꽃불 운반,5,P-44-2012,present_in_base_ttl_same_guide
ci_unrelated_action_filter1,P-44-2012,장난감용 꽃불 안전저장 및 취급에 관한 기술지침,exclusive,field_control,photo_actionable,4,WP-P44-04,꽃불 사용 및 발사,꽃불 사용 및 발사,7,P-44-2012,present_in_base_ttl_same_guide
ci_unrelated_action_filter1,P-46-2012,클린룸의 안전관리에 관한 기술지침,exclusive,field_control,photo_actionable,1,WP-P46-01,소방설비 설치 및 점검,소방설비 설치 및 점검,4.1,P-46-2012,present_in_base_ttl_same_guide
ci_unrelated_action_filter1,P-46-2012,클린룸의 안전관리에 관한 기술지침,exclusive,field_control,photo_actionable,2,WP-P46-02,환기 및 배기설비 설치,환기 및 배기설비 설치,5.1,P-46-2012,present_in_base_ttl_same_guide
ci_unrelated_action_filter1,P-46-2012,클린룸의 안전관리에 관한 기술지침,exclusive,field_control,photo_actionable,3,WP-P46-03,위험물 저장 및 취급,위험물 저장 및 취급,6.1,P-46-2012,present_in_base_ttl_same_guide
ci_unrelated_action_filter1,P-46-2012,클린룸의 안전관리에 관한 기술지침,exclusive,field_control,photo_actionable,4,WP-P46-08,실란 및 실란 혼합물 저장·공급,실란 및 실란 혼합물 저장·공급,7.4,P-46-2012,present_in_base_ttl_same_guide
ci_unrelated_action_filter1,P-47-2021,자동차용 수소연료 전지시스템의 안전에 관한 기술지침,exclusive,risk_method,photo_unmatchable,1,WP-P47-01,연료 시스템 설계,연료 시스템 설계,4.1,P-47-2021,present_in_base_ttl_same_guide
ci_unrelated_action_filter1,P-47-2021,자동차용 수소연료 전지시스템의 안전에 관한 기술지침,exclusive,risk_method,photo_unmatchable,2,WP-P47-04,인화성 분위기 및 점화원 관리,인화성 분위기 및 점화원 관리,5.3.4,P-47-2021,present_in_base_ttl_same_guide
ci_unrelated_action_filter1,P-48-2012,압축가스 실린더의 압력방출장치에 관한 기술지침,exclusive,field_control,photo_actionable,1,WP-P48-13,압력방출장치 형식 선정,압력방출장치 형식 선정,5.2,P-48-2012,present_in_base_ttl_same_guide
ci_unrelated_action_filter1,P-48-2012,압축가스 실린더의 압력방출장치에 관한 기술지침,exclusive,field_control,photo_actionable,2,WP-P48-15,튜브 트레일러 압력방출장치 설치,튜브 트레일러 압력방출장치 설치,5.7,P-48-2012,present_in_base_ttl_same_guide
ci_unrelated_action_filter1,P-48-2012,압축가스 실린더의 압력방출장치에 관한 기술지침,exclusive,field_control,photo_actionable,3,WP-P48-20,CG-4형 및 CG-5형 압력방출장치 조립,CG-4형 및 CG-5형 압력방출장치 조립,6.3,P-48-2012,present_in_base_ttl_same_guide
ci_unrelated_action_filter1,P-48-2012,압축가스 실린더의 압력방출장치에 관한 기술지침,exclusive,field_control,photo_actionable,4,WP-P48-21,비액화가스용 압력방출장치 용량 산정,비액화가스용 압력방출장치 용량 산정,6.4,P-48-2012,present_in_base_ttl_same_guide
ci_unrelated_action_filter1,P-48-2012,압축가스 실린더의 압력방출장치에 관한 기술지침,exclusive,field_control,photo_actionable,5,WP-P48-22,액화가스용 압력방출장치 용량 산정,액화가스용 압력방출장치 용량 산정,6.5,P-48-2012,present_in_base_ttl_same_guide
ci_unrelated_action_filter1,P-48-2012,압축가스 실린더의 압력방출장치에 관한 기술지침,exclusive,field_control,photo_actionable,6,WP-P48-27,압력방출장치 주기적 교체,압력방출장치 주기적 교체,7,P-48-2012,present_in_base_ttl_same_guide
ci_unrelated_action_filter1,P-48-2012,압축가스 실린더의 압력방출장치에 관한 기술지침,exclusive,field_control,photo_actionable,7,WP-P48-12,압력방출장치 설치 위치 결정,압력방출장치 설치 위치 결정,5.1.3,P-48-2012,present_in_base_ttl_same_guide
ci_unrelated_action_filter1,P-48-2012,압축가스 실린더의 압력방출장치에 관한 기술지침,exclusive,field_control,photo_actionable,8,WP-P48-14,압력방출장치 배관 설치,압력방출장치 배관 설치,5.6,P-48-2012,present_in_base_ttl_same_guide
ci_unrelated_action_filter1,P-49-2012,분진폭발 위험이 있는 설비의 공정시스템 선정에 관한 기술지침,exclusive,field_control,photo_actionable,1,WP-P49-01,점화시험 및 설계,점화시험 및 설계,4.1,P-49-2012,present_in_base_ttl_same_guide
ci_unrelated_action_filter1,P-49-2012,분진폭발 위험이 있는 설비의 공정시스템 선정에 관한 기술지침,exclusive,field_control,photo_actionable,2,WP-P49-02,봉쇄시스템 선정,봉쇄시스템 선정,4.2,P-49-2012,present_in_base_ttl_same_guide
ci_unrelated_action_filter1,P-50-2012,유해폐기물 취급 및 비상대응에 관한 기술지침,domain_specific,field_control,photo_actionable,1,WP-P50-02,안전보건 계획 수립,안전보건 계획 수립,4.5,P-50-2012,present_in_base_ttl_same_guide
ci_unrelated_action_filter1,P-50-2012,유해폐기물 취급 및 비상대응에 관한 기술지침,domain_specific,field_control,photo_actionable,2,WP-P50-07,비상대응,비상대응,4.12,P-50-2012,present_in_base_ttl_same_guide
ci_unrelated_action_filter1,P-50-2012,유해폐기물 취급 및 비상대응에 관한 기술지침,domain_specific,field_control,photo_actionable,3,WP-P50-05,노출 모니터링,노출 모니터링,4.9,P-50-2012,present_in_base_ttl_same_guide
ci_unrelated_action_filter1,P-50-2012,유해폐기물 취급 및 비상대응에 관한 기술지침,domain_specific,field_control,photo_actionable,4,WP-P50-06,오염물질 제거,오염물질 제거,4.11,P-50-2012,present_in_base_ttl_same_guide
ci_unrelated_action_filter1,P-52-2012,공장 및 장치의 안전격리에 관한 기술지침,exclusive,field_control,photo_actionable,1,WP-P52-05,"드레인, 벤팅, 퍼징 및 플러싱(DVPF)","드레인, 벤팅, 퍼징 및 플러싱(DVPF)",8.3,P-52-2012,present_in_base_ttl_same_guide
ci_unrelated_action_filter1,P-52-2012,공장 및 장치의 안전격리에 관한 기술지침,exclusive,field_control,photo_actionable,2,WP-P52-08,공장 복귀(리커미셔닝),공장 복귀(리커미셔닝),10,P-52-2012,present_in_base_ttl_same_guide
ci_unrelated_action_filter1,P-52-2012,공장 및 장치의 안전격리에 관한 기술지침,exclusive,field_control,photo_actionable,3,WP-P52-04,격리작업 (초기격리 및 최종격리),격리작업 (초기격리 및 최종격리),8.1,P-52-2012,present_in_base_ttl_same_guide
ci_unrelated_action_filter1,P-52-2012,공장 및 장치의 안전격리에 관한 기술지침,exclusive,field_control,photo_actionable,4,WP-P52-06,격리효과의 시험 및 모니터링,격리효과의 시험 및 모니터링,9,P-52-2012,present_in_base_ttl_same_guide
ci_unrelated_action_filter1,P-53-2012,발열반응 공정의 사고예방 및 방호에 관한 기술지침,exclusive,field_control,photo_actionable,1,WP-P53-05,위험성평가 실시 및 비상조치계획 수립,위험성평가 실시 및 비상조치계획 수립,부록-2,P-53-2012,present_in_base_ttl_same_guide
ci_unrelated_action_filter1,P-53-2012,발열반응 공정의 사고예방 및 방호에 관한 기술지침,exclusive,field_control,photo_actionable,2,WP-P53-01,발열반응 공정 설계 시 위험성 검토,발열반응 공정 설계 시 위험성 검토,4,P-53-2012,present_in_base_ttl_same_guide
ci_unrelated_action_filter1,P-53-2012,발열반응 공정의 사고예방 및 방호에 관한 기술지침,exclusive,field_control,photo_actionable,3,WP-P53-02,예방대책 수립 (온도·반응물·교반·변수 제어),예방대책 수립 (온도·반응물·교반·변수 제어),5.1,P-53-2012,present_in_base_ttl_same_guide
ci_unrelated_action_filter1,P-53-2012,발열반응 공정의 사고예방 및 방호에 관한 기술지침,exclusive,field_control,photo_actionable,4,WP-P53-03,반응속도 제어 및 공정제어 시스템 설계,반응속도 제어 및 공정제어 시스템 설계,5.2,P-53-2012,present_in_base_ttl_same_guide
ci_unrelated_action_filter1,P-53-2012,발열반응 공정의 사고예방 및 방호에 관한 기술지침,exclusive,field_control,photo_actionable,5,WP-P53-04,방호대책 설계 (봉쇄·방출·냉각·억제·급랭),방호대책 설계 (봉쇄·방출·냉각·억제·급랭),6,P-53-2012,present_in_base_ttl_same_guide
ci_unrelated_action_filter1,P-54-2012,아세틸렌 제조 및 충전 공정의 안전관리에 관한 기술지침,exclusive,field_control,photo_actionable,1,WP-P54-04,아세틸렌 가스홀더 저장,아세틸렌 가스홀더 저장,5.2.2,P-54-2012,present_in_base_ttl_same_guide
ci_unrelated_action_filter1,P-54-2012,아세틸렌 제조 및 충전 공정의 안전관리에 관한 기술지침,exclusive,field_control,photo_actionable,2,WP-P54-07,아세틸렌 실린더 충전,아세틸렌 실린더 충전,5.3,P-54-2012,present_in_base_ttl_same_guide
ci_unrelated_action_filter1,P-54-2012,아세틸렌 제조 및 충전 공정의 안전관리에 관한 기술지침,exclusive,field_control,photo_actionable,3,WP-P54-01,탄화칼슘 원료 저장,탄화칼슘 원료 저장,5.1,P-54-2012,present_in_base_ttl_same_guide
ci_unrelated_action_filter1,P-54-2012,아세틸렌 제조 및 충전 공정의 안전관리에 관한 기술지침,exclusive,field_control,photo_actionable,4,WP-P54-02,아세틸렌 발생(제조),아세틸렌 발생(제조),5.2.1,P-54-2012,present_in_base_ttl_same_guide
ci_unrelated_action_filter1,P-54-2012,아세틸렌 제조 및 충전 공정의 안전관리에 관한 기술지침,exclusive,field_control,photo_actionable,5,WP-P54-03,탄화칼슘 잔류물 처리,탄화칼슘 잔류물 처리,5.2.1,P-54-2012,present_in_base_ttl_same_guide
ci_unrelated_action_filter1,P-54-2012,아세틸렌 제조 및 충전 공정의 안전관리에 관한 기술지침,exclusive,field_control,photo_actionable,6,WP-P54-05,아세틸렌 압축 및 건조,아세틸렌 압축 및 건조,5.2.3,P-54-2012,present_in_base_ttl_same_guide
ci_unrelated_action_filter1,P-54-2012,아세틸렌 제조 및 충전 공정의 안전관리에 관한 기술지침,exclusive,field_control,photo_actionable,7,WP-P54-06,아세틸렌 배관 설치 및 시험,아세틸렌 배관 설치 및 시험,5.2.4,P-54-2012,present_in_base_ttl_same_guide
ci_unrelated_action_filter1,P-55-2012,황을 사용하는 공정의 화재 및 폭발방지에 관한 기술지침,exclusive,field_control,photo_actionable,1,WP-P55-01,황 분쇄/미분쇄 작업 준비,황 분쇄/미분쇄 작업 준비,4.1,P-55-2012,present_in_base_ttl_same_guide
ci_unrelated_action_filter1,P-55-2012,황을 사용하는 공정의 화재 및 폭발방지에 관한 기술지침,exclusive,field_control,photo_actionable,2,WP-P55-03,미세한 황 대량 취급 및 관리,미세한 황 대량 취급 및 관리,5.1,P-55-2012,present_in_base_ttl_same_guide
ci_unrelated_action_filter1,P-55-2012,황을 사용하는 공정의 화재 및 폭발방지에 관한 기술지침,exclusive,field_control,photo_actionable,3,WP-P55-02,황 분쇄/미분쇄 작업 수행,황 분쇄/미분쇄 작업 수행,4.5,P-55-2012,present_in_base_ttl_same_guide
ci_unrelated_action_filter1,P-55-2012,황을 사용하는 공정의 화재 및 폭발방지에 관한 기술지침,exclusive,field_control,photo_actionable,4,WP-P55-04,굵은 황 대량 취급,굵은 황 대량 취급,6.1,P-55-2012,present_in_base_ttl_same_guide
ci_unrelated_action_filter1,P-55-2012,황을 사용하는 공정의 화재 및 폭발방지에 관한 기술지침,exclusive,field_control,photo_actionable,5,WP-P55-05,액체 황 취급,액체 황 취급,7.1,P-55-2012,present_in_base_ttl_same_guide
ci_unrelated_action_filter1,P-56-2012,P-56-2012,exclusive,field_control,photo_actionable,1,WP-P56-01,발포플라스틱 보관 장소 선정 및 배치,발포플라스틱 보관 장소 선정 및 배치,4.1,P-56-2012,present_in_base_ttl_same_guide
ci_unrelated_action_filter1,P-56-2012,P-56-2012,exclusive,field_control,photo_actionable,2,WP-P56-02,보관시설 내 발포플라스틱 적재 관리,보관시설 내 발포플라스틱 적재 관리,4.6,P-56-2012,present_in_base_ttl_same_guide
ci_unrelated_action_filter1,P-56-2012,P-56-2012,exclusive,field_control,photo_actionable,3,WP-P56-03,화재 예방 및 발화원 관리,화재 예방 및 발화원 관리,5,P-56-2012,present_in_base_ttl_same_guide
ci_unrelated_action_filter1,P-57-2012,사업장의 방화문 및 내화창 안전관리 기술지침,domain_specific,field_control,photo_actionable,1,WP-P57-06,방화문 및 내화창 유지보수,방화문 및 내화창 유지보수,6.2,P-57-2012,present_in_base_ttl_same_guide
ci_unrelated_action_filter1,P-57-2012,사업장의 방화문 및 내화창 안전관리 기술지침,domain_specific,field_control,photo_actionable,2,WP-P57-01,철제 여닫이 방화문 설치,철제 여닫이 방화문 설치,4.2,P-57-2012,present_in_base_ttl_same_guide
ci_unrelated_action_filter1,P-57-2012,사업장의 방화문 및 내화창 안전관리 기술지침,domain_specific,field_control,photo_actionable,3,WP-P57-03,수직 미닫이 방화문 설치,수직 미닫이 방화문 설치,4.4,P-57-2012,present_in_base_ttl_same_guide
ci_unrelated_action_filter1,P-57-2012,사업장의 방화문 및 내화창 안전관리 기술지침,domain_specific,field_control,photo_actionable,4,WP-P57-04,내화창 설치,내화창 설치,5,P-57-2012,present_in_base_ttl_same_guide
ci_unrelated_action_filter1,P-57-2012,사업장의 방화문 및 내화창 안전관리 기술지침,domain_specific,field_control,photo_actionable,5,WP-P57-05,방화문 및 내화창 점검,방화문 및 내화창 점검,6.2.1,P-57-2012,present_in_base_ttl_same_guide
ci_unrelated_action_filter1,P-57-2012,사업장의 방화문 및 내화창 안전관리 기술지침,domain_specific,field_control,photo_actionable,6,WP-P57-07,방화문 및 내화창 수리,방화문 및 내화창 수리,6.2.5,P-57-2012,present_in_base_ttl_same_guide
ci_unrelated_action_filter1,P-57-2012,사업장의 방화문 및 내화창 안전관리 기술지침,domain_specific,field_control,photo_actionable,7,WP-P57-02,수평 미닫이 방화문 설치,수평 미닫이 방화문 설치,4.3,P-57-2012,present_in_base_ttl_same_guide
ci_unrelated_action_filter1,P-58-2012,위험물질 사고대응에 관한 기술지침,exclusive,measurement_analysis,photo_unmatchable,1,WP-P58-03,통제지역 설정,통제지역 설정,5.3,P-58-2012,present_in_base_ttl_same_guide
ci_unrelated_action_filter1,P-58-2012,위험물질 사고대응에 관한 기술지침,exclusive,measurement_analysis,photo_unmatchable,2,WP-P58-05,감시장비 운용,감시장비 운용,5.5,P-58-2012,present_in_base_ttl_same_guide
ci_unrelated_action_filter1,P-59-2012,염산 및 질산의 탱크 저장에 관한 기술지침,exclusive,measurement_analysis,photo_unmatchable,1,WP-P59-01,위험성 평가 실시,위험성 평가 실시,4.3,P-59-2012,present_in_base_ttl_same_guide
ci_unrelated_action_filter1,P-59-2012,염산 및 질산의 탱크 저장에 관한 기술지침,exclusive,measurement_analysis,photo_unmatchable,2,WP-P59-02,설비 설계 및 설치,설비 설계 및 설치,5,P-59-2012,present_in_base_ttl_same_guide
ci_unrelated_action_filter1,P-59-2012,염산 및 질산의 탱크 저장에 관한 기술지침,exclusive,measurement_analysis,photo_unmatchable,3,WP-P59-04,비상조치,비상조치,8,P-59-2012,present_in_base_ttl_same_guide
ci_unrelated_action_filter1,P-6-2011,인화성 액체의 분무공정에서 화재·폭발 예방에 관한 가이드,exclusive,field_control,photo_actionable,1,WP-P6-04,환기시스템 설치 및 운영,환기시스템 설치 및 운영,6.3,P-6-2011,present_in_base_ttl_same_guide
ci_unrelated_action_filter1,P-6-2011,인화성 액체의 분무공정에서 화재·폭발 예방에 관한 가이드,exclusive,field_control,photo_actionable,2,WP-P6-05,점화원 관리 및 폭발위험장소 분류,점화원 관리 및 폭발위험장소 분류,6.4,P-6-2011,present_in_base_ttl_same_guide
ci_unrelated_action_filter1,P-6-2011,인화성 액체의 분무공정에서 화재·폭발 예방에 관한 가이드,exclusive,field_control,photo_actionable,3,WP-P6-07,작업실에서의 분무작업,작업실에서의 분무작업,7.2.1,P-6-2011,present_in_base_ttl_same_guide
ci_unrelated_action_filter1,P-6-2011,인화성 액체의 분무공정에서 화재·폭발 예방에 관한 가이드,exclusive,field_control,photo_actionable,4,WP-P6-03,봉쇄 및 방화구획 설치,봉쇄 및 방화구획 설치,6.2,P-6-2011,present_in_base_ttl_same_guide
ci_unrelated_action_filter1,P-6-2011,인화성 액체의 분무공정에서 화재·폭발 예방에 관한 가이드,exclusive,field_control,photo_actionable,5,WP-P6-35,세척 작업,세척 작업,8.6,P-6-2011,present_in_base_ttl_same_guide
ci_unrelated_action_filter1,P-6-2011,인화성 액체의 분무공정에서 화재·폭발 예방에 관한 가이드,exclusive,field_control,photo_actionable,6,WP-P6-36,정기 점검과 유지보수,정기 점검과 유지보수,9,P-6-2011,present_in_base_ttl_same_guide
ci_unrelated_action_filter1,P-60-2012,암모니아 냉매설비의 안전관리 기술지침,exclusive,field_control,photo_actionable,1,WP-P60-04,비상대피,비상대피,7,P-60-2012,present_in_base_ttl_same_guide
ci_unrelated_action_filter1,P-60-2012,암모니아 냉매설비의 안전관리 기술지침,exclusive,field_control,photo_actionable,2,WP-P60-01,암모니아 누출 확인 및 조치,암모니아 누출 확인 및 조치,6.1,P-60-2012,present_in_base_ttl_same_guide
ci_unrelated_action_filter1,P-60-2012,암모니아 냉매설비의 안전관리 기술지침,exclusive,field_control,photo_actionable,3,WP-P60-02,열교환기 유지보수 (스팀 청소),열교환기 유지보수 (스팀 청소),5.2,P-60-2012,present_in_base_ttl_same_guide
ci_unrelated_action_filter1,P-60-2012,암모니아 냉매설비의 안전관리 기술지침,exclusive,field_control,photo_actionable,4,WP-P60-03,암모니아 취급설비 해체,암모니아 취급설비 해체,5.2,P-60-2012,present_in_base_ttl_same_guide
ci_unrelated_action_filter1,P-60-2012,암모니아 냉매설비의 안전관리 기술지침,exclusive,field_control,photo_actionable,5,WP-P60-05,안전설비 정기점검,안전설비 정기점검,6.4,P-60-2012,present_in_base_ttl_same_guide
ci_unrelated_action_filter1,P-62-2012,유기도료 제조설비의 안전관리 기술지침,exclusive,field_control,photo_actionable,1,WP-P62-04,밀폐식 반응기 및 희석탱크 운전,밀폐식 반응기 및 희석탱크 운전,5.3.2,P-62-2012,present_in_base_ttl_same_guide
ci_unrelated_action_filter1,P-62-2012,유기도료 제조설비의 안전관리 기술지침,exclusive,field_control,photo_actionable,2,WP-P62-07,인화성 액체 및 완제품 저장,인화성 액체 및 완제품 저장,6.1,P-62-2012,present_in_base_ttl_same_guide
ci_unrelated_action_filter1,P-62-2012,유기도료 제조설비의 안전관리 기술지침,exclusive,field_control,photo_actionable,3,WP-P62-01,인화성 액체 이송,인화성 액체 이송,5.1,P-62-2012,present_in_base_ttl_same_guide
ci_unrelated_action_filter1,P-62-2012,유기도료 제조설비의 안전관리 기술지침,exclusive,field_control,photo_actionable,4,WP-P62-03,케틀(Kettle) 반응 작업,케틀(Kettle) 반응 작업,5.3.1,P-62-2012,present_in_base_ttl_same_guide
ci_unrelated_action_filter1,P-62-2012,유기도료 제조설비의 안전관리 기술지침,exclusive,field_control,photo_actionable,5,WP-P62-06,혼합 작업,혼합 작업,5.5,P-62-2012,present_in_base_ttl_same_guide
ci_unrelated_action_filter1,P-63-2012,공기조화 및 환기설비의 안전관리 기술지침,domain_specific,field_control,photo_actionable,1,WP-P63-03,공기덕트 시공,공기덕트 시공,5.3.1,P-63-2012,present_in_base_ttl_same_guide
ci_unrelated_action_filter1,P-63-2012,공기조화 및 환기설비의 안전관리 기술지침,domain_specific,field_control,photo_actionable,2,WP-P63-04,방화댐퍼 및 방연댐퍼 설치,방화댐퍼 및 방연댐퍼 설치,6.3,P-63-2012,present_in_base_ttl_same_guide
ci_unrelated_action_filter1,P-63-2012,공기조화 및 환기설비의 안전관리 기술지침,domain_specific,field_control,photo_actionable,3,WP-P63-01,HVAC 설비 설치 및 배치,HVAC 설비 설치 및 배치,5.1,P-63-2012,present_in_base_ttl_same_guide
ci_unrelated_action_filter1,P-63-2012,공기조화 및 환기설비의 안전관리 기술지침,domain_specific,field_control,photo_actionable,4,WP-P63-02,외부 공기 유입구 설치,외부 공기 유입구 설치,5.2.1,P-63-2012,present_in_base_ttl_same_guide
ci_unrelated_action_filter1,P-63-2012,공기조화 및 환기설비의 안전관리 기술지침,domain_specific,field_control,photo_actionable,5,WP-P63-05,연기감지기 설치 및 제어 배선,연기감지기 설치 및 제어 배선,7.4,P-63-2012,present_in_base_ttl_same_guide
ci_unrelated_action_filter1,P-64-2012,정유 및 석유화학 공정 내 황화철에 관한 안전관리 기술지침,exclusive,field_control,photo_actionable,1,WP-P64-03,황화철 화재 가능 용기 출입,황화철 화재 가능 용기 출입,5.2.3,P-64-2012,present_in_base_ttl_same_guide
ci_unrelated_action_filter1,P-64-2012,정유 및 석유화학 공정 내 황화철에 관한 안전관리 기술지침,exclusive,field_control,photo_actionable,2,WP-P64-04,화학적 청소,화학적 청소,5.3,P-64-2012,present_in_base_ttl_same_guide
ci_unrelated_action_filter1,P-64-2012,정유 및 석유화학 공정 내 황화철에 관한 안전관리 기술지침,exclusive,field_control,photo_actionable,3,WP-P64-06,황화철 화재 소화활동,황화철 화재 소화활동,5.5,P-64-2012,present_in_base_ttl_same_guide
ci_unrelated_action_filter1,P-64-2012,정유 및 석유화학 공정 내 황화철에 관한 안전관리 기술지침,exclusive,field_control,photo_actionable,4,WP-P64-01,공정설비 외부개방 시 물 침전,공정설비 외부개방 시 물 침전,5.2.1,P-64-2012,present_in_base_ttl_same_guide
ci_unrelated_action_filter1,P-64-2012,정유 및 석유화학 공정 내 황화철에 관한 안전관리 기술지침,exclusive,field_control,photo_actionable,5,WP-P64-02,설비 개방 및 유지,설비 개방 및 유지,5.2.2,P-64-2012,present_in_base_ttl_same_guide
ci_unrelated_action_filter1,P-64-2012,정유 및 석유화학 공정 내 황화철에 관한 안전관리 기술지침,exclusive,field_control,photo_actionable,6,WP-P64-05,황화철 오염물 보관 및 처리,황화철 오염물 보관 및 처리,5.4,P-64-2012,present_in_base_ttl_same_guide
ci_unrelated_action_filter1,P-65-2012,폭주반응에 대비한 파열판 크기 산출에 관한 기술지침,domain_specific,field_control,photo_actionable,1,WP-P65-01,얼량계 자료 확보,얼량계 자료 확보,5.2,P-65-2012,present_in_base_ttl_same_guide
ci_unrelated_action_filter1,P-65-2012,폭주반응에 대비한 파열판 크기 산출에 관한 기술지침,domain_specific,field_control,photo_actionable,2,WP-P65-03,파열판 방출면적 산출,파열판 방출면적 산출,5.3,P-65-2012,present_in_base_ttl_same_guide
ci_unrelated_action_filter1,P-68-2012,알루미늄 분진의 폭발방지에 관한 기술지침,exclusive,field_control,photo_actionable,1,WP-P68-01,분진 퇴적 방지 및 청소,분진 퇴적 방지 및 청소,5.1,P-68-2012,present_in_base_ttl_same_guide
ci_unrelated_action_filter1,P-68-2012,알루미늄 분진의 폭발방지에 관한 기술지침,exclusive,field_control,photo_actionable,2,WP-P68-02,"보수작업 (용접, 절단, 천공, 절삭)","보수작업 (용접, 절단, 천공, 절삭)",5.1,P-68-2012,present_in_base_ttl_same_guide
ci_unrelated_action_filter1,P-68-2012,알루미늄 분진의 폭발방지에 관한 기술지침,exclusive,field_control,photo_actionable,3,WP-P68-05,이송 덕트 운영 및 관리,이송 덕트 운영 및 관리,5.4,P-68-2012,present_in_base_ttl_same_guide
ci_unrelated_action_filter1,P-7-2011,이동식 인화성 액체 저장용기의 안전에 관한 가이드,exclusive,field_control,photo_actionable,1,WP-P7-02,내부 액체 저장지역 설계 및 구조,내부 액체 저장지역 설계 및 구조,5.1,P-7-2011,present_in_base_ttl_same_guide
ci_unrelated_action_filter1,P-7-2011,이동식 인화성 액체 저장용기의 안전에 관한 가이드,exclusive,field_control,photo_actionable,2,WP-P7-05,옥외 액체 저장 설치 및 관리,옥외 액체 저장 설치 및 관리,7,P-7-2011,present_in_base_ttl_same_guide
ci_unrelated_action_filter1,P-72-2011,옥외 꽃불공연에 관한 안전기술지침,exclusive,field_control,photo_actionable,1,WP-P72-01,현장 선정 및 안전거리 확인,현장 선정 및 안전거리 확인,5.1,P-72-2011,present_in_base_ttl_same_guide
ci_unrelated_action_filter1,P-72-2011,옥외 꽃불공연에 관한 안전기술지침,exclusive,field_control,photo_actionable,2,WP-P72-10,공연 후 현장 점검 및 정리,공연 후 현장 점검 및 정리,6.3,P-72-2011,present_in_base_ttl_same_guide
ci_unrelated_action_filter1,P-72-2011,옥외 꽃불공연에 관한 안전기술지침,exclusive,field_control,photo_actionable,3,WP-P72-06,파열탄 장전,파열탄 장전,6.3,P-72-2011,present_in_base_ttl_same_guide
ci_unrelated_action_filter1,P-72-2011,옥외 꽃불공연에 관한 안전기술지침,exclusive,field_control,photo_actionable,4,WP-P72-09,불발탄 처리,불발탄 처리,6.3,P-72-2011,present_in_base_ttl_same_guide
ci_unrelated_action_filter1,P-72-2011,옥외 꽃불공연에 관한 안전기술지침,exclusive,field_control,photo_actionable,5,WP-P72-03,파열탄 도착 점검 및 분류,파열탄 도착 점검 및 분류,4.2,P-72-2011,present_in_base_ttl_same_guide
ci_unrelated_action_filter1,P-72-2011,옥외 꽃불공연에 관한 안전기술지침,exclusive,field_control,photo_actionable,6,WP-P72-04,모르타르 검사 및 설치,모르타르 검사 및 설치,4.3,P-72-2011,present_in_base_ttl_same_guide
ci_unrelated_action_filter1,P-72-2011,옥외 꽃불공연에 관한 안전기술지침,exclusive,field_control,photo_actionable,7,WP-P72-05,전기발사유닛 설치 및 점검,전기발사유닛 설치 및 점검,4.4,P-72-2011,present_in_base_ttl_same_guide
ci_unrelated_action_filter1,P-74-2011,포장된 위험물의 창고저장에 관한 기술지침,exclusive,field_control,photo_actionable,1,WP-P74-11,위험물 분리 및 격리 배치,위험물 분리 및 격리 배치,5.2.4,P-74-2011,present_in_base_ttl_same_guide
ci_unrelated_action_filter1,P-74-2011,포장된 위험물의 창고저장에 관한 기술지침,exclusive,field_control,photo_actionable,2,WP-P74-01,위험의 확인,위험의 확인,4.3,P-74-2011,present_in_base_ttl_same_guide
ci_unrelated_action_filter1,P-74-2011,포장된 위험물의 창고저장에 관한 기술지침,exclusive,field_control,photo_actionable,3,WP-P74-10,위험물 수령 및 입고 확인,위험물 수령 및 입고 확인,5.2.3,P-74-2011,present_in_base_ttl_same_guide
ci_unrelated_action_filter1,P-74-2011,포장된 위험물의 창고저장에 관한 기술지침,exclusive,field_control,photo_actionable,4,WP-P74-12,위험물 취급 및 운반,위험물 취급 및 운반,5.2.7,P-74-2011,present_in_base_ttl_same_guide
ci_unrelated_action_filter1,P-74-2011,포장된 위험물의 창고저장에 관한 기술지침,exclusive,field_control,photo_actionable,5,WP-P74-14,에어로졸 제품 입고 및 저장,에어로졸 제품 입고 및 저장,5.2.11,P-74-2011,present_in_base_ttl_same_guide
ci_unrelated_action_filter1,P-74-2011,포장된 위험물의 창고저장에 관한 기술지침,exclusive,field_control,photo_actionable,6,WP-P74-15,옥외저장지역 누출물 통제,옥외저장지역 누출물 통제,5.3.4,P-74-2011,present_in_base_ttl_same_guide
ci_unrelated_action_filter1,P-74-2011,포장된 위험물의 창고저장에 관한 기술지침,exclusive,field_control,photo_actionable,7,WP-P74-16,창고 내부 누출물 통제,창고 내부 누출물 통제,5.3.4,P-74-2011,present_in_base_ttl_same_guide
ci_unrelated_action_filter1,P-74-2011,포장된 위험물의 창고저장에 관한 기술지침,exclusive,field_control,photo_actionable,8,WP-P74-17,누출 위험물 수거 및 보건조치,누출 위험물 수거 및 보건조치,5.3.5,P-74-2011,present_in_base_ttl_same_guide
ci_unrelated_action_filter1,P-75-2011,인화성액체의 안전한 사용 및 취급에 관한 기술지침,exclusive,field_control,photo_actionable,1,WP-P75-07,점화원 관리,점화원 관리,6,P-75-2011,present_in_base_ttl_same_guide
ci_unrelated_action_filter1,P-75-2011,인화성액체의 안전한 사용 및 취급에 관한 기술지침,exclusive,field_control,photo_actionable,2,WP-P75-01,대체 검토,대체 검토,5.1,P-75-2011,present_in_base_ttl_same_guide
ci_unrelated_action_filter1,P-75-2011,인화성액체의 안전한 사용 및 취급에 관한 기술지침,exclusive,field_control,photo_actionable,3,WP-P75-03,분배 및 옮겨 담기,분배 및 옮겨 담기,5.3,P-75-2011,present_in_base_ttl_same_guide
ci_unrelated_action_filter1,P-75-2011,인화성액체의 안전한 사용 및 취급에 관한 기술지침,exclusive,field_control,photo_actionable,4,WP-P75-06,공정지역 관리,공정지역 관리,5.8,P-75-2011,present_in_base_ttl_same_guide
ci_unrelated_action_filter1,P-75-2011,인화성액체의 안전한 사용 및 취급에 관한 기술지침,exclusive,field_control,photo_actionable,5,WP-P75-08,화기작업 및 냉간절단작업,화기작업 및 냉간절단작업,6.7,P-75-2011,present_in_base_ttl_same_guide
ci_unrelated_action_filter1,P-76-2011,화학물질을 사용하는 실험실 내의 작업 및 설비안전 기술지침,exclusive,field_control,photo_actionable,1,WP-P76-03,인화성 액체 소분 작업,인화성 액체 소분 작업,8.2,P-76-2011,present_in_base_ttl_same_guide
ci_unrelated_action_filter1,P-76-2011,화학물질을 사용하는 실험실 내의 작업 및 설비안전 기술지침,exclusive,field_control,photo_actionable,2,WP-P76-01,실험실 위험등급 분류,실험실 위험등급 분류,4.2,P-76-2011,present_in_base_ttl_same_guide
ci_unrelated_action_filter1,P-76-2011,화학물질을 사용하는 실험실 내의 작업 및 설비안전 기술지침,exclusive,field_control,photo_actionable,3,WP-P76-02,화학물질 저장 관리,화학물질 저장 관리,8.1,P-76-2011,present_in_base_ttl_same_guide
ci_unrelated_action_filter1,P-76-2011,화학물질을 사용하는 실험실 내의 작업 및 설비안전 기술지침,exclusive,field_control,photo_actionable,4,WP-P76-04,가스 실린더 취급,가스 실린더 취급,8.3,P-76-2011,present_in_base_ttl_same_guide
ci_unrelated_action_filter1,P-76-2011,화학물질을 사용하는 실험실 내의 작업 및 설비안전 기술지침,exclusive,field_control,photo_actionable,5,WP-P76-06,실험실 후드 안전 점검,실험실 후드 안전 점검,7.6,P-76-2011,present_in_base_ttl_same_guide
ci_unrelated_action_filter1,P-76-2011,화학물질을 사용하는 실험실 내의 작업 및 설비안전 기술지침,exclusive,field_control,photo_actionable,6,WP-P76-07,화재예방 관리,화재예방 관리,6.6,P-76-2011,present_in_base_ttl_same_guide
ci_unrelated_action_filter1,P-76-2011,화학물질을 사용하는 실험실 내의 작업 및 설비안전 기술지침,exclusive,field_control,photo_actionable,7,WP-P76-05,화학물질 폐기물 처리,화학물질 폐기물 처리,8.5,P-76-2011,present_in_base_ttl_same_guide
ci_unrelated_action_filter1,P-77-2011,원격차단밸브의 선정 및 설치에 관한 기술지침,exclusive,field_control,photo_actionable,1,WP-P77-03,평가결과 기록,평가결과 기록,부록 1-3,P-77-2011,present_in_base_ttl_same_guide
ci_unrelated_action_filter1,P-77-2011,원격차단밸브의 선정 및 설치에 관한 기술지침,exclusive,field_control,photo_actionable,2,WP-P77-04,원격차단밸브 설치,원격차단밸브 설치,부록 1-4,P-77-2011,present_in_base_ttl_same_guide
ci_unrelated_action_filter1,P-77-2011,원격차단밸브의 선정 및 설치에 관한 기술지침,exclusive,field_control,photo_actionable,3,WP-P77-05,평가결과의 주기적 검토,평가결과의 주기적 검토,부록 1-5,P-77-2011,present_in_base_ttl_same_guide
ci_unrelated_action_filter1,P-79-2011,P-79-2011,domain_specific,risk_method,photo_unmatchable,1,WP-P79-03,공정 구분 및 위험성평가 진행,공정 구분 및 위험성평가 진행,3.3,P-79-2011,present_in_base_ttl_same_guide
ci_unrelated_action_filter1,P-79-2011,P-79-2011,domain_specific,risk_method,photo_unmatchable,2,WP-P79-24,기계작업공정 – 이송·가공,기계작업공정 – 이송·가공,부록 8,P-79-2011,present_in_base_ttl_same_guide
ci_unrelated_action_filter1,P-79-2011,P-79-2011,domain_specific,risk_method,photo_unmatchable,3,WP-P79-26,기계작업공정 – 조립·세척·적재,기계작업공정 – 조립·세척·적재,부록 8,P-79-2011,present_in_base_ttl_same_guide
ci_unrelated_action_filter1,P-79-2011,P-79-2011,domain_specific,risk_method,photo_unmatchable,4,WP-P79-04,이탈 도출,이탈 도출,5.1,P-79-2011,present_in_base_ttl_same_guide
ci_unrelated_action_filter1,P-79-2011,P-79-2011,domain_specific,risk_method,photo_unmatchable,5,WP-P79-07,위험성평가 검토결과 기록지 작성,위험성평가 검토결과 기록지 작성,6.1,P-79-2011,present_in_base_ttl_same_guide
ci_unrelated_action_filter1,P-79-2011,P-79-2011,domain_specific,risk_method,photo_unmatchable,6,WP-P79-22,플랜트·해양공정 – 강재하역·전처리·가공,플랜트·해양공정 – 강재하역·전처리·가공,부록 7,P-79-2011,present_in_base_ttl_same_guide
ci_unrelated_action_filter1,P-79-2011,P-79-2011,domain_specific,risk_method,photo_unmatchable,7,WP-P79-23,플랜트·해양공정 – 조립·용접·도장·시운전인도,플랜트·해양공정 – 조립·용접·도장·시운전인도,부록 7,P-79-2011,present_in_base_ttl_same_guide
ci_unrelated_action_filter1,P-79-2011,P-79-2011,domain_specific,risk_method,photo_unmatchable,8,WP-P79-08,위험성평가결과 조치계획 수립,위험성평가결과 조치계획 수립,6.2,P-79-2011,present_in_base_ttl_same_guide
ci_unrelated_action_filter1,T-12-2022,실험동물 관리지침,exclusive,management_program,photo_conditional_followup,1,WP-T12-01,동물 반입·검역,동물 반입·검역,4.4.3,T-12-2022,present_in_base_ttl_same_guide
ci_unrelated_action_filter1,T-12-2022,실험동물 관리지침,exclusive,management_program,photo_conditional_followup,2,WP-T12-02,사육환경 유지 관리,사육환경 유지 관리,4.1,T-12-2022,present_in_base_ttl_same_guide
ci_unrelated_action_filter1,T-12-2022,실험동물 관리지침,exclusive,management_program,photo_conditional_followup,3,WP-T12-05,살균·소독,살균·소독,4.4.2,T-12-2022,present_in_base_ttl_same_guide
ci_unrelated_action_filter1,T-16-2021,화학물질의 유전독성 평가를 위한 단세포 겔 전기영동시험 기술지침,exclusive,test_protocol,photo_unmatchable,1,WP-T16-33,코멧 측정 및 분석,코멧 측정 및 분석,5.4.12,T-16-2021,present_in_base_ttl_same_guide
ci_unrelated_action_filter1,T-16-2021,화학물질의 유전독성 평가를 위한 단세포 겔 전기영동시험 기술지침,exclusive,test_protocol,photo_unmatchable,2,WP-T16-10,형광 염색 및 가시화,형광 염색 및 가시화,4.3,T-16-2021,present_in_base_ttl_same_guide
ci_unrelated_action_filter1,T-16-2021,화학물질의 유전독성 평가를 위한 단세포 겔 전기영동시험 기술지침,exclusive,test_protocol,photo_unmatchable,3,WP-T16-11,DNA 손상 평가 및 자료 분석,DNA 손상 평가 및 자료 분석,4.3,T-16-2021,present_in_base_ttl_same_guide
ci_unrelated_action_filter1,T-17-2021,화학물질의 유전독성 평가를 위한 포유류 골수세포 염색체이상시험 지침,exclusive,measurement_analysis,photo_unmatchable,1,WP-T17-20,염색체이상 분석,염색체이상 분석,5.4.16,T-17-2021,present_in_base_ttl_same_guide
ci_unrelated_action_filter1,T-17-2021,화학물질의 유전독성 평가를 위한 포유류 골수세포 염색체이상시험 지침,exclusive,measurement_analysis,photo_unmatchable,2,WP-T17-32,시험결과 자료 처리 및 표 작성,시험결과 자료 처리 및 표 작성,6.1,T-17-2021,present_in_base_ttl_same_guide
ci_unrelated_action_filter1,T-17-2021,화학물질의 유전독성 평가를 위한 포유류 골수세포 염색체이상시험 지침,exclusive,measurement_analysis,photo_unmatchable,3,WP-T17-34,결과의 평가 및 양성·음성 판정,결과의 평가 및 양성·음성 판정,6.3,T-17-2021,present_in_base_ttl_same_guide
ci_unrelated_action_filter1,T-17-2021,화학물질의 유전독성 평가를 위한 포유류 골수세포 염색체이상시험 지침,exclusive,measurement_analysis,photo_unmatchable,4,WP-T17-35,시험 보고서 작성,시험 보고서 작성,6.4,T-17-2021,present_in_base_ttl_same_guide
ci_unrelated_action_filter1,T-20-2020,화학물질의 급성 눈 부식성 및 자극성 시험 기술지침,exclusive,field_control,photo_actionable,1,WP-T20-01,시험 전 사전 평가,시험 전 사전 평가,4.1,T-20-2020,present_in_base_ttl_same_guide
ci_unrelated_action_filter1,T-20-2020,화학물질의 급성 눈 부식성 및 자극성 시험 기술지침,exclusive,field_control,photo_actionable,2,WP-T20-03,진통제 및 국소마취제 투약,진통제 및 국소마취제 투약,5.3.2,T-20-2020,present_in_base_ttl_same_guide
ci_unrelated_action_filter1,T-20-2020,화학물질의 급성 눈 부식성 및 자극성 시험 기술지침,exclusive,field_control,photo_actionable,3,WP-T20-04,시험물질 투여,시험물질 투여,5.3.3,T-20-2020,present_in_base_ttl_same_guide
ci_unrelated_action_filter1,T-20-2020,화학물질의 급성 눈 부식성 및 자극성 시험 기술지침,exclusive,field_control,photo_actionable,4,WP-T20-05,시험물질 세척,시험물질 세척,5.3.4,T-20-2020,present_in_base_ttl_same_guide
ci_unrelated_action_filter1,T-21-2017,화학물질의 생식능 및 차세대 영향시험 기술지침,exclusive,field_control,photo_actionable,1,WP-T21-06,차차산자(F2) 관찰 및 부검,차차산자(F2) 관찰 및 부검,5.3.3,T-21-2017,present_in_base_ttl_same_guide
ci_unrelated_action_filter1,T-21-2017,화학물질의 생식능 및 차세대 영향시험 기술지침,exclusive,field_control,photo_actionable,2,WP-T21-04,모동물(P) 관찰 및 부검,모동물(P) 관찰 및 부검,5.3.1,T-21-2017,present_in_base_ttl_same_guide
ci_unrelated_action_filter1,T-21-2017,화학물질의 생식능 및 차세대 영향시험 기술지침,exclusive,field_control,photo_actionable,3,WP-T21-05,차산자(F1) 관찰 및 차세대 교배,차산자(F1) 관찰 및 차세대 교배,5.3.2,T-21-2017,present_in_base_ttl_same_guide
ci_unrelated_action_filter1,T-21-2017,화학물질의 생식능 및 차세대 영향시험 기술지침,exclusive,field_control,photo_actionable,4,WP-T21-07,시험결과 처리 및 보고서 작성,시험결과 처리 및 보고서 작성,6,T-21-2017,present_in_base_ttl_same_guide
ci_unrelated_action_filter1,T-23-2021,화학물질의 유전독성 평가를 위한 포유류 정원세포 염색체이상시험 지침,exclusive,measurement_analysis,photo_unmatchable,1,WP-T23-04,중기 세포 염색체이상 분석,중기 세포 염색체이상 분석,4.3,T-23-2021,present_in_base_ttl_same_guide
ci_unrelated_action_filter1,T-23-2021,화학물질의 유전독성 평가를 위한 포유류 정원세포 염색체이상시험 지침,exclusive,measurement_analysis,photo_unmatchable,2,WP-T23-05,실험실 능력 검증,실험실 능력 검증,4.4,T-23-2021,present_in_base_ttl_same_guide
ci_unrelated_action_filter1,T-23-2021,화학물질의 유전독성 평가를 위한 포유류 정원세포 염색체이상시험 지침,exclusive,measurement_analysis,photo_unmatchable,3,WP-T23-36,수용 기준 판정,수용 기준 판정,6,T-23-2021,present_in_base_ttl_same_guide
ci_unrelated_action_filter1,T-23-2021,화학물질의 유전독성 평가를 위한 포유류 정원세포 염색체이상시험 지침,exclusive,measurement_analysis,photo_unmatchable,4,WP-T23-21,염색체이상 분석,염색체이상 분석,5.5.7,T-23-2021,present_in_base_ttl_same_guide
ci_unrelated_action_filter1,T-23-2021,화학물질의 유전독성 평가를 위한 포유류 정원세포 염색체이상시험 지침,exclusive,measurement_analysis,photo_unmatchable,5,WP-T23-35,결과의 처리,결과의 처리,6,T-23-2021,present_in_base_ttl_same_guide
ci_unrelated_action_filter1,T-26-2023,실험동물의 부검 절차 및 육안 소견 작성을 위한 기술지침,exclusive,measurement_analysis,photo_unmatchable,1,WP-T26-02,부검준비,부검준비,5,T-26-2023,present_in_base_ttl_same_guide
ci_unrelated_action_filter1,T-26-2023,실험동물의 부검 절차 및 육안 소견 작성을 위한 기술지침,exclusive,measurement_analysis,photo_unmatchable,2,WP-T26-03,장기 적출 및 육안소견 관찰,장기 적출 및 육안소견 관찰,5,T-26-2023,present_in_base_ttl_same_guide
ci_unrelated_action_filter1,T-26-2023,실험동물의 부검 절차 및 육안 소견 작성을 위한 기술지침,exclusive,measurement_analysis,photo_unmatchable,3,WP-T26-01,사전 부검회의,사전 부검회의,5,T-26-2023,present_in_base_ttl_same_guide
ci_unrelated_action_filter1,T-26-2023,실험동물의 부검 절차 및 육안 소견 작성을 위한 기술지침,exclusive,measurement_analysis,photo_unmatchable,4,WP-T26-05,적출 장기의 고정,적출 장기의 고정,8,T-26-2023,present_in_base_ttl_same_guide
ci_unrelated_action_filter1,T-27-2022,실험동물 조직의 삭정을 위한 기술지침,exclusive,field_control,photo_actionable,1,WP-T27-03,삭정 실시,삭정 실시,4.3,T-27-2022,present_in_base_ttl_same_guide
ci_unrelated_action_filter1,T-27-2022,실험동물 조직의 삭정을 위한 기술지침,exclusive,field_control,photo_actionable,2,WP-T27-01,삭정 준비 및 안전조치,삭정 준비 및 안전조치,4.1,T-27-2022,present_in_base_ttl_same_guide
ci_unrelated_action_filter1,T-27-2022,실험동물 조직의 삭정을 위한 기술지침,exclusive,field_control,photo_actionable,3,WP-T27-05,조직 보관 및 밀봉,조직 보관 및 밀봉,5,T-27-2022,present_in_base_ttl_same_guide
ci_unrelated_action_filter1,T-27-2022,실험동물 조직의 삭정을 위한 기술지침,exclusive,field_control,photo_actionable,4,WP-T27-06,이상 발생 시 처치,이상 발생 시 처치,6,T-27-2022,present_in_base_ttl_same_guide
ci_unrelated_action_filter1,T-27-2022,실험동물 조직의 삭정을 위한 기술지침,exclusive,field_control,photo_actionable,5,WP-T27-02,부검 소견 확인,부검 소견 확인,4.2,T-27-2022,present_in_base_ttl_same_guide
ci_unrelated_action_filter1,T-27-2022,실험동물 조직의 삭정을 위한 기술지침,exclusive,field_control,photo_actionable,6,WP-T27-04,이상소견 조직 제작,이상소견 조직 제작,4.4.2,T-27-2022,present_in_base_ttl_same_guide
ci_unrelated_action_filter1,T-28-2018,화학물질의 급성흡입독성시험(고정농도법) 지침,exclusive,test_protocol,photo_unmatchable,1,WP-T28-05,노출조건 모니터링,노출조건 모니터링,6.1,T-28-2018,present_in_base_ttl_same_guide
ci_unrelated_action_filter1,T-28-2018,화학물질의 급성흡입독성시험(고정농도법) 지침,exclusive,test_protocol,photo_unmatchable,2,WP-T28-09,시험결과 처리 및 보고,시험결과 처리 및 보고,8,T-28-2018,present_in_base_ttl_same_guide
ci_unrelated_action_filter1,T-3-2015,제조나노물질의 건강 유해성시험 시료의 적정용량 조제를 위한 해설지침,exclusive,field_control,photo_actionable,1,WP-T3-01,시험물질 보관 및 안정성 확인,시험물질 보관 및 안정성 확인,4.4,T-3-2015,present_in_base_ttl_same_guide
ci_unrelated_action_filter1,T-3-2015,제조나노물질의 건강 유해성시험 시료의 적정용량 조제를 위한 해설지침,exclusive,field_control,photo_actionable,2,WP-T3-03,임시저장 분산체 조제 및 특성 확인,임시저장 분산체 조제 및 특성 확인,4.6,T-3-2015,present_in_base_ttl_same_guide
ci_unrelated_action_filter1,T-3-2015,제조나노물질의 건강 유해성시험 시료의 적정용량 조제를 위한 해설지침,exclusive,field_control,photo_actionable,3,WP-T3-06,배지에서의 나노물질 분산 및 세포시험,배지에서의 나노물질 분산 및 세포시험,4.10,T-3-2015,present_in_base_ttl_same_guide
ci_unrelated_action_filter1,T-31-2021,시험동물 조직의 박절 및 염색 지침,exclusive,field_control,photo_actionable,1,WP-T31-05,염색(염색기 사용),염색(염색기 사용),4.5,T-31-2021,present_in_base_ttl_same_guide
ci_unrelated_action_filter1,T-31-2021,시험동물 조직의 박절 및 염색 지침,exclusive,field_control,photo_actionable,2,WP-T31-06,염색(수동),염색(수동),4.6,T-31-2021,present_in_base_ttl_same_guide
ci_unrelated_action_filter1,T-31-2021,시험동물 조직의 박절 및 염색 지침,exclusive,field_control,photo_actionable,3,WP-T31-01,박절 장비 준비,박절 장비 준비,4.2,T-31-2021,present_in_base_ttl_same_guide
ci_unrelated_action_filter1,T-31-2021,시험동물 조직의 박절 및 염색 지침,exclusive,field_control,photo_actionable,4,WP-T31-02,초벌 박절 및 냉각,초벌 박절 및 냉각,4.2,T-31-2021,present_in_base_ttl_same_guide
ci_unrelated_action_filter1,T-31-2021,시험동물 조직의 박절 및 염색 지침,exclusive,field_control,photo_actionable,5,WP-T31-03,미세 박절 및 슬라이드 제작,미세 박절 및 슬라이드 제작,4.2,T-31-2021,present_in_base_ttl_same_guide
ci_unrelated_action_filter1,T-31-2021,시험동물 조직의 박절 및 염색 지침,exclusive,field_control,photo_actionable,6,WP-T31-08,폐시약 회수 및 폐기,폐시약 회수 및 폐기,4.5,T-31-2021,present_in_base_ttl_same_guide
ci_unrelated_action_filter1,T-32-2021,시험동물의 기관지·폐포 세척액 검사 지침,exclusive,measurement_analysis,photo_unmatchable,1,WP-T32-01,검체 채취 준비,검체 채취 준비,4.2,T-32-2021,present_in_base_ttl_same_guide
ci_unrelated_action_filter1,T-32-2021,시험동물의 기관지·폐포 세척액 검사 지침,exclusive,measurement_analysis,photo_unmatchable,2,WP-T32-02,검체 채취,검체 채취,4.3,T-32-2021,present_in_base_ttl_same_guide
ci_unrelated_action_filter1,T-32-2021,시험동물의 기관지·폐포 세척액 검사 지침,exclusive,measurement_analysis,photo_unmatchable,3,WP-T32-05,슬라이드 제작,슬라이드 제작,4.6,T-32-2021,present_in_base_ttl_same_guide
ci_unrelated_action_filter1,T-32-2021,시험동물의 기관지·폐포 세척액 검사 지침,exclusive,measurement_analysis,photo_unmatchable,4,WP-T32-06,세포감별,세포감별,4.7,T-32-2021,present_in_base_ttl_same_guide
ci_unrelated_action_filter1,T-7-2020,화학물질의 시험관내 포유류 세포 소핵시험 지침,exclusive,measurement_analysis,photo_unmatchable,1,WP-T7-17,처리 농도 선택 및 세포독성 측정,처리 농도 선택 및 세포독성 측정,7.2.3,T-7-2020,present_in_base_ttl_same_guide
ci_unrelated_action_filter1,T-7-2020,화학물질의 시험관내 포유류 세포 소핵시험 지침,exclusive,measurement_analysis,photo_unmatchable,2,WP-T7-41,결과의 처리,결과의 처리,9,T-7-2020,present_in_base_ttl_same_guide
ci_unrelated_action_filter1,T-7-2020,화학물질의 시험관내 포유류 세포 소핵시험 지침,exclusive,measurement_analysis,photo_unmatchable,3,WP-T7-16,시험조건 설정 - 용매/부형제 및 사이토칼라신 B,시험조건 설정 - 용매/부형제 및 사이토칼라신 B,7.2.2,T-7-2020,present_in_base_ttl_same_guide
ci_unrelated_action_filter1,T-7-2020,화학물질의 시험관내 포유류 세포 소핵시험 지침,exclusive,measurement_analysis,photo_unmatchable,4,WP-T7-18,대조물질 준비,대조물질 준비,7.2.4,T-7-2020,present_in_base_ttl_same_guide
ci_unrelated_action_filter1,T-7-2020,화학물질의 시험관내 포유류 세포 소핵시험 지침,exclusive,measurement_analysis,photo_unmatchable,5,WP-T7-26,사이토칼라신 B 처리 림프구 단기 노출 (S9 존재/부재),사이토칼라신 B 처리 림프구 단기 노출 (S9 존재/부재),8.2.1,T-7-2020,present_in_base_ttl_same_guide
ci_unrelated_action_filter1,T-7-2020,화학물질의 시험관내 포유류 세포 소핵시험 지침,exclusive,measurement_analysis,photo_unmatchable,6,WP-T7-27,사이토칼라신 B 처리 림프구 연장 노출 - 사양 A (S9 부재),사이토칼라신 B 처리 림프구 연장 노출 - 사양 A (S9 부재),8.2.2,T-7-2020,present_in_base_ttl_same_guide
ci_unrelated_action_filter1,T-7-2020,화학물질의 시험관내 포유류 세포 소핵시험 지침,exclusive,measurement_analysis,photo_unmatchable,7,WP-T7-28,사이토칼라신 B 처리 림프구 연장 노출 - 사양 B (S9 부재),사이토칼라신 B 처리 림프구 연장 노출 - 사양 B (S9 부재),8.2.2,T-7-2020,present_in_base_ttl_same_guide
ci_unrelated_action_filter1,T-7-2020,화학물질의 시험관내 포유류 세포 소핵시험 지침,exclusive,measurement_analysis,photo_unmatchable,8,WP-T7-29,초대 세포/세포주 처리 (사이토칼라신 B 사용),초대 세포/세포주 처리 (사이토칼라신 B 사용),8.2.3,T-7-2020,present_in_base_ttl_same_guide
ci_unrelated_action_filter1,T-9-2016,생체시료 중 석면소체 및 석면섬유 분석지침,exclusive,measurement_analysis,photo_unmatchable,1,WP-T9-01,시료 채취,시료 채취,5.2,T-9-2016,present_in_base_ttl_same_guide
ci_unrelated_action_filter1,T-9-2016,생체시료 중 석면소체 및 석면섬유 분석지침,exclusive,measurement_analysis,photo_unmatchable,2,WP-T9-02,시료 세절 및 중량 측정,시료 세절 및 중량 측정,6,T-9-2016,present_in_base_ttl_same_guide
ci_unrelated_action_filter1,T-9-2016,생체시료 중 석면소체 및 석면섬유 분석지침,exclusive,measurement_analysis,photo_unmatchable,3,WP-T9-06,현미경 관찰표본 제작,현미경 관찰표본 제작,6.1,T-9-2016,present_in_base_ttl_same_guide
ci_unrelated_action_filter1,T-9-2016,생체시료 중 석면소체 및 석면섬유 분석지침,exclusive,measurement_analysis,photo_unmatchable,4,WP-T9-07,석면소체 계수,석면소체 계수,6.2.1,T-9-2016,present_in_base_ttl_same_guide
ci_unrelated_action_filter1,T-9-2016,생체시료 중 석면소체 및 석면섬유 분석지침,exclusive,measurement_analysis,photo_unmatchable,5,WP-T9-08,석면농도 계산,석면농도 계산,6.2.2,T-9-2016,present_in_base_ttl_same_guide
ci_unrelated_action_filter1,W-10-2023,화학물질의 발암성시험 기술지침,exclusive,measurement_analysis,photo_unmatchable,1,WP-W10-05,부검 및 조직병리학적 검사,부검 및 조직병리학적 검사,4.4,W-10-2023,present_in_base_ttl_same_guide
ci_unrelated_action_filter1,W-10-2023,화학물질의 발암성시험 기술지침,exclusive,measurement_analysis,photo_unmatchable,2,WP-W10-07,최종보고서 작성,최종보고서 작성,4.6,W-10-2023,present_in_base_ttl_same_guide
ci_unrelated_action_filter1,W-15-2020,물질안전보건자료 작성 지침,domain_specific,field_control,photo_actionable,1,WP-W15-18,제2항 – 유해성·위험성 작성,제2항 – 유해성·위험성 작성,7.(2),W-15-2020,present_in_base_ttl_same_guide
ci_unrelated_action_filter1,W-15-2020,물질안전보건자료 작성 지침,domain_specific,field_control,photo_actionable,2,WP-W15-32,MSDS 별표 양식 작성 - 화학제품·유해성·구성성분·응급조치·화재대처 (항목 1~5),MSDS 별표 양식 작성 - 화학제품·유해성·구성성분·응급조치·화재대처 (항목 1~5),별표,W-15-2020,present_in_base_ttl_same_guide
ci_unrelated_action_filter1,W-15-2020,물질안전보건자료 작성 지침,domain_specific,field_control,photo_actionable,3,WP-W15-07,적용 대상 혼합물질 확인,적용 대상 혼합물질 확인,4.가.(2),W-15-2020,present_in_base_ttl_same_guide
ci_unrelated_action_filter1,W-15-2020,물질안전보건자료 작성 지침,domain_specific,field_control,photo_actionable,4,WP-W15-12,물질안전보건자료 형식 확인,물질안전보건자료 형식 확인,5,W-15-2020,present_in_base_ttl_same_guide
ci_unrelated_action_filter1,W-15-2020,물질안전보건자료 작성 지침,domain_specific,field_control,photo_actionable,5,WP-W15-13,유해·위험성 정보 작성,유해·위험성 정보 작성,6,W-15-2020,present_in_base_ttl_same_guide
ci_unrelated_action_filter1,W-15-2020,물질안전보건자료 작성 지침,domain_specific,field_control,photo_actionable,6,WP-W15-17,제1항 – 화학제품과 회사에 관한 정보 작성,제1항 – 화학제품과 회사에 관한 정보 작성,7.(1),W-15-2020,present_in_base_ttl_same_guide
ci_unrelated_action_filter1,W-16-2020,화학물질의 유해성ㆍ위험성 분류 지침,domain_specific,document_reference,photo_unmatchable,1,WP-W16-06,물리적 위험성 분류,물리적 위험성 분류,4,W-16-2020,present_in_base_ttl_same_guide
ci_unrelated_action_filter1,W-16-2020,화학물질의 유해성ㆍ위험성 분류 지침,domain_specific,document_reference,photo_unmatchable,2,WP-W16-07,건강 유해성 분류,건강 유해성 분류,4,W-16-2020,present_in_base_ttl_same_guide
ci_unrelated_action_filter1,W-16-2020,화학물질의 유해성ㆍ위험성 분류 지침,domain_specific,document_reference,photo_unmatchable,3,WP-W16-16,시험결과가 있는 경우 인화성 가스 분류,시험결과가 있는 경우 인화성 가스 분류,별표 2,W-16-2020,present_in_base_ttl_same_guide
ci_unrelated_action_filter1,W-16-2020,화학물질의 유해성ㆍ위험성 분류 지침,domain_specific,document_reference,photo_unmatchable,4,WP-W16-17,시험결과가 없는 경우 계산에 의한 인화성 가스 분류,시험결과가 없는 경우 계산에 의한 인화성 가스 분류,별표 2,W-16-2020,present_in_base_ttl_same_guide
ci_unrelated_action_filter1,W-16-2020,화학물질의 유해성ㆍ위험성 분류 지침,domain_specific,document_reference,photo_unmatchable,5,WP-W16-21,에어로졸 인화성 성분 함량 및 연소열 확인,에어로졸 인화성 성분 함량 및 연소열 확인,별표 3,W-16-2020,present_in_base_ttl_same_guide
ci_unrelated_action_filter1,W-16-2020,화학물질의 유해성ㆍ위험성 분류 지침,domain_specific,document_reference,photo_unmatchable,6,WP-W16-22,인화성에어로졸 구분 1 분류,인화성에어로졸 구분 1 분류,별표 3,W-16-2020,present_in_base_ttl_same_guide
ci_unrelated_action_filter1,W-16-2020,화학물질의 유해성ㆍ위험성 분류 지침,domain_specific,document_reference,photo_unmatchable,7,WP-W16-29,인화성 액체 분류,인화성 액체 분류,별표 6,W-16-2020,present_in_base_ttl_same_guide
ci_unrelated_action_filter1,W-16-2020,화학물질의 유해성ㆍ위험성 분류 지침,domain_specific,document_reference,photo_unmatchable,8,WP-W16-31,인화성 고체 분류 절차,인화성 고체 분류 절차,별표 7,W-16-2020,present_in_base_ttl_same_guide
ci_unrelated_action_filter1,W-17-2015,한랭작업환경 관리지침,domain_specific,measurement_analysis,photo_unmatchable,1,WP-W17-01,한랭 측정 및 평가,한랭 측정 및 평가,4.(2),W-17-2015,present_in_base_ttl_same_guide
ci_unrelated_action_filter1,W-17-2015,한랭작업환경 관리지침,domain_specific,measurement_analysis,photo_unmatchable,2,WP-W17-02,환경관리,환경관리,5.(1),W-17-2015,present_in_base_ttl_same_guide
ci_unrelated_action_filter1,W-17-2015,한랭작업환경 관리지침,domain_specific,measurement_analysis,photo_unmatchable,3,WP-W17-03,작업관리,작업관리,5.(2),W-17-2015,present_in_base_ttl_same_guide
ci_unrelated_action_filter1,W-19-2012,농약방제작업 근로자 안전보건지침,domain_specific,field_control,photo_actionable,1,WP-W19-01,농약 살포·훈증·주입,농약 살포·훈증·주입,4.1,W-19-2012,present_in_base_ttl_same_guide
ci_unrelated_action_filter1,W-19-2012,농약방제작업 근로자 안전보건지침,domain_specific,field_control,photo_actionable,2,WP-W19-02,선박·컨테이너·사일로 밀폐공간 훈증,선박·컨테이너·사일로 밀폐공간 훈증,4.2,W-19-2012,present_in_base_ttl_same_guide
ci_unrelated_action_filter1,W-19-2012,농약방제작업 근로자 안전보건지침,domain_specific,field_control,photo_actionable,3,WP-W19-03,농약 배합,농약 배합,4.3,W-19-2012,present_in_base_ttl_same_guide
ci_unrelated_action_filter1,W-19-2012,농약방제작업 근로자 안전보건지침,domain_specific,field_control,photo_actionable,4,WP-W19-04,농약 용기 이송(옮겨 담기),농약 용기 이송(옮겨 담기),4.4,W-19-2012,present_in_base_ttl_same_guide
ci_unrelated_action_filter1,W-19-2012,농약방제작업 근로자 안전보건지침,domain_specific,field_control,photo_actionable,5,WP-W19-05,방제 후 정리·보관·폐기,방제 후 정리·보관·폐기,4.5,W-19-2012,present_in_base_ttl_same_guide
ci_unrelated_action_filter1,W-19-2012,농약방제작업 근로자 안전보건지침,domain_specific,field_control,photo_actionable,6,WP-W19-06,작업 후 오염제거 및 건강관리,작업 후 오염제거 및 건강관리,6.5,W-19-2012,present_in_base_ttl_same_guide
ci_unrelated_action_filter1,W-2-2021,물질안전보건자료의 신뢰성 평가 지침,domain_specific,measurement_analysis,photo_unmatchable,1,WP-W2-02,채취시료의 분석 및 시험,채취시료의 분석 및 시험,7-(2),W-2-2021,present_in_base_ttl_same_guide
ci_unrelated_action_filter1,W-2-2021,물질안전보건자료의 신뢰성 평가 지침,domain_specific,measurement_analysis,photo_unmatchable,2,WP-W2-03,물질안전보건자료의 일치율 평가,물질안전보건자료의 일치율 평가,7-(3),W-2-2021,present_in_base_ttl_same_guide
ci_unrelated_action_filter1,W-2-2021,물질안전보건자료의 신뢰성 평가 지침,domain_specific,measurement_analysis,photo_unmatchable,3,WP-W2-04,사업장 물질안전보건자료의 수정·권고안 작성,사업장 물질안전보건자료의 수정·권고안 작성,7-(4),W-2-2021,present_in_base_ttl_same_guide
ci_unrelated_action_filter1,W-20-2012,나노물질 제조취급 근로자 안전보건기술지침,domain_specific,field_control,photo_actionable,1,WP-W20-01,작업환경관리 (밀폐설비·환기설비 설치),작업환경관리 (밀폐설비·환기설비 설치),6.2,W-20-2012,present_in_base_ttl_same_guide
ci_unrelated_action_filter1,W-20-2012,나노물질 제조취급 근로자 안전보건기술지침,domain_specific,field_control,photo_actionable,2,WP-W20-02,나노물질 취급 작업관리,나노물질 취급 작업관리,6.3,W-20-2012,present_in_base_ttl_same_guide
ci_unrelated_action_filter1,W-20-2012,나노물질 제조취급 근로자 안전보건기술지침,domain_specific,field_control,photo_actionable,3,WP-W20-04,개인보호구 관리,개인보호구 관리,6.5,W-20-2012,present_in_base_ttl_same_guide
ci_unrelated_action_filter1,W-20-2012,나노물질 제조취급 근로자 안전보건기술지침,domain_specific,field_control,photo_actionable,4,WP-W20-05,안전관리 (화재·폭발·감전 예방),안전관리 (화재·폭발·감전 예방),6.6,W-20-2012,present_in_base_ttl_same_guide
ci_unrelated_action_filter1,W-20-2012,나노물질 제조취급 근로자 안전보건기술지침,domain_specific,field_control,photo_actionable,5,WP-W20-06,안전보건교육,안전보건교육,6.7,W-20-2012,present_in_base_ttl_same_guide
ci_unrelated_action_filter1,W-20-2012,나노물질 제조취급 근로자 안전보건기술지침,domain_specific,field_control,photo_actionable,6,WP-W20-07,나노물질 저장 및 폐기,나노물질 저장 및 폐기,6.8,W-20-2012,present_in_base_ttl_same_guide
ci_unrelated_action_filter1,W-21-2019,생물안전 3등급 실험실의 안전보건에 관한 기술지침,exclusive,field_control,photo_actionable,1,WP-W21-01,생물안전위원회 구성 및 운영,생물안전위원회 구성 및 운영,4,W-21-2019,present_in_base_ttl_same_guide
ci_unrelated_action_filter1,W-21-2019,생물안전 3등급 실험실의 안전보건에 관한 기술지침,exclusive,field_control,photo_actionable,2,WP-W21-02,자체 생물안전관리 규정 작성 및 운영,자체 생물안전관리 규정 작성 및 운영,4,W-21-2019,present_in_base_ttl_same_guide
ci_unrelated_action_filter1,W-21-2019,생물안전 3등급 실험실의 안전보건에 관한 기술지침,exclusive,field_control,photo_actionable,3,WP-W21-15,3등급 생물안전 작업대 운영,3등급 생물안전 작업대 운영,7,W-21-2019,present_in_base_ttl_same_guide
ci_unrelated_action_filter1,W-21-2019,생물안전 3등급 실험실의 안전보건에 관한 기술지침,exclusive,field_control,photo_actionable,4,WP-W21-21,오염물질 멸균,오염물질 멸균,10,W-21-2019,present_in_base_ttl_same_guide
ci_unrelated_action_filter1,W-21-2019,생물안전 3등급 실험실의 안전보건에 관한 기술지침,exclusive,field_control,photo_actionable,5,WP-W21-26,감염성 병원체 배양 용기 파손 시 조치,감염성 병원체 배양 용기 파손 시 조치,11,W-21-2019,present_in_base_ttl_same_guide
ci_unrelated_action_filter1,W-21-2019,생물안전 3등급 실험실의 안전보건에 관한 기술지침,exclusive,field_control,photo_actionable,6,WP-W21-34,감염성물질 취급,감염성물질 취급,별표 2,W-21-2019,present_in_base_ttl_same_guide
ci_unrelated_action_filter1,W-21-2019,생물안전 3등급 실험실의 안전보건에 관한 기술지침,exclusive,field_control,photo_actionable,7,WP-W21-37,생물안전 관리체계 운영,생물안전 관리체계 운영,별표 2,W-21-2019,present_in_base_ttl_same_guide
ci_unrelated_action_filter1,W-22-2016,비전리전자기파 측정 및 평가에 관한 지침,exclusive,measurement_analysis,photo_unmatchable,1,WP-W22-03,측정 조건 확인 및 환경 정비,측정 조건 확인 및 환경 정비,9,W-22-2016,present_in_base_ttl_same_guide
ci_unrelated_action_filter1,W-22-2016,비전리전자기파 측정 및 평가에 관한 지침,exclusive,measurement_analysis,photo_unmatchable,2,WP-W22-04,저주파 전자파 측정,저주파 전자파 측정,9,W-22-2016,present_in_base_ttl_same_guide
ci_unrelated_action_filter1,W-22-2016,비전리전자기파 측정 및 평가에 관한 지침,exclusive,measurement_analysis,photo_unmatchable,3,WP-W22-05,고주파 전자파 측정,고주파 전자파 측정,9,W-22-2016,present_in_base_ttl_same_guide
ci_unrelated_action_filter1,W-22-2016,비전리전자기파 측정 및 평가에 관한 지침,exclusive,measurement_analysis,photo_unmatchable,4,WP-W22-02,측정 프로브 설정,측정 프로브 설정,9,W-22-2016,present_in_base_ttl_same_guide
ci_unrelated_action_filter1,W-23-2016,작업장에서의 소음측정 및 평가방법,domain_specific,measurement_analysis,photo_unmatchable,1,WP-W23-05,소음측정 결과 평가,소음측정 결과 평가,6.2,W-23-2016,present_in_base_ttl_same_guide
ci_unrelated_action_filter1,W-23-2016,작업장에서의 소음측정 및 평가방법,domain_specific,measurement_analysis,photo_unmatchable,2,WP-W23-03,지시소음계에 의한 소음측정,지시소음계에 의한 소음측정,6.1,W-23-2016,present_in_base_ttl_same_guide
ci_unrelated_action_filter1,W-23-2016,작업장에서의 소음측정 및 평가방법,domain_specific,measurement_analysis,photo_unmatchable,3,WP-W23-04,누적소음노출량 측정기에 의한 소음측정,누적소음노출량 측정기에 의한 소음측정,6.2,W-23-2016,present_in_base_ttl_same_guide
ci_unrelated_action_filter1,W-24-2017,공기 중 제조나노물질의 노출평가에 대한 기술지침,domain_specific,field_control,photo_actionable,1,WP-W24-01,기본자료 조사 (1단계),기본자료 조사 (1단계),5.1,W-24-2017,present_in_base_ttl_same_guide
ci_unrelated_action_filter1,W-24-2017,공기 중 제조나노물질의 노출평가에 대한 기술지침,domain_specific,field_control,photo_actionable,2,WP-W24-06,제조나노물질 노출기준(권고안)과 비교 (3단계),제조나노물질 노출기준(권고안)과 비교 (3단계),5.3,W-24-2017,present_in_base_ttl_same_guide
ci_unrelated_action_filter1,W-24-2017,공기 중 제조나노물질의 노출평가에 대한 기술지침,domain_specific,field_control,photo_actionable,3,WP-W24-07,노출저감대책 제시 (4단계),노출저감대책 제시 (4단계),5.4,W-24-2017,present_in_base_ttl_same_guide
ci_unrelated_action_filter1,W-24-2017,공기 중 제조나노물질의 노출평가에 대한 기술지침,domain_specific,field_control,photo_actionable,4,WP-W24-03,비의도적 나노물질 발생 정보 조사 및 배경농도 측정,비의도적 나노물질 발생 정보 조사 및 배경농도 측정,5.2.2,W-24-2017,present_in_base_ttl_same_guide
ci_unrelated_action_filter1,W-24-2017,공기 중 제조나노물질의 노출평가에 대한 기술지침,domain_specific,field_control,photo_actionable,5,WP-W24-04,노출평가 2a단계 (특성규명 및 노출평가),노출평가 2a단계 (특성규명 및 노출평가),5.2.3.1,W-24-2017,present_in_base_ttl_same_guide
ci_unrelated_action_filter1,W-24-2017,공기 중 제조나노물질의 노출평가에 대한 기술지침,domain_specific,field_control,photo_actionable,6,WP-W24-05,노출평가 2b단계 (노출관리를 위한 노출평가),노출평가 2b단계 (노출관리를 위한 노출평가),5.2.3.2,W-24-2017,present_in_base_ttl_same_guide
ci_unrelated_action_filter1,W-24-2017,공기 중 제조나노물질의 노출평가에 대한 기술지침,domain_specific,field_control,photo_actionable,7,WP-W24-08,관리 및 기록유지 (5단계),관리 및 기록유지 (5단계),5.5,W-24-2017,present_in_base_ttl_same_guide
ci_unrelated_action_filter1,W-26-2022,단체급식시설 환기에 관한 기술지침,exclusive,field_control,photo_actionable,1,WP-W26-01,국소배기장치 설치 (후드·덕트·배풍기·배기구),국소배기장치 설치 (후드·덕트·배풍기·배기구),4,W-26-2022,present_in_base_ttl_same_guide
ci_unrelated_action_filter1,W-26-2022,단체급식시설 환기에 관한 기술지침,exclusive,field_control,photo_actionable,2,WP-W26-02,공기정화장치 설치,공기정화장치 설치,4.5,W-26-2022,present_in_base_ttl_same_guide
ci_unrelated_action_filter1,W-26-2022,단체급식시설 환기에 관한 기술지침,exclusive,field_control,photo_actionable,3,WP-W26-04,급기시설 설치,급기시설 설치,6.1,W-26-2022,present_in_base_ttl_same_guide
ci_unrelated_action_filter1,W-26-2022,단체급식시설 환기에 관한 기술지침,exclusive,field_control,photo_actionable,4,WP-W26-05,환기설비 점검·관리,환기설비 점검·관리,7,W-26-2022,present_in_base_ttl_same_guide
ci_unrelated_action_filter1,W-3-2021,생물안전 1·2등급 실험실의 안전보건에 관한 기술지침,exclusive,field_control,photo_actionable,1,WP-W3-08,개인보호구 착탈의,개인보호구 착탈의,5.2,W-3-2021,present_in_base_ttl_same_guide
ci_unrelated_action_filter1,W-3-2021,생물안전 1·2등급 실험실의 안전보건에 관한 기술지침,exclusive,field_control,photo_actionable,2,WP-W3-11,실험장비 사용 및 검정,실험장비 사용 및 검정,5.5,W-3-2021,present_in_base_ttl_same_guide
ci_unrelated_action_filter1,W-3-2021,생물안전 1·2등급 실험실의 안전보건에 관한 기술지침,exclusive,field_control,photo_actionable,3,WP-W3-15,생물안전실험실 시설 설계 및 점검,생물안전실험실 시설 설계 및 점검,6,W-3-2021,present_in_base_ttl_same_guide
ci_unrelated_action_filter1,W-3-2021,생물안전 1·2등급 실험실의 안전보건에 관한 기술지침,exclusive,field_control,photo_actionable,4,WP-W3-28,생물안전작업대 내 유출사고 응급조치,생물안전작업대 내 유출사고 응급조치,10.2,W-3-2021,present_in_base_ttl_same_guide
ci_unrelated_action_filter1,W-4-2021,화학물질의 만성독성시험 기술지침,exclusive,measurement_analysis,photo_unmatchable,1,WP-W4-05,병리학적 검사,병리학적 검사,4.2.4,W-4-2021,present_in_base_ttl_same_guide
ci_unrelated_action_filter1,W-5-2021,화학물질의 독성등급법에 의한 급성경구독성시험에 관한 기술지침,exclusive,test_protocol,photo_unmatchable,1,WP-W5-01,시험계획서 작성,시험계획서 작성,4,W-5-2021,present_in_base_ttl_same_guide
ci_unrelated_action_filter1,W-6-2021,화학물질의 유해성·위험성 평가 지침,domain_specific,field_control,photo_actionable,1,WP-W6-14,유해성 확인(Hazard identification),유해성 확인(Hazard identification),6.1,W-6-2021,present_in_base_ttl_same_guide
ci_unrelated_action_filter1,W-6-2021,화학물질의 유해성·위험성 평가 지침,domain_specific,field_control,photo_actionable,2,WP-W6-15,유해성 확인 절차 수행,유해성 확인 절차 수행,6.1.1,W-6-2021,present_in_base_ttl_same_guide
ci_unrelated_action_filter1,W-6-2021,화학물질의 유해성·위험성 평가 지침,domain_specific,field_control,photo_actionable,3,WP-W6-19,용량-반응 평가(Dose-Response assessment),용량-반응 평가(Dose-Response assessment),6.2,W-6-2021,present_in_base_ttl_same_guide
ci_unrelated_action_filter1,W-6-2021,화학물질의 유해성·위험성 평가 지침,domain_specific,field_control,photo_actionable,4,WP-W6-27,위험성 결정(Risk characterization) - 비발암 물질,위험성 결정(Risk characterization) - 비발암 물질,6.4.1,W-6-2021,present_in_base_ttl_same_guide
ci_unrelated_action_filter1,W-8-2021,화학물질의 급성흡입독성시험 기술지침,exclusive,test_protocol,photo_unmatchable,1,WP-W8-03,흡입장치 및 챔버 설정,흡입장치 및 챔버 설정,5.1.2,W-8-2021,present_in_base_ttl_same_guide
ci_unrelated_action_filter1,W-8-2021,화학물질의 급성흡입독성시험 기술지침,exclusive,test_protocol,photo_unmatchable,2,WP-W8-09,결과 처리 및 보고서 작성,결과 처리 및 보고서 작성,6,W-8-2021,present_in_base_ttl_same_guide
ci_unrelated_action_filter1,W-9-2021,화학물질의 피부과민성시험 기술지침,exclusive,field_control,photo_actionable,1,WP-W9-04,GPMT 예비시험 (감작항원량 및 야기항원량 결정),GPMT 예비시험 (감작항원량 및 야기항원량 결정),5.2.1.1,W-9-2021,present_in_base_ttl_same_guide
ci_unrelated_action_filter1,W-9-2021,화학물질의 피부과민성시험 기술지침,exclusive,field_control,photo_actionable,2,WP-W9-05,GPMT 본시험 (1차·2차 감작 및 감작야기),GPMT 본시험 (1차·2차 감작 및 감작야기),5.2.1.2,W-9-2021,present_in_base_ttl_same_guide
ci_unrelated_action_filter1,W-9-2021,화학물질의 피부과민성시험 기술지침,exclusive,field_control,photo_actionable,3,WP-W9-06,Buehler test 본시험 (감작유도 및 감작야기),Buehler test 본시험 (감작유도 및 감작야기),5.2.2.2,W-9-2021,present_in_base_ttl_same_guide
ci_unrelated_action_filter1,W-9-2021,화학물질의 피부과민성시험 기술지침,exclusive,field_control,photo_actionable,4,WP-W9-07,관찰 및 판정,관찰 및 판정,5.2.1.2,W-9-2021,present_in_base_ttl_same_guide
ci_unrelated_action_filter1,X-10-2012,저온 접촉면에 대한 인체반응의 리스크평가 지침,exclusive,risk_method,photo_unmatchable,1,WP-X10-07,리스크 수준 평가,리스크 수준 평가,5.7,X-10-2012,present_in_base_ttl_same_guide
ci_unrelated_action_filter1,X-10-2012,저온 접촉면에 대한 인체반응의 리스크평가 지침,exclusive,risk_method,photo_unmatchable,2,WP-X10-01,저온 접촉면 파악,저온 접촉면 파악,5.1,X-10-2012,present_in_base_ttl_same_guide
ci_unrelated_action_filter1,X-10-2012,저온 접촉면에 대한 인체반응의 리스크평가 지침,exclusive,risk_method,photo_unmatchable,3,WP-X10-02,작업 관찰 및 분석,작업 관찰 및 분석,5.2,X-10-2012,present_in_base_ttl_same_guide
ci_unrelated_action_filter1,X-10-2012,저온 접촉면에 대한 인체반응의 리스크평가 지침,exclusive,risk_method,photo_unmatchable,4,WP-X10-04,표면온도 측정,표면온도 측정,5.4,X-10-2012,present_in_base_ttl_same_guide
ci_unrelated_action_filter1,X-10-2012,저온 접촉면에 대한 인체반응의 리스크평가 지침,exclusive,risk_method,photo_unmatchable,5,WP-X10-05,접촉시간 결정,접촉시간 결정,5.5,X-10-2012,present_in_base_ttl_same_guide
ci_unrelated_action_filter1,X-10-2012,저온 접촉면에 대한 인체반응의 리스크평가 지침,exclusive,risk_method,photo_unmatchable,6,WP-X10-06,피부 영향 분류,피부 영향 분류,5.6,X-10-2012,present_in_base_ttl_same_guide
ci_unrelated_action_filter1,X-12-2012,산림작업 시 안전보건 리스크관리 지침,domain_specific,field_control,photo_actionable,1,WP-X12-04,운반 작업,운반 작업,6.2,X-12-2012,present_in_base_ttl_same_guide
ci_unrelated_action_filter1,X-12-2012,산림작업 시 안전보건 리스크관리 지침,domain_specific,field_control,photo_actionable,2,WP-X12-01,기계톱 작업,기계톱 작업,6.2,X-12-2012,present_in_base_ttl_same_guide
ci_unrelated_action_filter1,X-12-2012,산림작업 시 안전보건 리스크관리 지침,domain_specific,field_control,photo_actionable,3,WP-X12-02,방제(약제) 작업,방제(약제) 작업,6.2,X-12-2012,present_in_base_ttl_same_guide
ci_unrelated_action_filter1,X-12-2012,산림작업 시 안전보건 리스크관리 지침,domain_specific,field_control,photo_actionable,4,WP-X12-03,장비 작업,장비 작업,6.2,X-12-2012,present_in_base_ttl_same_guide
ci_unrelated_action_filter1,X-15-2012,저온작업에대한리스크관리지침,domain_specific,measurement_analysis,photo_unmatchable,1,WP-X15-04,건강설문지 조사,건강설문지 조사,6.1,X-15-2012,present_in_base_ttl_same_guide
ci_unrelated_action_filter1,X-15-2012,저온작업에대한리스크관리지침,domain_specific,measurement_analysis,photo_unmatchable,2,WP-X15-01,관찰 (유해위험요인 파악),관찰 (유해위험요인 파악),5.1,X-15-2012,present_in_base_ttl_same_guide
ci_unrelated_action_filter1,X-15-2012,저온작업에대한리스크관리지침,domain_specific,measurement_analysis,photo_unmatchable,3,WP-X15-06,업무적합성 평가,업무적합성 평가,6.4,X-15-2012,present_in_base_ttl_same_guide
ci_unrelated_action_filter1,X-15-2012,저온작업에대한리스크관리지침,domain_specific,measurement_analysis,photo_unmatchable,4,WP-X15-08,예방 대책의 선정,예방 대책의 선정,7.2.1,X-15-2012,present_in_base_ttl_same_guide
ci_unrelated_action_filter1,X-27-2012,화학물질 리스크관리를 위한 작업공정별 관리요령의 활용에 관한 지침,exclusive,document_reference,photo_unmatchable,1,WP-X27-01,리스크 수준 판정 및 적용방법 결정,리스크 수준 판정 및 적용방법 결정,4,X-27-2012,present_in_base_ttl_same_guide
ci_unrelated_action_filter1,X-27-2012,화학물질 리스크관리를 위한 작업공정별 관리요령의 활용에 관한 지침,exclusive,document_reference,photo_unmatchable,2,WP-X27-02,작업공정별 관리요령 작성,작업공정별 관리요령 작성,5.2,X-27-2012,present_in_base_ttl_same_guide
ci_unrelated_action_filter1,X-27-2012,화학물질 리스크관리를 위한 작업공정별 관리요령의 활용에 관한 지침,exclusive,document_reference,photo_unmatchable,3,WP-X27-03,물질안전보건자료(MSDS) 활용,물질안전보건자료(MSDS) 활용,5.3,X-27-2012,present_in_base_ttl_same_guide
ci_unrelated_action_filter1,X-27-2012,화학물질 리스크관리를 위한 작업공정별 관리요령의 활용에 관한 지침,exclusive,document_reference,photo_unmatchable,4,WP-X27-04,근로자 교육 실시,근로자 교육 실시,6,X-27-2012,present_in_base_ttl_same_guide
ci_unrelated_action_filter1,X-35-2014,확률론적 리스크 평가 절차에 관한 지침,domain_specific,measurement_analysis,photo_unmatchable,1,WP-X35-05,실패 모델링,실패 모델링,5.5,X-35-2014,present_in_base_ttl_same_guide
ci_unrelated_action_filter1,X-35-2014,확률론적 리스크 평가 절차에 관한 지침,domain_specific,measurement_analysis,photo_unmatchable,2,WP-X35-01,목표 설정,목표 설정,5.1,X-35-2014,present_in_base_ttl_same_guide
ci_unrelated_action_filter1,X-35-2014,확률론적 리스크 평가 절차에 관한 지침,domain_specific,measurement_analysis,photo_unmatchable,3,WP-X35-03,초기사상 확인,초기사상 확인,5.3,X-35-2014,present_in_base_ttl_same_guide
ci_unrelated_action_filter1,X-35-2014,확률론적 리스크 평가 절차에 관한 지침,domain_specific,measurement_analysis,photo_unmatchable,4,WP-X35-04,사고 시나리오 모델링,사고 시나리오 모델링,5.4,X-35-2014,present_in_base_ttl_same_guide
ci_unrelated_action_filter1,X-35-2014,확률론적 리스크 평가 절차에 관한 지침,domain_specific,measurement_analysis,photo_unmatchable,5,WP-X35-06,정량화,정량화,5.6,X-35-2014,present_in_base_ttl_same_guide
ci_unrelated_action_filter1,X-35-2014,확률론적 리스크 평가 절차에 관한 지침,domain_specific,measurement_analysis,photo_unmatchable,6,WP-X35-07,불확실성 분석,불확실성 분석,5.7,X-35-2014,present_in_base_ttl_same_guide
ci_unrelated_action_filter1,X-36-2016,이삿짐운반용 리프트작업의 리스크 확인지침,exclusive,field_control,photo_actionable,1,WP-X36-02,작업조건 확인 및 장비 세팅,작업조건 확인 및 장비 세팅,4.1.2,X-36-2016,present_in_base_ttl_same_guide
ci_unrelated_action_filter1,X-36-2016,이삿짐운반용 리프트작업의 리스크 확인지침,exclusive,field_control,photo_actionable,2,WP-X36-08,작업 시작 전 유해위험요인 체크리스트 확인,작업 시작 전 유해위험요인 체크리스트 확인,5.4,X-36-2016,present_in_base_ttl_same_guide
ci_unrelated_action_filter1,X-36-2016,이삿짐운반용 리프트작업의 리스크 확인지침,exclusive,field_control,photo_actionable,3,WP-X36-04,운전 중 리스크 관리,운전 중 리스크 관리,4.2.1,X-36-2016,present_in_base_ttl_same_guide
ci_unrelated_action_filter1,X-36-2016,이삿짐운반용 리프트작업의 리스크 확인지침,exclusive,field_control,photo_actionable,4,WP-X36-06,작업 후 장비 정리 및 보관,작업 후 장비 정리 및 보관,4.3,X-36-2016,present_in_base_ttl_same_guide
ci_unrelated_action_filter1,X-41-2011,단독작업 리스크의 통제에 관한 일반지침,domain_specific,field_control,photo_actionable,1,WP-X41-04,감시 체계 수립 및 운영,감시 체계 수립 및 운영,5.5,X-41-2011,present_in_base_ttl_same_guide
ci_unrelated_action_filter1,X-41-2011,단독작업 리스크의 통제에 관한 일반지침,domain_specific,field_control,photo_actionable,2,WP-X41-05,비상조치절차 수립,비상조치절차 수립,5.6,X-41-2011,present_in_base_ttl_same_guide
ci_unrelated_action_filter1,X-41-2011,단독작업 리스크의 통제에 관한 일반지침,domain_specific,field_control,photo_actionable,3,WP-X41-02,리스크 통제 조치 결정,리스크 통제 조치 결정,5.2,X-41-2011,present_in_base_ttl_same_guide
ci_unrelated_action_filter1,X-43-2011,원인결과분석(CCA)기법에 관한 기술지침,domain_specific,measurement_analysis,photo_unmatchable,1,WP-X43-01,발생 가능한 사건의 선정,발생 가능한 사건의 선정,5.1,X-43-2011,present_in_base_ttl_same_guide
ci_unrelated_action_filter1,X-43-2011,원인결과분석(CCA)기법에 관한 기술지침,domain_specific,measurement_analysis,photo_unmatchable,2,WP-X43-03,사건수의 구성,사건수의 구성,5.3,X-43-2011,present_in_base_ttl_same_guide
ci_unrelated_action_filter1,X-43-2011,원인결과분석(CCA)기법에 관한 기술지침,domain_specific,measurement_analysis,photo_unmatchable,3,WP-X43-04,초기사건과 안전요소 실패에 대한 결함수 구성,초기사건과 안전요소 실패에 대한 결함수 구성,5.4,X-43-2011,present_in_base_ttl_same_guide
ci_unrelated_action_filter1,X-43-2011,원인결과분석(CCA)기법에 관한 기술지침,domain_specific,measurement_analysis,photo_unmatchable,4,WP-X43-02,안전요소의 확인,안전요소의 확인,5.2,X-43-2011,present_in_base_ttl_same_guide
ci_unrelated_action_filter1,X-43-2011,원인결과분석(CCA)기법에 관한 기술지침,domain_specific,measurement_analysis,photo_unmatchable,5,WP-X43-06,결과의 문서화,결과의 문서화,5.6,X-43-2011,present_in_base_ttl_same_guide
ci_unrelated_action_filter1,X-44-2016,고소작업대 작업의 리스크 확인지침,exclusive,field_control,photo_actionable,1,WP-X44-03,작업 수행,작업 수행,4.5,X-44-2016,present_in_base_ttl_same_guide
ci_unrelated_action_filter1,X-44-2016,고소작업대 작업의 리스크 확인지침,exclusive,field_control,photo_actionable,2,WP-X44-01,운전 전 점검,운전 전 점검,4.4,X-44-2016,present_in_base_ttl_same_guide
ci_unrelated_action_filter1,X-44-2016,고소작업대 작업의 리스크 확인지침,exclusive,field_control,photo_actionable,3,WP-X44-05,작업 후 정리,작업 후 정리,4.7,X-44-2016,present_in_base_ttl_same_guide
ci_unrelated_action_filter1,X-44-2016,고소작업대 작업의 리스크 확인지침,exclusive,field_control,photo_actionable,4,WP-X44-06,일일 리스크 점검,일일 리스크 점검,5.1,X-44-2016,present_in_base_ttl_same_guide
ci_unrelated_action_filter1,X-44-2016,고소작업대 작업의 리스크 확인지침,exclusive,field_control,photo_actionable,5,WP-X44-07,월간 리스크 점검,월간 리스크 점검,5.2,X-44-2016,present_in_base_ttl_same_guide
ci_unrelated_action_filter1,X-44-2016,고소작업대 작업의 리스크 확인지침,exclusive,field_control,photo_actionable,6,WP-X44-02,작업환경 및 작업조건 확인,작업환경 및 작업조건 확인,4.2,X-44-2016,present_in_base_ttl_same_guide
ci_unrelated_action_filter1,X-44-2016,고소작업대 작업의 리스크 확인지침,exclusive,field_control,photo_actionable,7,WP-X44-04,주행,주행,4.6,X-44-2016,present_in_base_ttl_same_guide
ci_unrelated_action_filter1,X-45-2014,도로 및 선로작업에서 리스크 감소를 위한 반사조끼 사용에 관한 지침,exclusive,field_control,photo_actionable,1,WP-X45-03,선로 작업 시 반사조끼 착용,선로 작업 시 반사조끼 착용,6.2,X-45-2014,present_in_base_ttl_same_guide
ci_unrelated_action_filter1,X-45-2014,도로 및 선로작업에서 리스크 감소를 위한 반사조끼 사용에 관한 지침,exclusive,field_control,photo_actionable,2,WP-X45-01,반사조끼 등급 선정,반사조끼 등급 선정,5.1,X-45-2014,present_in_base_ttl_same_guide
ci_unrelated_action_filter1,X-45-2014,도로 및 선로작업에서 리스크 감소를 위한 반사조끼 사용에 관한 지침,exclusive,field_control,photo_actionable,3,WP-X45-02,도로영역 작업 시 반사조끼 착용,도로영역 작업 시 반사조끼 착용,6.1,X-45-2014,present_in_base_ttl_same_guide
ci_unrelated_action_filter1,X-45-2014,도로 및 선로작업에서 리스크 감소를 위한 반사조끼 사용에 관한 지침,exclusive,field_control,photo_actionable,4,WP-X45-04,"반사조끼 보관, 관리 및 교체","반사조끼 보관, 관리 및 교체",6.4,X-45-2014,present_in_base_ttl_same_guide
ci_unrelated_action_filter1,X-47-2011,사고예상질문 체크리스트 결합기법에 관한 기술지침,domain_specific,measurement_analysis,photo_unmatchable,1,WP-X47-03,사고예상질문을 보완하기 위한 체크리스트 사용,사고예상질문을 보완하기 위한 체크리스트 사용,5.4,X-47-2011,present_in_base_ttl_same_guide
ci_unrelated_action_filter1,X-47-2011,사고예상질문 체크리스트 결합기법에 관한 기술지침,domain_specific,measurement_analysis,photo_unmatchable,2,WP-X47-01,분석 준비,분석 준비,5.2,X-47-2011,present_in_base_ttl_same_guide
ci_unrelated_action_filter1,X-47-2011,사고예상질문 체크리스트 결합기법에 관한 기술지침,domain_specific,measurement_analysis,photo_unmatchable,3,WP-X47-02,사고예상질문의 작성,사고예상질문의 작성,5.3,X-47-2011,present_in_base_ttl_same_guide
ci_unrelated_action_filter1,X-47-2011,사고예상질문 체크리스트 결합기법에 관한 기술지침,domain_specific,measurement_analysis,photo_unmatchable,4,WP-X47-04,각 질문 평가,각 질문 평가,5.5,X-47-2011,present_in_base_ttl_same_guide
ci_unrelated_action_filter1,X-47-2011,사고예상질문 체크리스트 결합기법에 관한 기술지침,domain_specific,measurement_analysis,photo_unmatchable,5,WP-X47-05,결과의 문서화,결과의 문서화,5.6,X-47-2011,present_in_base_ttl_same_guide
ci_unrelated_action_filter1,X-58-2012,리스크 커뮤니케이션 지침,domain_specific,field_control,photo_actionable,1,WP-X58-03,커뮤니케이션 방법 선택 및 실시,커뮤니케이션 방법 선택 및 실시,5.2,X-58-2012,present_in_base_ttl_same_guide
ci_unrelated_action_filter1,X-58-2012,리스크 커뮤니케이션 지침,domain_specific,field_control,photo_actionable,2,WP-X58-01,이해 관계자 분석 및 커뮤니케이션 대상 선정,이해 관계자 분석 및 커뮤니케이션 대상 선정,5.1,X-58-2012,present_in_base_ttl_same_guide
ci_unrelated_action_filter1,X-58-2012,리스크 커뮤니케이션 지침,domain_specific,field_control,photo_actionable,3,WP-X58-04,커뮤니케이션 평가,커뮤니케이션 평가,6.1,X-58-2012,present_in_base_ttl_same_guide
ci_unrelated_action_filter1,X-58-2012,리스크 커뮤니케이션 지침,domain_specific,field_control,photo_actionable,4,WP-X58-05,피드백 및 개선(PDCA 사이클),피드백 및 개선(PDCA 사이클),6.2,X-58-2012,present_in_base_ttl_same_guide
ci_unrelated_action_filter1,X-6-2012,고장형태와 영향분석(FMEA)기법에 관한 지침,domain_specific,measurement_analysis,photo_unmatchable,1,WP-X6-04,결과 기록 및 문서화,결과 기록 및 문서화,5.2,X-6-2012,present_in_base_ttl_same_guide
ci_unrelated_action_filter1,X-6-2012,고장형태와 영향분석(FMEA)기법에 관한 지침,domain_specific,measurement_analysis,photo_unmatchable,2,WP-X6-03,FMEA 분석 수행,FMEA 분석 수행,5.1,X-6-2012,present_in_base_ttl_same_guide
ci_unrelated_action_filter1,X-6-2012,고장형태와 영향분석(FMEA)기법에 관한 지침,domain_specific,measurement_analysis,photo_unmatchable,3,WP-X6-02,평가 자료 수집,평가 자료 수집,4.2,X-6-2012,present_in_base_ttl_same_guide
ci_unrelated_action_filter1,X-6-2012,고장형태와 영향분석(FMEA)기법에 관한 지침,domain_specific,measurement_analysis,photo_unmatchable,4,WP-X6-01,FMEA 팀 구성,FMEA 팀 구성,4.1,X-6-2012,present_in_base_ttl_same_guide
ci_unrelated_action_filter1,X-61-2013,생산기계 설비 조립 및 설치 시의 리스크 평가지침,domain_specific,field_control,photo_actionable,1,WP-X61-06,가조립 및 가설치,가조립 및 가설치,4.6.2,X-61-2013,present_in_base_ttl_same_guide
ci_unrelated_action_filter1,X-61-2013,생산기계 설비 조립 및 설치 시의 리스크 평가지침,domain_specific,field_control,photo_actionable,2,WP-X61-08,시운전 및 조정,시운전 및 조정,4.7,X-61-2013,present_in_base_ttl_same_guide
ci_unrelated_action_filter1,X-61-2013,생산기계 설비 조립 및 설치 시의 리스크 평가지침,domain_specific,field_control,photo_actionable,3,WP-X61-01,사전조사 및 계획 수립,사전조사 및 계획 수립,4.5,X-61-2013,present_in_base_ttl_same_guide
ci_unrelated_action_filter1,X-61-2013,생산기계 설비 조립 및 설치 시의 리스크 평가지침,domain_specific,field_control,photo_actionable,4,WP-X61-02,운반 장비 선정 및 상차·운반,운반 장비 선정 및 상차·운반,4.6.1,X-61-2013,present_in_base_ttl_same_guide
ci_unrelated_action_filter1,X-61-2013,생산기계 설비 조립 및 설치 시의 리스크 평가지침,domain_specific,field_control,photo_actionable,5,WP-X61-05,조립·설치 장소 확인 및 준비,조립·설치 장소 확인 및 준비,4.6.2,X-61-2013,present_in_base_ttl_same_guide
ci_unrelated_action_filter1,X-61-2013,생산기계 설비 조립 및 설치 시의 리스크 평가지침,domain_specific,field_control,photo_actionable,6,WP-X61-07,본 조립 및 설치,본 조립 및 설치,4.6.2,X-61-2013,present_in_base_ttl_same_guide
ci_unrelated_action_filter1,X-61-2013,생산기계 설비 조립 및 설치 시의 리스크 평가지침,domain_specific,field_control,photo_actionable,7,WP-X61-09,이전설치 및 구조변경,이전설치 및 구조변경,4.8,X-61-2013,present_in_base_ttl_same_guide
ci_unrelated_action_filter1,X-62-2013,생산설비 화재 대응 시의 리스크 평가지침,domain_specific,field_control,photo_actionable,1,WP-X62-05,화재 리스크 수준 판정,화재 리스크 수준 판정,부록 1,X-62-2013,present_in_base_ttl_same_guide
ci_unrelated_action_filter1,X-62-2013,생산설비 화재 대응 시의 리스크 평가지침,domain_specific,field_control,photo_actionable,2,WP-X62-04,사고 대응 종료시 리스크 평가,사고 대응 종료시 리스크 평가,5.4,X-62-2013,present_in_base_ttl_same_guide
ci_unrelated_action_filter1,X-62-2013,생산설비 화재 대응 시의 리스크 평가지침,domain_specific,field_control,photo_actionable,3,WP-X62-01,화재 리스크 사전 평가,화재 리스크 사전 평가,4,X-62-2013,present_in_base_ttl_same_guide
ci_unrelated_action_filter1,X-62-2013,생산설비 화재 대응 시의 리스크 평가지침,domain_specific,field_control,photo_actionable,4,WP-X62-02,사고 초기 리스크 평가,사고 초기 리스크 평가,5.2,X-62-2013,present_in_base_ttl_same_guide
ci_unrelated_action_filter1,X-62-2013,생산설비 화재 대응 시의 리스크 평가지침,domain_specific,field_control,photo_actionable,5,WP-X62-03,사고 전개 중 리스크 평가,사고 전개 중 리스크 평가,5.3,X-62-2013,present_in_base_ttl_same_guide
ci_unrelated_action_filter1,X-63-2013,생산설비 폭발 대응 시의 리스크 평가지침,domain_specific,risk_method,photo_unmatchable,1,WP-X63-03,사고 전개 중 리스크 평가,사고 전개 중 리스크 평가,5.3,X-63-2013,present_in_base_ttl_same_guide
ci_unrelated_action_filter1,X-63-2013,생산설비 폭발 대응 시의 리스크 평가지침,domain_specific,risk_method,photo_unmatchable,2,WP-X63-04,사고 대응 종료시 리스크 평가,사고 대응 종료시 리스크 평가,5.4,X-63-2013,present_in_base_ttl_same_guide
ci_unrelated_action_filter1,X-63-2013,생산설비 폭발 대응 시의 리스크 평가지침,domain_specific,risk_method,photo_unmatchable,3,WP-X63-01,폭발 리스크 사전 평가,폭발 리스크 사전 평가,4,X-63-2013,present_in_base_ttl_same_guide
ci_unrelated_action_filter1,X-63-2013,생산설비 폭발 대응 시의 리스크 평가지침,domain_specific,risk_method,photo_unmatchable,4,WP-X63-02,사고 초기 리스크 평가,사고 초기 리스크 평가,5.2,X-63-2013,present_in_base_ttl_same_guide
ci_unrelated_action_filter1,X-65-2013,생산설비 보전작업 시의 리스크 평가지침,domain_specific,field_control,photo_actionable,1,WP-X65-01,작업 준비 (1단계),작업 준비 (1단계),4.3(b),X-65-2013,present_in_base_ttl_same_guide
ci_unrelated_action_filter1,X-65-2013,생산설비 보전작업 시의 리스크 평가지침,domain_specific,field_control,photo_actionable,2,WP-X65-03,작업 종료 및 마무리 (3단계),작업 종료 및 마무리 (3단계),4.3(b),X-65-2013,present_in_base_ttl_same_guide
ci_unrelated_action_filter1,X-65-2013,생산설비 보전작업 시의 리스크 평가지침,domain_specific,field_control,photo_actionable,3,WP-X65-06,작업 후 리스크 평가,작업 후 리스크 평가,5.5.3,X-65-2013,present_in_base_ttl_same_guide
ci_unrelated_action_filter1,X-66-2013,생산관련 물류작업 시의 리스크 평가지침,domain_specific,field_control,photo_actionable,1,WP-X66-01,포장 단계,포장 단계,4.2,X-66-2013,present_in_base_ttl_same_guide
ci_unrelated_action_filter1,X-66-2013,생산관련 물류작업 시의 리스크 평가지침,domain_specific,field_control,photo_actionable,2,WP-X66-15,상차 단계 리스크 평가,상차 단계 리스크 평가,6.2,X-66-2013,present_in_base_ttl_same_guide
ci_unrelated_action_filter1,X-66-2013,생산관련 물류작업 시의 리스크 평가지침,domain_specific,field_control,photo_actionable,3,WP-X66-02,상차 단계,상차 단계,4.2,X-66-2013,present_in_base_ttl_same_guide
ci_unrelated_action_filter1,X-66-2013,생산관련 물류작업 시의 리스크 평가지침,domain_specific,field_control,photo_actionable,4,WP-X66-04,하차 단계,하차 단계,4.2,X-66-2013,present_in_base_ttl_same_guide
ci_unrelated_action_filter1,X-66-2013,생산관련 물류작업 시의 리스크 평가지침,domain_specific,field_control,photo_actionable,5,WP-X66-05,적재 및 보관 단계,적재 및 보관 단계,4.2,X-66-2013,present_in_base_ttl_same_guide
ci_unrelated_action_filter1,X-66-2013,생산관련 물류작업 시의 리스크 평가지침,domain_specific,field_control,photo_actionable,6,WP-X66-14,포장 단계 리스크 평가,포장 단계 리스크 평가,6.1,X-66-2013,present_in_base_ttl_same_guide
ci_unrelated_action_filter1,X-66-2013,생산관련 물류작업 시의 리스크 평가지침,domain_specific,field_control,photo_actionable,7,WP-X66-16,운송 단계 리스크 평가,운송 단계 리스크 평가,6.3,X-66-2013,present_in_base_ttl_same_guide
ci_unrelated_action_filter1,X-66-2013,생산관련 물류작업 시의 리스크 평가지침,domain_specific,field_control,photo_actionable,8,WP-X66-17,하차 단계 리스크 평가,하차 단계 리스크 평가,6.4,X-66-2013,present_in_base_ttl_same_guide
ci_unrelated_action_filter1,X-68-2015,밀폐공간 위험관리에 관한 기술지침,exclusive,measurement_analysis,photo_unmatchable,1,WP-X68-26,내부구조법 실행,내부구조법 실행,7.4,X-68-2015,present_in_base_ttl_same_guide
ci_unrelated_action_filter1,X-68-2015,밀폐공간 위험관리에 관한 기술지침,exclusive,measurement_analysis,photo_unmatchable,2,WP-X68-29,구조장비 준비,구조장비 준비,7.7,X-68-2015,present_in_base_ttl_same_guide
ci_unrelated_action_filter1,X-68-2015,밀폐공간 위험관리에 관한 기술지침,exclusive,measurement_analysis,photo_unmatchable,3,WP-X68-03,작업허가 신청 및 승인,작업허가 신청 및 승인,6.2,X-68-2015,present_in_base_ttl_same_guide
ci_unrelated_action_filter1,X-68-2015,밀폐공간 위험관리에 관한 기술지침,exclusive,measurement_analysis,photo_unmatchable,4,WP-X68-01,밀폐공간 현황 파악 및 분류,밀폐공간 현황 파악 및 분류,4.2,X-68-2015,present_in_base_ttl_same_guide
ci_unrelated_action_filter1,X-68-2015,밀폐공간 위험관리에 관한 기술지침,exclusive,measurement_analysis,photo_unmatchable,5,WP-X68-02,유해·위험요인 분석,유해·위험요인 분석,5,X-68-2015,present_in_base_ttl_same_guide
ci_unrelated_action_filter1,X-68-2015,밀폐공간 위험관리에 관한 기술지침,exclusive,measurement_analysis,photo_unmatchable,6,WP-X68-04,밀폐공간 출입 전 확인,밀폐공간 출입 전 확인,6.1,X-68-2015,present_in_base_ttl_same_guide
ci_unrelated_action_filter1,X-68-2015,밀폐공간 위험관리에 관한 기술지침,exclusive,measurement_analysis,photo_unmatchable,7,WP-X68-05,안전작업 수행,안전작업 수행,6.3,X-68-2015,present_in_base_ttl_same_guide
ci_unrelated_action_filter1,X-68-2015,밀폐공간 위험관리에 관한 기술지침,exclusive,measurement_analysis,photo_unmatchable,8,WP-X68-06,유해공기 농도측정 및 환기,유해공기 농도측정 및 환기,6.4,X-68-2015,present_in_base_ttl_same_guide
ci_unrelated_action_filter1,X-69-2016,제어실 운전원 휴먼에러확률 예측기법(THERP)에 관한 기술지침,domain_specific,measurement_analysis,photo_unmatchable,1,WP-X69-01,시스템 이해 및 인간 작업 나열,시스템 이해 및 인간 작업 나열,5.2,X-69-2016,present_in_base_ttl_same_guide
ci_unrelated_action_filter1,X-69-2016,제어실 운전원 휴먼에러확률 예측기법(THERP)에 관한 기술지침,domain_specific,measurement_analysis,photo_unmatchable,2,WP-X69-03,기본 휴먼에러확률 할당,기본 휴먼에러확률 할당,5.2,X-69-2016,present_in_base_ttl_same_guide
ci_unrelated_action_filter1,X-69-2016,제어실 운전원 휴먼에러확률 예측기법(THERP)에 관한 기술지침,domain_specific,measurement_analysis,photo_unmatchable,3,WP-X69-06,최종 휴먼에러확률 계산,최종 휴먼에러확률 계산,5.2,X-69-2016,present_in_base_ttl_same_guide
ci_unrelated_action_filter1,X-69-2016,제어실 운전원 휴먼에러확률 예측기법(THERP)에 관한 기술지침,domain_specific,measurement_analysis,photo_unmatchable,4,WP-X69-04,행동형성요인 영향 반영 및 확률 조정,행동형성요인 영향 반영 및 확률 조정,5.2,X-69-2016,present_in_base_ttl_same_guide
ci_unrelated_action_filter1,X-69-2016,제어실 운전원 휴먼에러확률 예측기법(THERP)에 관한 기술지침,domain_specific,measurement_analysis,photo_unmatchable,5,WP-X69-05,직무간 의존성 반영 및 확률 조정,직무간 의존성 반영 및 확률 조정,5.2,X-69-2016,present_in_base_ttl_same_guide
ci_unrelated_action_filter1,X-69-2016,제어실 운전원 휴먼에러확률 예측기법(THERP)에 관한 기술지침,domain_specific,measurement_analysis,photo_unmatchable,6,WP-X69-07,시스템 영향 결정 및 PSA 수행,시스템 영향 결정 및 PSA 수행,5.2,X-69-2016,present_in_base_ttl_same_guide
ci_unrelated_action_filter1,X-70-2016,운전원 행동분석(OAT)에 관한 기술지침,domain_specific,measurement_analysis,photo_unmatchable,1,WP-X70-03,경보·정보 표시장치 및 가용시간 확인,경보·정보 표시장치 및 가용시간 확인,5.1,X-70-2016,present_in_base_ttl_same_guide
ci_unrelated_action_filter1,X-70-2016,운전원 행동분석(OAT)에 관한 기술지침,domain_specific,measurement_analysis,photo_unmatchable,2,WP-X70-02,사상수목(Event Tree) 구성,사상수목(Event Tree) 구성,5.1,X-70-2016,present_in_base_ttl_same_guide
ci_unrelated_action_filter1,X-70-2016,운전원 행동분석(OAT)에 관한 기술지침,domain_specific,measurement_analysis,photo_unmatchable,3,WP-X70-04,사상수목/결합수목에 휴민에러 표현,사상수목/결합수목에 휴민에러 표현,5.1,X-70-2016,present_in_base_ttl_same_guide
ci_unrelated_action_filter1,X-70-2016,운전원 행동분석(OAT)에 관한 기술지침,domain_specific,measurement_analysis,photo_unmatchable,4,WP-X70-05,휴민에러확률 추정,휴민에러확률 추정,5.1,X-70-2016,present_in_base_ttl_same_guide
ci_unrelated_action_filter1,X-71-2016,인지신뢰도 및 휴먼에러분석기법(CREAM)에 관한 기술지침,domain_specific,measurement_analysis,photo_unmatchable,1,WP-X71-01,사상연쇄의 구성 – 수행절차의 파악,사상연쇄의 구성 – 수행절차의 파악,5.2(1),X-71-2016,present_in_base_ttl_same_guide
ci_unrelated_action_filter1,X-71-2016,인지신뢰도 및 휴먼에러분석기법(CREAM)에 관한 기술지침,domain_specific,measurement_analysis,photo_unmatchable,2,WP-X71-02,상황요인분석 – 공통행동조건(CPCs) 평가,상황요인분석 – 공통행동조건(CPCs) 평가,5.2(2),X-71-2016,present_in_base_ttl_same_guide
ci_unrelated_action_filter1,X-71-2016,인지신뢰도 및 휴먼에러분석기법(CREAM)에 관한 기술지침,domain_specific,measurement_analysis,photo_unmatchable,3,WP-X71-03,개연적 제어모드 결정,개연적 제어모드 결정,5.2(3),X-71-2016,present_in_base_ttl_same_guide
ci_unrelated_action_filter1,X-71-2016,인지신뢰도 및 휴먼에러분석기법(CREAM)에 관한 기술지침,domain_specific,measurement_analysis,photo_unmatchable,4,WP-X71-04,인지직무유형의 설정,인지직무유형의 설정,5.2(4),X-71-2016,present_in_base_ttl_same_guide
ci_unrelated_action_filter1,X-71-2016,인지신뢰도 및 휴먼에러분석기법(CREAM)에 관한 기술지침,domain_specific,measurement_analysis,photo_unmatchable,5,WP-X71-05,예상 인지기능에러의 파악,예상 인지기능에러의 파악,5.2(5),X-71-2016,present_in_base_ttl_same_guide
ci_unrelated_action_filter1,X-71-2016,인지신뢰도 및 휴먼에러분석기법(CREAM)에 관한 기술지침,domain_specific,measurement_analysis,photo_unmatchable,6,WP-X71-06,행동에러확률의 결정,행동에러확률의 결정,5.2(6),X-71-2016,present_in_base_ttl_same_guide
ci_unrelated_action_filter1,X-72-2017,휴먼에러의 체계적 예측 및 저감 방법(SHERPA)에 관한 지침,domain_specific,measurement_analysis,photo_unmatchable,1,WP-X72-03,휴먼에러 확인,휴먼에러 확인,5.3,X-72-2017,present_in_base_ttl_same_guide
ci_unrelated_action_filter1,X-72-2017,휴먼에러의 체계적 예측 및 저감 방법(SHERPA)에 관한 지침,domain_specific,measurement_analysis,photo_unmatchable,2,WP-X72-01,계층적 작업분석,계층적 작업분석,5.1,X-72-2017,present_in_base_ttl_same_guide
ci_unrelated_action_filter1,X-72-2017,휴먼에러의 체계적 예측 및 저감 방법(SHERPA)에 관한 지침,domain_specific,measurement_analysis,photo_unmatchable,3,WP-X72-02,작업 분류,작업 분류,5.2,X-72-2017,present_in_base_ttl_same_guide
ci_unrelated_action_filter1,X-72-2017,휴먼에러의 체계적 예측 및 저감 방법(SHERPA)에 관한 지침,domain_specific,measurement_analysis,photo_unmatchable,4,WP-X72-05,복구 방법 분석,복구 방법 분석,5.5,X-72-2017,present_in_base_ttl_same_guide
ci_unrelated_action_filter1,X-72-2017,휴먼에러의 체계적 예측 및 저감 방법(SHERPA)에 관한 지침,domain_specific,measurement_analysis,photo_unmatchable,5,WP-X72-07,치명도 분석,치명도 분석,5.7,X-72-2017,present_in_base_ttl_same_guide
ci_unrelated_action_filter1,X-73-2017,휴먼에러에 대한 위험과 운전분석 기법(Human error HAZOP)에 관한 지침,domain_specific,measurement_analysis,photo_unmatchable,1,WP-X73-03,가이드워드 검토,가이드워드 검토,5.3,X-73-2017,present_in_base_ttl_same_guide
ci_unrelated_action_filter1,X-73-2017,휴먼에러에 대한 위험과 운전분석 기법(Human error HAZOP)에 관한 지침,domain_specific,measurement_analysis,photo_unmatchable,2,WP-X73-04,에러(이탈) 설명,에러(이탈) 설명,5.4,X-73-2017,present_in_base_ttl_same_guide
ci_unrelated_action_filter1,X-73-2017,휴먼에러에 대한 위험과 운전분석 기법(Human error HAZOP)에 관한 지침,domain_specific,measurement_analysis,photo_unmatchable,3,WP-X73-01,팀 구성,팀 구성,5.1,X-73-2017,present_in_base_ttl_same_guide
ci_unrelated_action_filter1,X-73-2017,휴먼에러에 대한 위험과 운전분석 기법(Human error HAZOP)에 관한 지침,domain_specific,measurement_analysis,photo_unmatchable,4,WP-X73-02,계층적 작업분석,계층적 작업분석,5.2,X-73-2017,present_in_base_ttl_same_guide
ci_unrelated_action_filter1,X-74-2017,휴먼에러의 정량적 평가 및 저감 기법(HEART)에 관한 지침,domain_specific,measurement_analysis,photo_unmatchable,1,WP-X74-04,인간 비신뢰도에 따른 작업 분류,인간 비신뢰도에 따른 작업 분류,5.4,X-74-2017,present_in_base_ttl_same_guide
ci_unrelated_action_filter1,X-74-2017,휴먼에러의 정량적 평가 및 저감 기법(HEART)에 관한 지침,domain_specific,measurement_analysis,photo_unmatchable,2,WP-X74-06,영향 비율 평가,영향 비율 평가,5.6,X-74-2017,present_in_base_ttl_same_guide
ci_unrelated_action_filter1,X-74-2017,휴먼에러의 정량적 평가 및 저감 기법(HEART)에 관한 지침,domain_specific,measurement_analysis,photo_unmatchable,3,WP-X74-07,영향 평가,영향 평가,5.7,X-74-2017,present_in_base_ttl_same_guide
ci_unrelated_action_filter1,X-74-2017,휴먼에러의 정량적 평가 및 저감 기법(HEART)에 관한 지침,domain_specific,measurement_analysis,photo_unmatchable,4,WP-X74-08,휴먼에러 확률 계산,휴먼에러 확률 계산,5.8,X-74-2017,present_in_base_ttl_same_guide
ci_unrelated_action_filter1,X-74-2017,휴먼에러의 정량적 평가 및 저감 기법(HEART)에 관한 지침,domain_specific,measurement_analysis,photo_unmatchable,5,WP-X74-03,선별 절차 수행,선별 절차 수행,5.3,X-74-2017,present_in_base_ttl_same_guide
ci_unrelated_action_filter1,X-74-2017,휴먼에러의 정량적 평가 및 저감 기법(HEART)에 관한 지침,domain_specific,measurement_analysis,photo_unmatchable,6,WP-X74-05,에러발생조건 확인,에러발생조건 확인,5.5,X-74-2017,present_in_base_ttl_same_guide
ci_unrelated_action_filter1,X-76-2018,안전관련 시스템의 공통원인고장의 영향 정량화에 관한 기술지침,exclusive,field_control,photo_actionable,1,WP-X76-01,공통원인고장의 주요 원인 분석,공통원인고장의 주요 원인 분석,4.1,X-76-2018,present_in_base_ttl_same_guide
ci_unrelated_action_filter1,X-76-2018,안전관련 시스템의 공통원인고장의 영향 정량화에 관한 기술지침,exclusive,field_control,photo_actionable,2,WP-X76-03,β-factor 점수표(표 1) 평가,β-factor 점수표(표 1) 평가,5.3,X-76-2018,present_in_base_ttl_same_guide
ci_unrelated_action_filter1,X-76-2018,안전관련 시스템의 공통원인고장의 영향 정량화에 관한 기술지침,exclusive,field_control,photo_actionable,3,WP-X76-04,Z factor 결정,Z factor 결정,5.3,X-76-2018,present_in_base_ttl_same_guide
ci_unrelated_action_filter1,X-76-2018,안전관련 시스템의 공통원인고장의 영향 정량화에 관한 기술지침,exclusive,field_control,photo_actionable,4,WP-X76-06,공통원인고장 확률 계산,공통원인고장 확률 계산,5.2,X-76-2018,present_in_base_ttl_same_guide
ci_unrelated_action_filter1,X-76-2018,안전관련 시스템의 공통원인고장의 영향 정량화에 관한 기술지침,exclusive,field_control,photo_actionable,5,WP-X76-02,잠재적 공통원인고장 감소 방법 적용,잠재적 공통원인고장 감소 방법 적용,4.2,X-76-2018,present_in_base_ttl_same_guide
ci_unrelated_action_filter1,X-76-2018,안전관련 시스템의 공통원인고장의 영향 정량화에 관한 기술지침,exclusive,field_control,photo_actionable,6,WP-X76-05,β값 및 βD값 결정,β값 및 βD값 결정,5.3,X-76-2018,present_in_base_ttl_same_guide
ci_unrelated_action_filter1,X-77-2018,안전관련 시스템의 하드웨어 고장확률 계산에 관한 기술지침,exclusive,field_control,photo_actionable,1,WP-X77-40,안전계장기능의 안전무결성 수준(SIL) 검증 절차,안전계장기능의 안전무결성 수준(SIL) 검증 절차,부록,X-77-2018,present_in_base_ttl_same_guide
ci_unrelated_action_filter1,X-77-2018,안전관련 시스템의 하드웨어 고장확률 계산에 관한 기술지침,exclusive,field_control,photo_actionable,2,WP-X77-01,신뢰도 블록다이어그램(RBD) 구성,신뢰도 블록다이어그램(RBD) 구성,4.1,X-77-2018,present_in_base_ttl_same_guide
ci_unrelated_action_filter1,X-77-2018,안전관련 시스템의 하드웨어 고장확률 계산에 관한 기술지침,exclusive,field_control,photo_actionable,3,WP-X77-10,계산 가정사항 확인,계산 가정사항 확인,계산 시에 필요한 가정,X-77-2018,present_in_base_ttl_same_guide
ci_unrelated_action_filter1,X-77-2018,안전관련 시스템의 하드웨어 고장확률 계산에 관한 기술지침,exclusive,field_control,photo_actionable,4,WP-X77-13,전체 안전계장기능 PFD 계산,전체 안전계장기능 PFD 계산,계산 과정,X-77-2018,present_in_base_ttl_same_guide
ci_unrelated_action_filter1,X-77-2018,안전관련 시스템의 하드웨어 고장확률 계산에 관한 기술지침,exclusive,field_control,photo_actionable,5,WP-X77-15,안전기능 보강 (SIL 미충족 시),안전기능 보강 (SIL 미충족 시),하부시스템의 안전기능 보강,X-77-2018,present_in_base_ttl_same_guide
ci_unrelated_action_filter1,X-77-2018,안전관련 시스템의 하드웨어 고장확률 계산에 관한 기술지침,exclusive,field_control,photo_actionable,6,WP-X77-14,안전무결성수준(SIL) 충족 검증,안전무결성수준(SIL) 충족 검증,안전계장기능에 대한 안전무결성수준(SIL) 충족 검증,X-77-2018,present_in_base_ttl_same_guide
ci_unrelated_action_filter1,X-77-2018,안전관련 시스템의 하드웨어 고장확률 계산에 관한 기술지침,exclusive,field_control,photo_actionable,7,WP-X77-02,고장형태 분류,고장형태 분류,4.2,X-77-2018,present_in_base_ttl_same_guide
ci_unrelated_action_filter1,X-77-2018,안전관련 시스템의 하드웨어 고장확률 계산에 관한 기술지침,exclusive,field_control,photo_actionable,8,WP-X77-03,하부시스템 구조 결정 및 SFF/HFT 평가,하부시스템 구조 결정 및 SFF/HFT 평가,4.3,X-77-2018,present_in_base_ttl_same_guide
ci_unrelated_action_filter1,X-78-2018,LNG 및 인화성가스 저장탱크의 위험성평가에 관한 기술지침,exclusive,risk_method,photo_unmatchable,1,WP-X78-02,2단계: 저장탱크 배치도 결정 단계 위험성평가,2단계: 저장탱크 배치도 결정 단계 위험성평가,4.2,X-78-2018,present_in_base_ttl_same_guide
ci_unrelated_action_filter1,X-78-2018,LNG 및 인화성가스 저장탱크의 위험성평가에 관한 기술지침,exclusive,risk_method,photo_unmatchable,2,WP-X78-04,4단계: 저장탱크 운전 단계 위험성평가,4단계: 저장탱크 운전 단계 위험성평가,4.4,X-78-2018,present_in_base_ttl_same_guide
ci_unrelated_action_filter1,X-78-2018,LNG 및 인화성가스 저장탱크의 위험성평가에 관한 기술지침,exclusive,risk_method,photo_unmatchable,3,WP-X78-01,1단계: 부지 선정 단계 위험성평가,1단계: 부지 선정 단계 위험성평가,4.1,X-78-2018,present_in_base_ttl_same_guide
ci_unrelated_action_filter1,X-78-2018,LNG 및 인화성가스 저장탱크의 위험성평가에 관한 기술지침,exclusive,risk_method,photo_unmatchable,4,WP-X78-03,3단계: 저장탱크 설계 및 건설 단계 위험성평가,3단계: 저장탱크 설계 및 건설 단계 위험성평가,4.3,X-78-2018,present_in_base_ttl_same_guide
ci_unrelated_action_filter1,X-8-2012,예비위험분석에 관한 지침,domain_specific,measurement_analysis,photo_unmatchable,1,WP-X8-01,검토의 준비,검토의 준비,5.(1),X-8-2012,present_in_base_ttl_same_guide
ci_unrelated_action_filter1,X-8-2012,예비위험분석에 관한 지침,domain_specific,measurement_analysis,photo_unmatchable,2,WP-X8-02,검토 수행,검토 수행,5.(2),X-8-2012,present_in_base_ttl_same_guide
ci_unrelated_action_filter1,X-9-2012,온열 작업환경에서의 불편감 예방을 위한 리스크평가 지침,domain_specific,measurement_analysis,photo_unmatchable,1,WP-X9-02,일반적 분석 (단계 2),일반적 분석 (단계 2),7,X-9-2012,present_in_base_ttl_same_guide
ci_unrelated_action_filter1,X-9-2012,온열 작업환경에서의 불편감 예방을 위한 리스크평가 지침,domain_specific,measurement_analysis,photo_unmatchable,2,WP-X9-03,전문적 분석 (단계 3),전문적 분석 (단계 3),8,X-9-2012,present_in_base_ttl_same_guide
